USE [CASTILLONV2]
GO
/****** Object:  Table [dbo].[AREA]    Script Date: 27/06/2026 22:21:23 ******/
SET ANSI_NULLS ON
GO
SET QUOTED_IDENTIFIER ON
GO
CREATE TABLE [dbo].[AREA](
	[IDAREA] [int] IDENTITY(1,1) NOT NULL,
	[NOMAREA] [varchar](80) NULL,
	[ESTADO] [char](1) NULL,
PRIMARY KEY CLUSTERED 
(
	[IDAREA] ASC
)WITH (PAD_INDEX = OFF, STATISTICS_NORECOMPUTE = OFF, IGNORE_DUP_KEY = OFF, ALLOW_ROW_LOCKS = ON, ALLOW_PAGE_LOCKS = ON, OPTIMIZE_FOR_SEQUENTIAL_KEY = OFF) ON [PRIMARY]
) ON [PRIMARY]
GO
/****** Object:  Table [dbo].[BANCO]    Script Date: 27/06/2026 22:21:23 ******/
SET ANSI_NULLS ON
GO
SET QUOTED_IDENTIFIER ON
GO
CREATE TABLE [dbo].[BANCO](
	[IDBANCO] [int] IDENTITY(1,1) NOT NULL,
	[NOMBANCO] [varchar](90) NULL,
	[ESTADO] [char](1) NULL,
PRIMARY KEY CLUSTERED 
(
	[IDBANCO] ASC
)WITH (PAD_INDEX = OFF, STATISTICS_NORECOMPUTE = OFF, IGNORE_DUP_KEY = OFF, ALLOW_ROW_LOCKS = ON, ALLOW_PAGE_LOCKS = ON, OPTIMIZE_FOR_SEQUENTIAL_KEY = OFF) ON [PRIMARY]
) ON [PRIMARY]
GO
/****** Object:  Table [dbo].[BOLETA]    Script Date: 27/06/2026 22:21:23 ******/
SET ANSI_NULLS ON
GO
SET QUOTED_IDENTIFIER ON
GO
CREATE TABLE [dbo].[BOLETA](
	[IDBOLETA] [int] IDENTITY(1,1) NOT NULL,
	[IDVENTAS] [int] NULL,
	[FECHAEMISION] [datetime] NULL,
	[NUMERO] [char](4) NULL,
	[SERIE] [char](6) NULL,
	[ESTADO] [char](1) NULL,
PRIMARY KEY CLUSTERED 
(
	[IDBOLETA] ASC
)WITH (PAD_INDEX = OFF, STATISTICS_NORECOMPUTE = OFF, IGNORE_DUP_KEY = OFF, ALLOW_ROW_LOCKS = ON, ALLOW_PAGE_LOCKS = ON, OPTIMIZE_FOR_SEQUENTIAL_KEY = OFF) ON [PRIMARY]
) ON [PRIMARY]
GO
/****** Object:  Table [dbo].[CARGO]    Script Date: 27/06/2026 22:21:23 ******/
SET ANSI_NULLS ON
GO
SET QUOTED_IDENTIFIER ON
GO
CREATE TABLE [dbo].[CARGO](
	[IDCARGO] [int] IDENTITY(1,1) NOT NULL,
	[NOMCARGO] [nvarchar](90) NULL,
	[ESTADO] [char](1) NULL,
PRIMARY KEY CLUSTERED 
(
	[IDCARGO] ASC
)WITH (PAD_INDEX = OFF, STATISTICS_NORECOMPUTE = OFF, IGNORE_DUP_KEY = OFF, ALLOW_ROW_LOCKS = ON, ALLOW_PAGE_LOCKS = ON, OPTIMIZE_FOR_SEQUENTIAL_KEY = OFF) ON [PRIMARY]
) ON [PRIMARY]
GO
/****** Object:  Table [dbo].[CATEGORIA]    Script Date: 27/06/2026 22:21:23 ******/
SET ANSI_NULLS ON
GO
SET QUOTED_IDENTIFIER ON
GO
CREATE TABLE [dbo].[CATEGORIA](
	[IDCATEGORIA] [int] IDENTITY(1,1) NOT NULL,
	[NOMCATEGORIA] [varchar](80) NULL,
	[ESTADO] [char](1) NULL,
PRIMARY KEY CLUSTERED 
(
	[IDCATEGORIA] ASC
)WITH (PAD_INDEX = OFF, STATISTICS_NORECOMPUTE = OFF, IGNORE_DUP_KEY = OFF, ALLOW_ROW_LOCKS = ON, ALLOW_PAGE_LOCKS = ON, OPTIMIZE_FOR_SEQUENTIAL_KEY = OFF) ON [PRIMARY]
) ON [PRIMARY]
GO
/****** Object:  Table [dbo].[CLIENTE]    Script Date: 27/06/2026 22:21:23 ******/
SET ANSI_NULLS ON
GO
SET QUOTED_IDENTIFIER ON
GO
CREATE TABLE [dbo].[CLIENTE](
	[IDCLIENTE] [int] IDENTITY(1,1) NOT NULL,
	[IDPERSONA] [int] NULL,
	[IDEMPRESA] [int] NULL,
	[ESTADO] [char](1) NULL,
PRIMARY KEY CLUSTERED 
(
	[IDCLIENTE] ASC
)WITH (PAD_INDEX = OFF, STATISTICS_NORECOMPUTE = OFF, IGNORE_DUP_KEY = OFF, ALLOW_ROW_LOCKS = ON, ALLOW_PAGE_LOCKS = ON, OPTIMIZE_FOR_SEQUENTIAL_KEY = OFF) ON [PRIMARY]
) ON [PRIMARY]
GO
/****** Object:  Table [dbo].[CONTRATO]    Script Date: 27/06/2026 22:21:23 ******/
SET ANSI_NULLS ON
GO
SET QUOTED_IDENTIFIER ON
GO
CREATE TABLE [dbo].[CONTRATO](
	[IDCONTRATO] [int] IDENTITY(1,1) NOT NULL,
	[NOMCONTRATO] [nvarchar](90) NULL,
	[ESTADO] [char](1) NULL,
PRIMARY KEY CLUSTERED 
(
	[IDCONTRATO] ASC
)WITH (PAD_INDEX = OFF, STATISTICS_NORECOMPUTE = OFF, IGNORE_DUP_KEY = OFF, ALLOW_ROW_LOCKS = ON, ALLOW_PAGE_LOCKS = ON, OPTIMIZE_FOR_SEQUENTIAL_KEY = OFF) ON [PRIMARY]
) ON [PRIMARY]
GO
/****** Object:  Table [dbo].[DEPARTAMENTO]    Script Date: 27/06/2026 22:21:23 ******/
SET ANSI_NULLS ON
GO
SET QUOTED_IDENTIFIER ON
GO
CREATE TABLE [dbo].[DEPARTAMENTO](
	[IDDepartamento] [int] IDENTITY(1,1) NOT NULL,
	[NOMDEPARTAMENTO] [varchar](70) NULL,
	[ESTADO] [char](1) NULL,
PRIMARY KEY CLUSTERED 
(
	[IDDepartamento] ASC
)WITH (PAD_INDEX = OFF, STATISTICS_NORECOMPUTE = OFF, IGNORE_DUP_KEY = OFF, ALLOW_ROW_LOCKS = ON, ALLOW_PAGE_LOCKS = ON, OPTIMIZE_FOR_SEQUENTIAL_KEY = OFF) ON [PRIMARY]
) ON [PRIMARY]
GO
/****** Object:  Table [dbo].[DETALLE_PEDIDO]    Script Date: 27/06/2026 22:21:23 ******/
SET ANSI_NULLS ON
GO
SET QUOTED_IDENTIFIER ON
GO
CREATE TABLE [dbo].[DETALLE_PEDIDO](
	[IDDETALLE_PEDIDO] [int] IDENTITY(1,1) NOT NULL,
	[IDPEDIDO] [int] NULL,
	[IDPRODUCTO] [int] NULL,
	[IDAREA] [int] NULL,
	[IDUSUARIO] [int] NULL,
	[CANTIDAD] [int] NULL,
	[PRECIO] [decimal](6, 2) NULL,
	[ESTADO] [char](1) NULL,
PRIMARY KEY CLUSTERED 
(
	[IDDETALLE_PEDIDO] ASC
)WITH (PAD_INDEX = OFF, STATISTICS_NORECOMPUTE = OFF, IGNORE_DUP_KEY = OFF, ALLOW_ROW_LOCKS = ON, ALLOW_PAGE_LOCKS = ON, OPTIMIZE_FOR_SEQUENTIAL_KEY = OFF) ON [PRIMARY]
) ON [PRIMARY]
GO
/****** Object:  Table [dbo].[DEUDA_GENERADA]    Script Date: 27/06/2026 22:21:23 ******/
SET ANSI_NULLS ON
GO
SET QUOTED_IDENTIFIER ON
GO
CREATE TABLE [dbo].[DEUDA_GENERADA](
	[IDDEUDA_GENERADA] [int] IDENTITY(1,1) NOT NULL,
	[IDVENTAS] [int] NULL,
	[DESCRIPCION] [varchar](90) NULL,
	[ESTADO] [char](1) NULL,
PRIMARY KEY CLUSTERED 
(
	[IDDEUDA_GENERADA] ASC
)WITH (PAD_INDEX = OFF, STATISTICS_NORECOMPUTE = OFF, IGNORE_DUP_KEY = OFF, ALLOW_ROW_LOCKS = ON, ALLOW_PAGE_LOCKS = ON, OPTIMIZE_FOR_SEQUENTIAL_KEY = OFF) ON [PRIMARY]
) ON [PRIMARY]
GO
/****** Object:  Table [dbo].[DISTRITO]    Script Date: 27/06/2026 22:21:23 ******/
SET ANSI_NULLS ON
GO
SET QUOTED_IDENTIFIER ON
GO
CREATE TABLE [dbo].[DISTRITO](
	[IDDISTRITO] [int] IDENTITY(1,1) NOT NULL,
	[IDPROVINCIA] [int] NULL,
	[NOMDISTRITO] [varchar](70) NULL,
	[ESTADO] [char](1) NULL,
PRIMARY KEY CLUSTERED 
(
	[IDDISTRITO] ASC
)WITH (PAD_INDEX = OFF, STATISTICS_NORECOMPUTE = OFF, IGNORE_DUP_KEY = OFF, ALLOW_ROW_LOCKS = ON, ALLOW_PAGE_LOCKS = ON, OPTIMIZE_FOR_SEQUENTIAL_KEY = OFF) ON [PRIMARY]
) ON [PRIMARY]
GO
/****** Object:  Table [dbo].[EGRESO]    Script Date: 27/06/2026 22:21:23 ******/
SET ANSI_NULLS ON
GO
SET QUOTED_IDENTIFIER ON
GO
CREATE TABLE [dbo].[EGRESO](
	[IDEGRESO] [int] IDENTITY(1,1) NOT NULL,
	[IDVENTAS] [int] NULL,
	[NUMRECIBO] [char](10) NULL,
	[DETALLE] [varchar](90) NULL,
	[TOTAL] [decimal](6, 2) NULL,
	[ESTADO] [char](1) NULL,
PRIMARY KEY CLUSTERED 
(
	[IDEGRESO] ASC
)WITH (PAD_INDEX = OFF, STATISTICS_NORECOMPUTE = OFF, IGNORE_DUP_KEY = OFF, ALLOW_ROW_LOCKS = ON, ALLOW_PAGE_LOCKS = ON, OPTIMIZE_FOR_SEQUENTIAL_KEY = OFF) ON [PRIMARY]
) ON [PRIMARY]
GO
/****** Object:  Table [dbo].[EMPLEADO]    Script Date: 27/06/2026 22:21:23 ******/
SET ANSI_NULLS ON
GO
SET QUOTED_IDENTIFIER ON
GO
CREATE TABLE [dbo].[EMPLEADO](
	[IDEMPLEADO] [int] IDENTITY(1,1) NOT NULL,
	[IDPERSONA] [int] NULL,
	[IDCONTRATO] [int] NULL,
	[IDCARGO] [int] NULL,
	[SALARIO] [decimal](6, 2) NULL,
	[TURNO] [varchar](90) NULL,
	[ESTADO] [char](1) NULL,
PRIMARY KEY CLUSTERED 
(
	[IDEMPLEADO] ASC
)WITH (PAD_INDEX = OFF, STATISTICS_NORECOMPUTE = OFF, IGNORE_DUP_KEY = OFF, ALLOW_ROW_LOCKS = ON, ALLOW_PAGE_LOCKS = ON, OPTIMIZE_FOR_SEQUENTIAL_KEY = OFF) ON [PRIMARY]
) ON [PRIMARY]
GO
/****** Object:  Table [dbo].[EMPRESA]    Script Date: 27/06/2026 22:21:23 ******/
SET ANSI_NULLS ON
GO
SET QUOTED_IDENTIFIER ON
GO
CREATE TABLE [dbo].[EMPRESA](
	[IDEMPRESA] [int] IDENTITY(1,1) NOT NULL,
	[RUC] [char](11) NULL,
	[RAZON_SOCIAL] [nvarchar](90) NULL,
	[DIRECCION] [nvarchar](90) NULL,
	[TELEFONO] [char](10) NULL,
	[ESTADO] [char](1) NULL,
PRIMARY KEY CLUSTERED 
(
	[IDEMPRESA] ASC
)WITH (PAD_INDEX = OFF, STATISTICS_NORECOMPUTE = OFF, IGNORE_DUP_KEY = OFF, ALLOW_ROW_LOCKS = ON, ALLOW_PAGE_LOCKS = ON, OPTIMIZE_FOR_SEQUENTIAL_KEY = OFF) ON [PRIMARY]
) ON [PRIMARY]
GO
/****** Object:  Table [dbo].[FACTURA]    Script Date: 27/06/2026 22:21:23 ******/
SET ANSI_NULLS ON
GO
SET QUOTED_IDENTIFIER ON
GO
CREATE TABLE [dbo].[FACTURA](
	[IDFACTURA] [int] IDENTITY(1,1) NOT NULL,
	[IDVENTAS] [int] NULL,
	[FECHAEMISION] [datetime] NULL,
	[NUMERO] [char](4) NULL,
	[SERIE] [char](6) NULL,
	[ESTADO] [char](1) NULL,
PRIMARY KEY CLUSTERED 
(
	[IDFACTURA] ASC
)WITH (PAD_INDEX = OFF, STATISTICS_NORECOMPUTE = OFF, IGNORE_DUP_KEY = OFF, ALLOW_ROW_LOCKS = ON, ALLOW_PAGE_LOCKS = ON, OPTIMIZE_FOR_SEQUENTIAL_KEY = OFF) ON [PRIMARY]
) ON [PRIMARY]
GO
/****** Object:  Table [dbo].[INGRESO]    Script Date: 27/06/2026 22:21:23 ******/
SET ANSI_NULLS ON
GO
SET QUOTED_IDENTIFIER ON
GO
CREATE TABLE [dbo].[INGRESO](
	[IDINGRESO] [int] IDENTITY(1,1) NOT NULL,
	[IDDEUDA_GENERADA] [int] NULL,
	[IDBANCO] [int] NULL,
	[FECHAPAGO] [date] NULL,
	[ESTADO] [char](1) NULL,
PRIMARY KEY CLUSTERED 
(
	[IDINGRESO] ASC
)WITH (PAD_INDEX = OFF, STATISTICS_NORECOMPUTE = OFF, IGNORE_DUP_KEY = OFF, ALLOW_ROW_LOCKS = ON, ALLOW_PAGE_LOCKS = ON, OPTIMIZE_FOR_SEQUENTIAL_KEY = OFF) ON [PRIMARY]
) ON [PRIMARY]
GO
/****** Object:  Table [dbo].[MESAS]    Script Date: 27/06/2026 22:21:23 ******/
SET ANSI_NULLS ON
GO
SET QUOTED_IDENTIFIER ON
GO
CREATE TABLE [dbo].[MESAS](
	[IDMESA] [int] IDENTITY(1,1) NOT NULL,
	[NUMPISO] [char](2) NULL,
	[NUNMESA] [char](2) NULL,
	[ESTADO] [char](1) NULL,
PRIMARY KEY CLUSTERED 
(
	[IDMESA] ASC
)WITH (PAD_INDEX = OFF, STATISTICS_NORECOMPUTE = OFF, IGNORE_DUP_KEY = OFF, ALLOW_ROW_LOCKS = ON, ALLOW_PAGE_LOCKS = ON, OPTIMIZE_FOR_SEQUENTIAL_KEY = OFF) ON [PRIMARY]
) ON [PRIMARY]
GO
/****** Object:  Table [dbo].[METODO_PAGO]    Script Date: 27/06/2026 22:21:23 ******/
SET ANSI_NULLS ON
GO
SET QUOTED_IDENTIFIER ON
GO
CREATE TABLE [dbo].[METODO_PAGO](
	[IDMETODO_PAGO] [int] IDENTITY(1,1) NOT NULL,
	[NOMMETODO] [varchar](90) NULL,
	[ESTADO] [char](1) NULL,
PRIMARY KEY CLUSTERED 
(
	[IDMETODO_PAGO] ASC
)WITH (PAD_INDEX = OFF, STATISTICS_NORECOMPUTE = OFF, IGNORE_DUP_KEY = OFF, ALLOW_ROW_LOCKS = ON, ALLOW_PAGE_LOCKS = ON, OPTIMIZE_FOR_SEQUENTIAL_KEY = OFF) ON [PRIMARY]
) ON [PRIMARY]
GO
/****** Object:  Table [dbo].[PEDIDOS]    Script Date: 27/06/2026 22:21:23 ******/
SET ANSI_NULLS ON
GO
SET QUOTED_IDENTIFIER ON
GO
CREATE TABLE [dbo].[PEDIDOS](
	[IDPEDIDO] [int] IDENTITY(1,1) NOT NULL,
	[IDMESA] [int] NULL,
	[FECHA] [date] NULL,
	[ESTADO] [char](1) NULL,
PRIMARY KEY CLUSTERED 
(
	[IDPEDIDO] ASC
)WITH (PAD_INDEX = OFF, STATISTICS_NORECOMPUTE = OFF, IGNORE_DUP_KEY = OFF, ALLOW_ROW_LOCKS = ON, ALLOW_PAGE_LOCKS = ON, OPTIMIZE_FOR_SEQUENTIAL_KEY = OFF) ON [PRIMARY]
) ON [PRIMARY]
GO
/****** Object:  Table [dbo].[PERSONA]    Script Date: 27/06/2026 22:21:23 ******/
SET ANSI_NULLS ON
GO
SET QUOTED_IDENTIFIER ON
GO
CREATE TABLE [dbo].[PERSONA](
	[IDPERSONA] [int] IDENTITY(1,1) NOT NULL,
	[IDDISTRITO] [int] NULL,
	[NOMBRES] [varchar](80) NULL,
	[APEPATERNO] [varchar](70) NULL,
	[APEMATERNO] [varchar](70) NULL,
	[EST_CIVIL] [char](2) NULL,
	[DNI] [char](8) NULL,
	[DIRECCION] [nvarchar](90) NULL,
	[CELULAR] [char](9) NULL,
	[FECNAC] [date] NULL,
	[CORREO] [varchar](80) NULL,
	[ESTADO] [char](1) NULL,
 CONSTRAINT [PK__PERSONA__76CA73C8590F4358] PRIMARY KEY CLUSTERED 
(
	[IDPERSONA] ASC
)WITH (PAD_INDEX = OFF, STATISTICS_NORECOMPUTE = OFF, IGNORE_DUP_KEY = OFF, ALLOW_ROW_LOCKS = ON, ALLOW_PAGE_LOCKS = ON, OPTIMIZE_FOR_SEQUENTIAL_KEY = OFF) ON [PRIMARY]
) ON [PRIMARY]
GO
/****** Object:  Table [dbo].[PRODUCTO]    Script Date: 27/06/2026 22:21:23 ******/
SET ANSI_NULLS ON
GO
SET QUOTED_IDENTIFIER ON
GO
CREATE TABLE [dbo].[PRODUCTO](
	[IDPRODUCTO] [int] IDENTITY(1,1) NOT NULL,
	[IDCATEGORIA] [int] NULL,
	[NOMPRODUCTO] [nvarchar](100) NULL,
	[DESCRIPCION] [nvarchar](100) NULL,
	[PRECIO] [decimal](6, 2) NULL,
	[MARCA] [nvarchar](50) NULL,
	[ESTADO] [char](1) NULL,
PRIMARY KEY CLUSTERED 
(
	[IDPRODUCTO] ASC
)WITH (PAD_INDEX = OFF, STATISTICS_NORECOMPUTE = OFF, IGNORE_DUP_KEY = OFF, ALLOW_ROW_LOCKS = ON, ALLOW_PAGE_LOCKS = ON, OPTIMIZE_FOR_SEQUENTIAL_KEY = OFF) ON [PRIMARY]
) ON [PRIMARY]
GO
/****** Object:  Table [dbo].[PROVINCIA]    Script Date: 27/06/2026 22:21:23 ******/
SET ANSI_NULLS ON
GO
SET QUOTED_IDENTIFIER ON
GO
CREATE TABLE [dbo].[PROVINCIA](
	[IDPROVINCIA] [int] IDENTITY(1,1) NOT NULL,
	[IDDEPARTAMENTO] [int] NULL,
	[NOMPROVINCIA] [varchar](70) NULL,
	[ESTADO] [char](1) NULL,
PRIMARY KEY CLUSTERED 
(
	[IDPROVINCIA] ASC
)WITH (PAD_INDEX = OFF, STATISTICS_NORECOMPUTE = OFF, IGNORE_DUP_KEY = OFF, ALLOW_ROW_LOCKS = ON, ALLOW_PAGE_LOCKS = ON, OPTIMIZE_FOR_SEQUENTIAL_KEY = OFF) ON [PRIMARY]
) ON [PRIMARY]
GO
/****** Object:  Table [dbo].[TIPO_USUARIO]    Script Date: 27/06/2026 22:21:23 ******/
SET ANSI_NULLS ON
GO
SET QUOTED_IDENTIFIER ON
GO
CREATE TABLE [dbo].[TIPO_USUARIO](
	[IDTIPO_USUARIO] [int] IDENTITY(1,1) NOT NULL,
	[NOMUSUARIO] [varchar](90) NULL,
	[ESTADO] [char](1) NULL,
PRIMARY KEY CLUSTERED 
(
	[IDTIPO_USUARIO] ASC
)WITH (PAD_INDEX = OFF, STATISTICS_NORECOMPUTE = OFF, IGNORE_DUP_KEY = OFF, ALLOW_ROW_LOCKS = ON, ALLOW_PAGE_LOCKS = ON, OPTIMIZE_FOR_SEQUENTIAL_KEY = OFF) ON [PRIMARY]
) ON [PRIMARY]
GO
/****** Object:  Table [dbo].[USUARIO]    Script Date: 27/06/2026 22:21:23 ******/
SET ANSI_NULLS ON
GO
SET QUOTED_IDENTIFIER ON
GO
CREATE TABLE [dbo].[USUARIO](
	[IDUSUARIO] [int] IDENTITY(1,1) NOT NULL,
	[IDEMPLEADO] [int] NULL,
	[IDTIPO_USUARIO] [int] NULL,
	[LOGEO] [varchar](90) NULL,
	[CLAVE] [char](5) NULL,
	[ESTADO] [char](1) NULL,
PRIMARY KEY CLUSTERED 
(
	[IDUSUARIO] ASC
)WITH (PAD_INDEX = OFF, STATISTICS_NORECOMPUTE = OFF, IGNORE_DUP_KEY = OFF, ALLOW_ROW_LOCKS = ON, ALLOW_PAGE_LOCKS = ON, OPTIMIZE_FOR_SEQUENTIAL_KEY = OFF) ON [PRIMARY]
) ON [PRIMARY]
GO
/****** Object:  Table [dbo].[VENTAS]    Script Date: 27/06/2026 22:21:23 ******/
SET ANSI_NULLS ON
GO
SET QUOTED_IDENTIFIER ON
GO
CREATE TABLE [dbo].[VENTAS](
	[IDVENTAS] [int] IDENTITY(1,1) NOT NULL,
	[IDCLIENTE] [int] NULL,
	[IDMETODO_PAGO] [int] NULL,
	[IDPEDIDO] [int] NULL,
	[IDUSUARIO] [int] NULL,
	[FECHAVENTA] [date] NULL,
	[DOCUMENTO] [char](1) NULL,
	[MONTOTOTAL] [decimal](6, 2) NULL,
	[DESCUENTO] [decimal](6, 2) NULL,
	[SUBTOTOTAL] [decimal](6, 2) NULL,
	[IGV] [decimal](6, 2) NULL,
	[TOTALPAGAR] [decimal](10, 2) NULL,
	[ESTADO] [char](1) NULL,
PRIMARY KEY CLUSTERED 
(
	[IDVENTAS] ASC
)WITH (PAD_INDEX = OFF, STATISTICS_NORECOMPUTE = OFF, IGNORE_DUP_KEY = OFF, ALLOW_ROW_LOCKS = ON, ALLOW_PAGE_LOCKS = ON, OPTIMIZE_FOR_SEQUENTIAL_KEY = OFF) ON [PRIMARY]
) ON [PRIMARY]
GO
SET IDENTITY_INSERT [dbo].[AREA] ON 
GO
INSERT [dbo].[AREA] ([IDAREA], [NOMAREA], [ESTADO]) VALUES (1, N'Caja', N'1')
GO
INSERT [dbo].[AREA] ([IDAREA], [NOMAREA], [ESTADO]) VALUES (2, N'Administracion', N'1')
GO
INSERT [dbo].[AREA] ([IDAREA], [NOMAREA], [ESTADO]) VALUES (3, N'Cocina', N'1')
GO
INSERT [dbo].[AREA] ([IDAREA], [NOMAREA], [ESTADO]) VALUES (4, N'Bar y otros', N'1')
GO
INSERT [dbo].[AREA] ([IDAREA], [NOMAREA], [ESTADO]) VALUES (5, N'Comedor', N'1')
GO
INSERT [dbo].[AREA] ([IDAREA], [NOMAREA], [ESTADO]) VALUES (6, N'Servicio Higenico', N'1')
GO
SET IDENTITY_INSERT [dbo].[AREA] OFF
GO
SET IDENTITY_INSERT [dbo].[BANCO] ON 
GO
INSERT [dbo].[BANCO] ([IDBANCO], [NOMBANCO], [ESTADO]) VALUES (1, N'BCP', N'1')
GO
INSERT [dbo].[BANCO] ([IDBANCO], [NOMBANCO], [ESTADO]) VALUES (2, N'BANBIF', N'1')
GO
INSERT [dbo].[BANCO] ([IDBANCO], [NOMBANCO], [ESTADO]) VALUES (3, N'BBVA', N'1')
GO
INSERT [dbo].[BANCO] ([IDBANCO], [NOMBANCO], [ESTADO]) VALUES (4, N'CAJA ICA', N'1')
GO
INSERT [dbo].[BANCO] ([IDBANCO], [NOMBANCO], [ESTADO]) VALUES (5, N'CAJA AREQUIPA', N'1')
GO
INSERT [dbo].[BANCO] ([IDBANCO], [NOMBANCO], [ESTADO]) VALUES (6, N'INTERBANK', N'1')
GO
INSERT [dbo].[BANCO] ([IDBANCO], [NOMBANCO], [ESTADO]) VALUES (7, N'SCOTIABANK', N'1')
GO
SET IDENTITY_INSERT [dbo].[BANCO] OFF
GO
SET IDENTITY_INSERT [dbo].[BOLETA] ON 
GO
INSERT [dbo].[BOLETA] ([IDBOLETA], [IDVENTAS], [FECHAEMISION], [NUMERO], [SERIE], [ESTADO]) VALUES (1, 1, CAST(N'2023-01-01T00:00:00.000' AS DateTime), N'1   ', N'A001  ', N'1')
GO
INSERT [dbo].[BOLETA] ([IDBOLETA], [IDVENTAS], [FECHAEMISION], [NUMERO], [SERIE], [ESTADO]) VALUES (2, 2, CAST(N'2023-01-03T00:00:00.000' AS DateTime), N'2   ', N'A002  ', N'1')
GO
INSERT [dbo].[BOLETA] ([IDBOLETA], [IDVENTAS], [FECHAEMISION], [NUMERO], [SERIE], [ESTADO]) VALUES (3, 3, CAST(N'2023-01-05T00:00:00.000' AS DateTime), N'3   ', N'A003  ', N'1')
GO
INSERT [dbo].[BOLETA] ([IDBOLETA], [IDVENTAS], [FECHAEMISION], [NUMERO], [SERIE], [ESTADO]) VALUES (4, 4, CAST(N'2023-01-06T00:00:00.000' AS DateTime), N'4   ', N'A004  ', N'1')
GO
INSERT [dbo].[BOLETA] ([IDBOLETA], [IDVENTAS], [FECHAEMISION], [NUMERO], [SERIE], [ESTADO]) VALUES (5, 5, CAST(N'2023-01-07T00:00:00.000' AS DateTime), N'5   ', N'A005  ', N'1')
GO
INSERT [dbo].[BOLETA] ([IDBOLETA], [IDVENTAS], [FECHAEMISION], [NUMERO], [SERIE], [ESTADO]) VALUES (6, 6, CAST(N'2023-01-08T00:00:00.000' AS DateTime), N'6   ', N'A006  ', N'1')
GO
INSERT [dbo].[BOLETA] ([IDBOLETA], [IDVENTAS], [FECHAEMISION], [NUMERO], [SERIE], [ESTADO]) VALUES (7, 7, CAST(N'2023-01-09T00:00:00.000' AS DateTime), N'7   ', N'A007  ', N'1')
GO
INSERT [dbo].[BOLETA] ([IDBOLETA], [IDVENTAS], [FECHAEMISION], [NUMERO], [SERIE], [ESTADO]) VALUES (8, 8, CAST(N'2023-01-10T00:00:00.000' AS DateTime), N'8   ', N'A008  ', N'1')
GO
INSERT [dbo].[BOLETA] ([IDBOLETA], [IDVENTAS], [FECHAEMISION], [NUMERO], [SERIE], [ESTADO]) VALUES (9, 9, CAST(N'2023-01-11T00:00:00.000' AS DateTime), N'9   ', N'A009  ', N'1')
GO
INSERT [dbo].[BOLETA] ([IDBOLETA], [IDVENTAS], [FECHAEMISION], [NUMERO], [SERIE], [ESTADO]) VALUES (10, 10, CAST(N'2023-01-12T00:00:00.000' AS DateTime), N'10  ', N'A010  ', N'1')
GO
INSERT [dbo].[BOLETA] ([IDBOLETA], [IDVENTAS], [FECHAEMISION], [NUMERO], [SERIE], [ESTADO]) VALUES (11, 11, CAST(N'2023-01-13T00:00:00.000' AS DateTime), N'11  ', N'A011  ', N'1')
GO
INSERT [dbo].[BOLETA] ([IDBOLETA], [IDVENTAS], [FECHAEMISION], [NUMERO], [SERIE], [ESTADO]) VALUES (12, 12, CAST(N'2023-01-14T00:00:00.000' AS DateTime), N'12  ', N'A012  ', N'1')
GO
INSERT [dbo].[BOLETA] ([IDBOLETA], [IDVENTAS], [FECHAEMISION], [NUMERO], [SERIE], [ESTADO]) VALUES (13, 13, CAST(N'2023-01-15T00:00:00.000' AS DateTime), N'13  ', N'A013  ', N'1')
GO
INSERT [dbo].[BOLETA] ([IDBOLETA], [IDVENTAS], [FECHAEMISION], [NUMERO], [SERIE], [ESTADO]) VALUES (14, 14, CAST(N'2023-01-16T00:00:00.000' AS DateTime), N'14  ', N'A014  ', N'1')
GO
INSERT [dbo].[BOLETA] ([IDBOLETA], [IDVENTAS], [FECHAEMISION], [NUMERO], [SERIE], [ESTADO]) VALUES (15, 15, CAST(N'2023-01-17T00:00:00.000' AS DateTime), N'15  ', N'A015  ', N'1')
GO
INSERT [dbo].[BOLETA] ([IDBOLETA], [IDVENTAS], [FECHAEMISION], [NUMERO], [SERIE], [ESTADO]) VALUES (16, 16, CAST(N'2023-01-18T00:00:00.000' AS DateTime), N'16  ', N'A016  ', N'1')
GO
INSERT [dbo].[BOLETA] ([IDBOLETA], [IDVENTAS], [FECHAEMISION], [NUMERO], [SERIE], [ESTADO]) VALUES (17, 17, CAST(N'2023-01-19T00:00:00.000' AS DateTime), N'17  ', N'A017  ', N'1')
GO
INSERT [dbo].[BOLETA] ([IDBOLETA], [IDVENTAS], [FECHAEMISION], [NUMERO], [SERIE], [ESTADO]) VALUES (18, 18, CAST(N'2023-01-20T00:00:00.000' AS DateTime), N'18  ', N'A018  ', N'1')
GO
INSERT [dbo].[BOLETA] ([IDBOLETA], [IDVENTAS], [FECHAEMISION], [NUMERO], [SERIE], [ESTADO]) VALUES (19, 19, CAST(N'2023-01-21T00:00:00.000' AS DateTime), N'19  ', N'A019  ', N'1')
GO
INSERT [dbo].[BOLETA] ([IDBOLETA], [IDVENTAS], [FECHAEMISION], [NUMERO], [SERIE], [ESTADO]) VALUES (20, 20, CAST(N'2023-01-22T00:00:00.000' AS DateTime), N'20  ', N'A020  ', N'1')
GO
INSERT [dbo].[BOLETA] ([IDBOLETA], [IDVENTAS], [FECHAEMISION], [NUMERO], [SERIE], [ESTADO]) VALUES (21, 21, CAST(N'2023-01-23T00:00:00.000' AS DateTime), N'21  ', N'A021  ', N'1')
GO
INSERT [dbo].[BOLETA] ([IDBOLETA], [IDVENTAS], [FECHAEMISION], [NUMERO], [SERIE], [ESTADO]) VALUES (22, 22, CAST(N'2023-01-24T00:00:00.000' AS DateTime), N'22  ', N'A022  ', N'1')
GO
INSERT [dbo].[BOLETA] ([IDBOLETA], [IDVENTAS], [FECHAEMISION], [NUMERO], [SERIE], [ESTADO]) VALUES (23, 23, CAST(N'2023-01-25T00:00:00.000' AS DateTime), N'23  ', N'A023  ', N'1')
GO
INSERT [dbo].[BOLETA] ([IDBOLETA], [IDVENTAS], [FECHAEMISION], [NUMERO], [SERIE], [ESTADO]) VALUES (24, 24, CAST(N'2023-01-26T00:00:00.000' AS DateTime), N'24  ', N'A024  ', N'1')
GO
INSERT [dbo].[BOLETA] ([IDBOLETA], [IDVENTAS], [FECHAEMISION], [NUMERO], [SERIE], [ESTADO]) VALUES (25, 25, CAST(N'2023-01-27T00:00:00.000' AS DateTime), N'25  ', N'A025  ', N'1')
GO
INSERT [dbo].[BOLETA] ([IDBOLETA], [IDVENTAS], [FECHAEMISION], [NUMERO], [SERIE], [ESTADO]) VALUES (26, 26, CAST(N'2023-01-28T00:00:00.000' AS DateTime), N'26  ', N'A026  ', N'1')
GO
INSERT [dbo].[BOLETA] ([IDBOLETA], [IDVENTAS], [FECHAEMISION], [NUMERO], [SERIE], [ESTADO]) VALUES (27, 27, CAST(N'2023-01-29T00:00:00.000' AS DateTime), N'27  ', N'A027  ', N'1')
GO
INSERT [dbo].[BOLETA] ([IDBOLETA], [IDVENTAS], [FECHAEMISION], [NUMERO], [SERIE], [ESTADO]) VALUES (28, 28, CAST(N'2023-01-30T00:00:00.000' AS DateTime), N'28  ', N'A028  ', N'1')
GO
INSERT [dbo].[BOLETA] ([IDBOLETA], [IDVENTAS], [FECHAEMISION], [NUMERO], [SERIE], [ESTADO]) VALUES (29, 29, CAST(N'2023-01-31T00:00:00.000' AS DateTime), N'29  ', N'A029  ', N'1')
GO
INSERT [dbo].[BOLETA] ([IDBOLETA], [IDVENTAS], [FECHAEMISION], [NUMERO], [SERIE], [ESTADO]) VALUES (30, 30, CAST(N'2023-02-01T00:00:00.000' AS DateTime), N'30  ', N'A030  ', N'1')
GO
INSERT [dbo].[BOLETA] ([IDBOLETA], [IDVENTAS], [FECHAEMISION], [NUMERO], [SERIE], [ESTADO]) VALUES (31, 31, CAST(N'2023-02-02T00:00:00.000' AS DateTime), N'31  ', N'A031  ', N'1')
GO
INSERT [dbo].[BOLETA] ([IDBOLETA], [IDVENTAS], [FECHAEMISION], [NUMERO], [SERIE], [ESTADO]) VALUES (32, 32, CAST(N'2023-02-03T00:00:00.000' AS DateTime), N'32  ', N'A032  ', N'1')
GO
INSERT [dbo].[BOLETA] ([IDBOLETA], [IDVENTAS], [FECHAEMISION], [NUMERO], [SERIE], [ESTADO]) VALUES (33, 33, CAST(N'2023-02-04T00:00:00.000' AS DateTime), N'33  ', N'A033  ', N'1')
GO
INSERT [dbo].[BOLETA] ([IDBOLETA], [IDVENTAS], [FECHAEMISION], [NUMERO], [SERIE], [ESTADO]) VALUES (34, 34, CAST(N'2023-02-05T00:00:00.000' AS DateTime), N'34  ', N'A034  ', N'1')
GO
INSERT [dbo].[BOLETA] ([IDBOLETA], [IDVENTAS], [FECHAEMISION], [NUMERO], [SERIE], [ESTADO]) VALUES (35, 35, CAST(N'2023-02-06T00:00:00.000' AS DateTime), N'35  ', N'A035  ', N'1')
GO
INSERT [dbo].[BOLETA] ([IDBOLETA], [IDVENTAS], [FECHAEMISION], [NUMERO], [SERIE], [ESTADO]) VALUES (36, 36, CAST(N'2023-02-07T00:00:00.000' AS DateTime), N'36  ', N'A036  ', N'1')
GO
INSERT [dbo].[BOLETA] ([IDBOLETA], [IDVENTAS], [FECHAEMISION], [NUMERO], [SERIE], [ESTADO]) VALUES (37, 37, CAST(N'2023-02-08T00:00:00.000' AS DateTime), N'37  ', N'A037  ', N'1')
GO
INSERT [dbo].[BOLETA] ([IDBOLETA], [IDVENTAS], [FECHAEMISION], [NUMERO], [SERIE], [ESTADO]) VALUES (38, 38, CAST(N'2023-02-09T00:00:00.000' AS DateTime), N'38  ', N'A038  ', N'1')
GO
INSERT [dbo].[BOLETA] ([IDBOLETA], [IDVENTAS], [FECHAEMISION], [NUMERO], [SERIE], [ESTADO]) VALUES (39, 39, CAST(N'2023-02-10T00:00:00.000' AS DateTime), N'39  ', N'A039  ', N'1')
GO
INSERT [dbo].[BOLETA] ([IDBOLETA], [IDVENTAS], [FECHAEMISION], [NUMERO], [SERIE], [ESTADO]) VALUES (40, 40, CAST(N'2023-02-11T00:00:00.000' AS DateTime), N'40  ', N'A040  ', N'1')
GO
INSERT [dbo].[BOLETA] ([IDBOLETA], [IDVENTAS], [FECHAEMISION], [NUMERO], [SERIE], [ESTADO]) VALUES (41, 41, CAST(N'2023-02-12T00:00:00.000' AS DateTime), N'41  ', N'A041  ', N'1')
GO
INSERT [dbo].[BOLETA] ([IDBOLETA], [IDVENTAS], [FECHAEMISION], [NUMERO], [SERIE], [ESTADO]) VALUES (42, 42, CAST(N'2023-02-13T00:00:00.000' AS DateTime), N'42  ', N'A042  ', N'1')
GO
INSERT [dbo].[BOLETA] ([IDBOLETA], [IDVENTAS], [FECHAEMISION], [NUMERO], [SERIE], [ESTADO]) VALUES (43, 43, CAST(N'2023-02-14T00:00:00.000' AS DateTime), N'43  ', N'A043  ', N'1')
GO
INSERT [dbo].[BOLETA] ([IDBOLETA], [IDVENTAS], [FECHAEMISION], [NUMERO], [SERIE], [ESTADO]) VALUES (44, 44, CAST(N'2023-02-15T00:00:00.000' AS DateTime), N'44  ', N'A044  ', N'1')
GO
INSERT [dbo].[BOLETA] ([IDBOLETA], [IDVENTAS], [FECHAEMISION], [NUMERO], [SERIE], [ESTADO]) VALUES (45, 45, CAST(N'2023-02-16T00:00:00.000' AS DateTime), N'45  ', N'A045  ', N'1')
GO
INSERT [dbo].[BOLETA] ([IDBOLETA], [IDVENTAS], [FECHAEMISION], [NUMERO], [SERIE], [ESTADO]) VALUES (46, 46, CAST(N'2023-02-17T00:00:00.000' AS DateTime), N'46  ', N'A046  ', N'1')
GO
INSERT [dbo].[BOLETA] ([IDBOLETA], [IDVENTAS], [FECHAEMISION], [NUMERO], [SERIE], [ESTADO]) VALUES (47, 47, CAST(N'2023-02-18T00:00:00.000' AS DateTime), N'47  ', N'A047  ', N'1')
GO
INSERT [dbo].[BOLETA] ([IDBOLETA], [IDVENTAS], [FECHAEMISION], [NUMERO], [SERIE], [ESTADO]) VALUES (48, 48, CAST(N'2023-02-19T00:00:00.000' AS DateTime), N'48  ', N'A048  ', N'1')
GO
INSERT [dbo].[BOLETA] ([IDBOLETA], [IDVENTAS], [FECHAEMISION], [NUMERO], [SERIE], [ESTADO]) VALUES (49, 49, CAST(N'2023-02-20T00:00:00.000' AS DateTime), N'49  ', N'A049  ', N'1')
GO
INSERT [dbo].[BOLETA] ([IDBOLETA], [IDVENTAS], [FECHAEMISION], [NUMERO], [SERIE], [ESTADO]) VALUES (50, 50, CAST(N'2023-02-21T00:00:00.000' AS DateTime), N'50  ', N'A050  ', N'1')
GO
INSERT [dbo].[BOLETA] ([IDBOLETA], [IDVENTAS], [FECHAEMISION], [NUMERO], [SERIE], [ESTADO]) VALUES (51, 51, CAST(N'2023-02-22T00:00:00.000' AS DateTime), N'51  ', N'A051  ', N'1')
GO
INSERT [dbo].[BOLETA] ([IDBOLETA], [IDVENTAS], [FECHAEMISION], [NUMERO], [SERIE], [ESTADO]) VALUES (52, 52, CAST(N'2023-02-23T00:00:00.000' AS DateTime), N'52  ', N'A052  ', N'1')
GO
INSERT [dbo].[BOLETA] ([IDBOLETA], [IDVENTAS], [FECHAEMISION], [NUMERO], [SERIE], [ESTADO]) VALUES (53, 53, CAST(N'2023-02-24T00:00:00.000' AS DateTime), N'53  ', N'A053  ', N'1')
GO
INSERT [dbo].[BOLETA] ([IDBOLETA], [IDVENTAS], [FECHAEMISION], [NUMERO], [SERIE], [ESTADO]) VALUES (54, 54, CAST(N'2023-02-25T00:00:00.000' AS DateTime), N'54  ', N'A054  ', N'1')
GO
INSERT [dbo].[BOLETA] ([IDBOLETA], [IDVENTAS], [FECHAEMISION], [NUMERO], [SERIE], [ESTADO]) VALUES (55, 55, CAST(N'2023-02-26T00:00:00.000' AS DateTime), N'55  ', N'A055  ', N'1')
GO
INSERT [dbo].[BOLETA] ([IDBOLETA], [IDVENTAS], [FECHAEMISION], [NUMERO], [SERIE], [ESTADO]) VALUES (56, 56, CAST(N'2023-02-27T00:00:00.000' AS DateTime), N'56  ', N'A056  ', N'1')
GO
INSERT [dbo].[BOLETA] ([IDBOLETA], [IDVENTAS], [FECHAEMISION], [NUMERO], [SERIE], [ESTADO]) VALUES (57, 57, CAST(N'2023-02-28T00:00:00.000' AS DateTime), N'57  ', N'A057  ', N'1')
GO
INSERT [dbo].[BOLETA] ([IDBOLETA], [IDVENTAS], [FECHAEMISION], [NUMERO], [SERIE], [ESTADO]) VALUES (58, 58, CAST(N'2023-03-01T00:00:00.000' AS DateTime), N'58  ', N'A058  ', N'1')
GO
INSERT [dbo].[BOLETA] ([IDBOLETA], [IDVENTAS], [FECHAEMISION], [NUMERO], [SERIE], [ESTADO]) VALUES (59, 59, CAST(N'2023-03-02T00:00:00.000' AS DateTime), N'59  ', N'A059  ', N'1')
GO
INSERT [dbo].[BOLETA] ([IDBOLETA], [IDVENTAS], [FECHAEMISION], [NUMERO], [SERIE], [ESTADO]) VALUES (60, 60, CAST(N'2023-03-03T00:00:00.000' AS DateTime), N'60  ', N'A060  ', N'1')
GO
INSERT [dbo].[BOLETA] ([IDBOLETA], [IDVENTAS], [FECHAEMISION], [NUMERO], [SERIE], [ESTADO]) VALUES (61, 61, CAST(N'2023-03-04T00:00:00.000' AS DateTime), N'61  ', N'A061  ', N'1')
GO
INSERT [dbo].[BOLETA] ([IDBOLETA], [IDVENTAS], [FECHAEMISION], [NUMERO], [SERIE], [ESTADO]) VALUES (62, 62, CAST(N'2023-03-05T00:00:00.000' AS DateTime), N'62  ', N'A062  ', N'1')
GO
INSERT [dbo].[BOLETA] ([IDBOLETA], [IDVENTAS], [FECHAEMISION], [NUMERO], [SERIE], [ESTADO]) VALUES (63, 63, CAST(N'2023-03-06T00:00:00.000' AS DateTime), N'63  ', N'A063  ', N'1')
GO
INSERT [dbo].[BOLETA] ([IDBOLETA], [IDVENTAS], [FECHAEMISION], [NUMERO], [SERIE], [ESTADO]) VALUES (64, 64, CAST(N'2023-03-07T00:00:00.000' AS DateTime), N'64  ', N'A064  ', N'1')
GO
INSERT [dbo].[BOLETA] ([IDBOLETA], [IDVENTAS], [FECHAEMISION], [NUMERO], [SERIE], [ESTADO]) VALUES (65, 65, CAST(N'2023-03-08T00:00:00.000' AS DateTime), N'65  ', N'A065  ', N'1')
GO
INSERT [dbo].[BOLETA] ([IDBOLETA], [IDVENTAS], [FECHAEMISION], [NUMERO], [SERIE], [ESTADO]) VALUES (66, 66, CAST(N'2023-03-09T00:00:00.000' AS DateTime), N'66  ', N'A066  ', N'1')
GO
INSERT [dbo].[BOLETA] ([IDBOLETA], [IDVENTAS], [FECHAEMISION], [NUMERO], [SERIE], [ESTADO]) VALUES (67, 67, CAST(N'2023-03-10T00:00:00.000' AS DateTime), N'67  ', N'A067  ', N'1')
GO
INSERT [dbo].[BOLETA] ([IDBOLETA], [IDVENTAS], [FECHAEMISION], [NUMERO], [SERIE], [ESTADO]) VALUES (68, 68, CAST(N'2023-03-11T00:00:00.000' AS DateTime), N'68  ', N'A068  ', N'1')
GO
INSERT [dbo].[BOLETA] ([IDBOLETA], [IDVENTAS], [FECHAEMISION], [NUMERO], [SERIE], [ESTADO]) VALUES (69, 69, CAST(N'2023-03-12T00:00:00.000' AS DateTime), N'69  ', N'A069  ', N'1')
GO
INSERT [dbo].[BOLETA] ([IDBOLETA], [IDVENTAS], [FECHAEMISION], [NUMERO], [SERIE], [ESTADO]) VALUES (70, 70, CAST(N'2023-03-13T00:00:00.000' AS DateTime), N'70  ', N'A070  ', N'1')
GO
SET IDENTITY_INSERT [dbo].[BOLETA] OFF
GO
SET IDENTITY_INSERT [dbo].[CARGO] ON 
GO
INSERT [dbo].[CARGO] ([IDCARGO], [NOMCARGO], [ESTADO]) VALUES (1, N'Gerente', N'1')
GO
INSERT [dbo].[CARGO] ([IDCARGO], [NOMCARGO], [ESTADO]) VALUES (2, N'Mozo', N'1')
GO
INSERT [dbo].[CARGO] ([IDCARGO], [NOMCARGO], [ESTADO]) VALUES (3, N'Delivery', N'1')
GO
INSERT [dbo].[CARGO] ([IDCARGO], [NOMCARGO], [ESTADO]) VALUES (4, N'Personal de limpieza', N'1')
GO
INSERT [dbo].[CARGO] ([IDCARGO], [NOMCARGO], [ESTADO]) VALUES (5, N'Chef', N'1')
GO
INSERT [dbo].[CARGO] ([IDCARGO], [NOMCARGO], [ESTADO]) VALUES (6, N'Recepcionista', N'1')
GO
INSERT [dbo].[CARGO] ([IDCARGO], [NOMCARGO], [ESTADO]) VALUES (7, N'Cocineros', N'1')
GO
SET IDENTITY_INSERT [dbo].[CARGO] OFF
GO
SET IDENTITY_INSERT [dbo].[CATEGORIA] ON 
GO
INSERT [dbo].[CATEGORIA] ([IDCATEGORIA], [NOMCATEGORIA], [ESTADO]) VALUES (1, N'DESAYUNO', N'1')
GO
INSERT [dbo].[CATEGORIA] ([IDCATEGORIA], [NOMCATEGORIA], [ESTADO]) VALUES (2, N'ALMUERZO', N'1')
GO
INSERT [dbo].[CATEGORIA] ([IDCATEGORIA], [NOMCATEGORIA], [ESTADO]) VALUES (3, N'CENA', N'1')
GO
INSERT [dbo].[CATEGORIA] ([IDCATEGORIA], [NOMCATEGORIA], [ESTADO]) VALUES (4, N'BEBIDA', N'1')
GO
INSERT [dbo].[CATEGORIA] ([IDCATEGORIA], [NOMCATEGORIA], [ESTADO]) VALUES (5, N'POSTRE', N'1')
GO
INSERT [dbo].[CATEGORIA] ([IDCATEGORIA], [NOMCATEGORIA], [ESTADO]) VALUES (6, N'ADICIONALES', N'1')
GO
INSERT [dbo].[CATEGORIA] ([IDCATEGORIA], [NOMCATEGORIA], [ESTADO]) VALUES (7, N'LICORES', N'1')
GO
SET IDENTITY_INSERT [dbo].[CATEGORIA] OFF
GO
SET IDENTITY_INSERT [dbo].[CLIENTE] ON 
GO
INSERT [dbo].[CLIENTE] ([IDCLIENTE], [IDPERSONA], [IDEMPRESA], [ESTADO]) VALUES (1, NULL, 1, N'1')
GO
INSERT [dbo].[CLIENTE] ([IDCLIENTE], [IDPERSONA], [IDEMPRESA], [ESTADO]) VALUES (2, 1, NULL, N'1')
GO
INSERT [dbo].[CLIENTE] ([IDCLIENTE], [IDPERSONA], [IDEMPRESA], [ESTADO]) VALUES (3, 2, NULL, N'1')
GO
INSERT [dbo].[CLIENTE] ([IDCLIENTE], [IDPERSONA], [IDEMPRESA], [ESTADO]) VALUES (4, 3, NULL, N'1')
GO
INSERT [dbo].[CLIENTE] ([IDCLIENTE], [IDPERSONA], [IDEMPRESA], [ESTADO]) VALUES (5, 4, NULL, N'1')
GO
INSERT [dbo].[CLIENTE] ([IDCLIENTE], [IDPERSONA], [IDEMPRESA], [ESTADO]) VALUES (6, NULL, 2, N'1')
GO
INSERT [dbo].[CLIENTE] ([IDCLIENTE], [IDPERSONA], [IDEMPRESA], [ESTADO]) VALUES (7, 5, NULL, N'1')
GO
INSERT [dbo].[CLIENTE] ([IDCLIENTE], [IDPERSONA], [IDEMPRESA], [ESTADO]) VALUES (8, 6, NULL, N'1')
GO
INSERT [dbo].[CLIENTE] ([IDCLIENTE], [IDPERSONA], [IDEMPRESA], [ESTADO]) VALUES (9, 7, NULL, N'1')
GO
INSERT [dbo].[CLIENTE] ([IDCLIENTE], [IDPERSONA], [IDEMPRESA], [ESTADO]) VALUES (10, 8, NULL, N'1')
GO
INSERT [dbo].[CLIENTE] ([IDCLIENTE], [IDPERSONA], [IDEMPRESA], [ESTADO]) VALUES (11, NULL, 3, N'1')
GO
INSERT [dbo].[CLIENTE] ([IDCLIENTE], [IDPERSONA], [IDEMPRESA], [ESTADO]) VALUES (12, NULL, 4, N'1')
GO
INSERT [dbo].[CLIENTE] ([IDCLIENTE], [IDPERSONA], [IDEMPRESA], [ESTADO]) VALUES (13, NULL, 5, N'1')
GO
INSERT [dbo].[CLIENTE] ([IDCLIENTE], [IDPERSONA], [IDEMPRESA], [ESTADO]) VALUES (14, 9, NULL, N'1')
GO
INSERT [dbo].[CLIENTE] ([IDCLIENTE], [IDPERSONA], [IDEMPRESA], [ESTADO]) VALUES (15, 10, NULL, N'1')
GO
INSERT [dbo].[CLIENTE] ([IDCLIENTE], [IDPERSONA], [IDEMPRESA], [ESTADO]) VALUES (16, 11, NULL, N'1')
GO
INSERT [dbo].[CLIENTE] ([IDCLIENTE], [IDPERSONA], [IDEMPRESA], [ESTADO]) VALUES (17, 12, NULL, N'1')
GO
INSERT [dbo].[CLIENTE] ([IDCLIENTE], [IDPERSONA], [IDEMPRESA], [ESTADO]) VALUES (18, 13, NULL, N'1')
GO
INSERT [dbo].[CLIENTE] ([IDCLIENTE], [IDPERSONA], [IDEMPRESA], [ESTADO]) VALUES (19, 14, NULL, N'1')
GO
INSERT [dbo].[CLIENTE] ([IDCLIENTE], [IDPERSONA], [IDEMPRESA], [ESTADO]) VALUES (20, 15, NULL, N'1')
GO
INSERT [dbo].[CLIENTE] ([IDCLIENTE], [IDPERSONA], [IDEMPRESA], [ESTADO]) VALUES (21, NULL, 6, N'1')
GO
INSERT [dbo].[CLIENTE] ([IDCLIENTE], [IDPERSONA], [IDEMPRESA], [ESTADO]) VALUES (22, NULL, 7, N'1')
GO
INSERT [dbo].[CLIENTE] ([IDCLIENTE], [IDPERSONA], [IDEMPRESA], [ESTADO]) VALUES (23, NULL, 8, N'1')
GO
INSERT [dbo].[CLIENTE] ([IDCLIENTE], [IDPERSONA], [IDEMPRESA], [ESTADO]) VALUES (24, NULL, 9, N'1')
GO
INSERT [dbo].[CLIENTE] ([IDCLIENTE], [IDPERSONA], [IDEMPRESA], [ESTADO]) VALUES (25, 16, NULL, N'1')
GO
INSERT [dbo].[CLIENTE] ([IDCLIENTE], [IDPERSONA], [IDEMPRESA], [ESTADO]) VALUES (26, 17, NULL, N'1')
GO
INSERT [dbo].[CLIENTE] ([IDCLIENTE], [IDPERSONA], [IDEMPRESA], [ESTADO]) VALUES (27, NULL, 10, N'1')
GO
INSERT [dbo].[CLIENTE] ([IDCLIENTE], [IDPERSONA], [IDEMPRESA], [ESTADO]) VALUES (28, NULL, 11, N'1')
GO
INSERT [dbo].[CLIENTE] ([IDCLIENTE], [IDPERSONA], [IDEMPRESA], [ESTADO]) VALUES (29, 18, NULL, N'1')
GO
INSERT [dbo].[CLIENTE] ([IDCLIENTE], [IDPERSONA], [IDEMPRESA], [ESTADO]) VALUES (30, 19, NULL, N'1')
GO
INSERT [dbo].[CLIENTE] ([IDCLIENTE], [IDPERSONA], [IDEMPRESA], [ESTADO]) VALUES (31, 20, NULL, N'1')
GO
INSERT [dbo].[CLIENTE] ([IDCLIENTE], [IDPERSONA], [IDEMPRESA], [ESTADO]) VALUES (32, 21, NULL, N'1')
GO
INSERT [dbo].[CLIENTE] ([IDCLIENTE], [IDPERSONA], [IDEMPRESA], [ESTADO]) VALUES (33, 22, NULL, N'1')
GO
INSERT [dbo].[CLIENTE] ([IDCLIENTE], [IDPERSONA], [IDEMPRESA], [ESTADO]) VALUES (34, 23, NULL, N'1')
GO
INSERT [dbo].[CLIENTE] ([IDCLIENTE], [IDPERSONA], [IDEMPRESA], [ESTADO]) VALUES (35, NULL, 12, N'1')
GO
INSERT [dbo].[CLIENTE] ([IDCLIENTE], [IDPERSONA], [IDEMPRESA], [ESTADO]) VALUES (36, NULL, 13, N'1')
GO
INSERT [dbo].[CLIENTE] ([IDCLIENTE], [IDPERSONA], [IDEMPRESA], [ESTADO]) VALUES (37, 24, NULL, N'1')
GO
INSERT [dbo].[CLIENTE] ([IDCLIENTE], [IDPERSONA], [IDEMPRESA], [ESTADO]) VALUES (38, 25, NULL, N'1')
GO
INSERT [dbo].[CLIENTE] ([IDCLIENTE], [IDPERSONA], [IDEMPRESA], [ESTADO]) VALUES (39, 26, NULL, N'1')
GO
INSERT [dbo].[CLIENTE] ([IDCLIENTE], [IDPERSONA], [IDEMPRESA], [ESTADO]) VALUES (40, NULL, 14, N'1')
GO
INSERT [dbo].[CLIENTE] ([IDCLIENTE], [IDPERSONA], [IDEMPRESA], [ESTADO]) VALUES (41, NULL, 15, N'1')
GO
INSERT [dbo].[CLIENTE] ([IDCLIENTE], [IDPERSONA], [IDEMPRESA], [ESTADO]) VALUES (42, NULL, 16, N'1')
GO
INSERT [dbo].[CLIENTE] ([IDCLIENTE], [IDPERSONA], [IDEMPRESA], [ESTADO]) VALUES (43, NULL, 17, N'1')
GO
INSERT [dbo].[CLIENTE] ([IDCLIENTE], [IDPERSONA], [IDEMPRESA], [ESTADO]) VALUES (44, NULL, 18, N'1')
GO
INSERT [dbo].[CLIENTE] ([IDCLIENTE], [IDPERSONA], [IDEMPRESA], [ESTADO]) VALUES (45, 27, NULL, N'1')
GO
INSERT [dbo].[CLIENTE] ([IDCLIENTE], [IDPERSONA], [IDEMPRESA], [ESTADO]) VALUES (46, NULL, 19, N'1')
GO
INSERT [dbo].[CLIENTE] ([IDCLIENTE], [IDPERSONA], [IDEMPRESA], [ESTADO]) VALUES (47, NULL, 20, N'1')
GO
INSERT [dbo].[CLIENTE] ([IDCLIENTE], [IDPERSONA], [IDEMPRESA], [ESTADO]) VALUES (48, NULL, 21, N'1')
GO
INSERT [dbo].[CLIENTE] ([IDCLIENTE], [IDPERSONA], [IDEMPRESA], [ESTADO]) VALUES (49, NULL, 22, N'1')
GO
INSERT [dbo].[CLIENTE] ([IDCLIENTE], [IDPERSONA], [IDEMPRESA], [ESTADO]) VALUES (50, NULL, 23, N'1')
GO
INSERT [dbo].[CLIENTE] ([IDCLIENTE], [IDPERSONA], [IDEMPRESA], [ESTADO]) VALUES (51, 28, NULL, N'1')
GO
INSERT [dbo].[CLIENTE] ([IDCLIENTE], [IDPERSONA], [IDEMPRESA], [ESTADO]) VALUES (52, 29, NULL, N'1')
GO
INSERT [dbo].[CLIENTE] ([IDCLIENTE], [IDPERSONA], [IDEMPRESA], [ESTADO]) VALUES (53, 30, NULL, N'1')
GO
INSERT [dbo].[CLIENTE] ([IDCLIENTE], [IDPERSONA], [IDEMPRESA], [ESTADO]) VALUES (54, 31, NULL, N'1')
GO
INSERT [dbo].[CLIENTE] ([IDCLIENTE], [IDPERSONA], [IDEMPRESA], [ESTADO]) VALUES (55, 32, NULL, N'1')
GO
INSERT [dbo].[CLIENTE] ([IDCLIENTE], [IDPERSONA], [IDEMPRESA], [ESTADO]) VALUES (56, 33, NULL, N'1')
GO
INSERT [dbo].[CLIENTE] ([IDCLIENTE], [IDPERSONA], [IDEMPRESA], [ESTADO]) VALUES (57, 34, NULL, N'1')
GO
INSERT [dbo].[CLIENTE] ([IDCLIENTE], [IDPERSONA], [IDEMPRESA], [ESTADO]) VALUES (58, 35, NULL, N'1')
GO
INSERT [dbo].[CLIENTE] ([IDCLIENTE], [IDPERSONA], [IDEMPRESA], [ESTADO]) VALUES (59, 36, NULL, N'1')
GO
INSERT [dbo].[CLIENTE] ([IDCLIENTE], [IDPERSONA], [IDEMPRESA], [ESTADO]) VALUES (60, 37, NULL, N'1')
GO
INSERT [dbo].[CLIENTE] ([IDCLIENTE], [IDPERSONA], [IDEMPRESA], [ESTADO]) VALUES (61, 38, NULL, N'1')
GO
INSERT [dbo].[CLIENTE] ([IDCLIENTE], [IDPERSONA], [IDEMPRESA], [ESTADO]) VALUES (62, 39, NULL, N'1')
GO
INSERT [dbo].[CLIENTE] ([IDCLIENTE], [IDPERSONA], [IDEMPRESA], [ESTADO]) VALUES (63, 40, NULL, N'1')
GO
INSERT [dbo].[CLIENTE] ([IDCLIENTE], [IDPERSONA], [IDEMPRESA], [ESTADO]) VALUES (64, NULL, 24, N'1')
GO
INSERT [dbo].[CLIENTE] ([IDCLIENTE], [IDPERSONA], [IDEMPRESA], [ESTADO]) VALUES (65, NULL, 25, N'1')
GO
INSERT [dbo].[CLIENTE] ([IDCLIENTE], [IDPERSONA], [IDEMPRESA], [ESTADO]) VALUES (66, NULL, 26, N'1')
GO
INSERT [dbo].[CLIENTE] ([IDCLIENTE], [IDPERSONA], [IDEMPRESA], [ESTADO]) VALUES (67, NULL, 27, N'1')
GO
INSERT [dbo].[CLIENTE] ([IDCLIENTE], [IDPERSONA], [IDEMPRESA], [ESTADO]) VALUES (68, NULL, 28, N'1')
GO
INSERT [dbo].[CLIENTE] ([IDCLIENTE], [IDPERSONA], [IDEMPRESA], [ESTADO]) VALUES (69, NULL, 29, N'1')
GO
INSERT [dbo].[CLIENTE] ([IDCLIENTE], [IDPERSONA], [IDEMPRESA], [ESTADO]) VALUES (70, NULL, 30, N'1')
GO
INSERT [dbo].[CLIENTE] ([IDCLIENTE], [IDPERSONA], [IDEMPRESA], [ESTADO]) VALUES (71, 41, NULL, N'1')
GO
INSERT [dbo].[CLIENTE] ([IDCLIENTE], [IDPERSONA], [IDEMPRESA], [ESTADO]) VALUES (72, NULL, 31, N'1')
GO
INSERT [dbo].[CLIENTE] ([IDCLIENTE], [IDPERSONA], [IDEMPRESA], [ESTADO]) VALUES (73, NULL, 32, N'1')
GO
INSERT [dbo].[CLIENTE] ([IDCLIENTE], [IDPERSONA], [IDEMPRESA], [ESTADO]) VALUES (74, 42, NULL, N'1')
GO
INSERT [dbo].[CLIENTE] ([IDCLIENTE], [IDPERSONA], [IDEMPRESA], [ESTADO]) VALUES (75, 43, NULL, N'1')
GO
INSERT [dbo].[CLIENTE] ([IDCLIENTE], [IDPERSONA], [IDEMPRESA], [ESTADO]) VALUES (76, 44, NULL, N'1')
GO
INSERT [dbo].[CLIENTE] ([IDCLIENTE], [IDPERSONA], [IDEMPRESA], [ESTADO]) VALUES (77, NULL, 33, N'1')
GO
INSERT [dbo].[CLIENTE] ([IDCLIENTE], [IDPERSONA], [IDEMPRESA], [ESTADO]) VALUES (78, NULL, 34, N'1')
GO
INSERT [dbo].[CLIENTE] ([IDCLIENTE], [IDPERSONA], [IDEMPRESA], [ESTADO]) VALUES (79, NULL, 35, N'1')
GO
INSERT [dbo].[CLIENTE] ([IDCLIENTE], [IDPERSONA], [IDEMPRESA], [ESTADO]) VALUES (80, NULL, 36, N'1')
GO
INSERT [dbo].[CLIENTE] ([IDCLIENTE], [IDPERSONA], [IDEMPRESA], [ESTADO]) VALUES (81, NULL, 37, N'1')
GO
INSERT [dbo].[CLIENTE] ([IDCLIENTE], [IDPERSONA], [IDEMPRESA], [ESTADO]) VALUES (82, NULL, 38, N'1')
GO
INSERT [dbo].[CLIENTE] ([IDCLIENTE], [IDPERSONA], [IDEMPRESA], [ESTADO]) VALUES (83, 45, NULL, N'1')
GO
INSERT [dbo].[CLIENTE] ([IDCLIENTE], [IDPERSONA], [IDEMPRESA], [ESTADO]) VALUES (84, 46, NULL, N'1')
GO
INSERT [dbo].[CLIENTE] ([IDCLIENTE], [IDPERSONA], [IDEMPRESA], [ESTADO]) VALUES (85, 47, NULL, N'1')
GO
INSERT [dbo].[CLIENTE] ([IDCLIENTE], [IDPERSONA], [IDEMPRESA], [ESTADO]) VALUES (86, NULL, 39, N'1')
GO
INSERT [dbo].[CLIENTE] ([IDCLIENTE], [IDPERSONA], [IDEMPRESA], [ESTADO]) VALUES (87, NULL, 40, N'1')
GO
INSERT [dbo].[CLIENTE] ([IDCLIENTE], [IDPERSONA], [IDEMPRESA], [ESTADO]) VALUES (88, 48, NULL, N'1')
GO
INSERT [dbo].[CLIENTE] ([IDCLIENTE], [IDPERSONA], [IDEMPRESA], [ESTADO]) VALUES (89, 49, NULL, N'1')
GO
INSERT [dbo].[CLIENTE] ([IDCLIENTE], [IDPERSONA], [IDEMPRESA], [ESTADO]) VALUES (90, 50, NULL, N'1')
GO
INSERT [dbo].[CLIENTE] ([IDCLIENTE], [IDPERSONA], [IDEMPRESA], [ESTADO]) VALUES (91, 51, NULL, N'1')
GO
INSERT [dbo].[CLIENTE] ([IDCLIENTE], [IDPERSONA], [IDEMPRESA], [ESTADO]) VALUES (92, 52, NULL, N'1')
GO
INSERT [dbo].[CLIENTE] ([IDCLIENTE], [IDPERSONA], [IDEMPRESA], [ESTADO]) VALUES (93, 53, NULL, N'1')
GO
INSERT [dbo].[CLIENTE] ([IDCLIENTE], [IDPERSONA], [IDEMPRESA], [ESTADO]) VALUES (94, NULL, 41, N'1')
GO
INSERT [dbo].[CLIENTE] ([IDCLIENTE], [IDPERSONA], [IDEMPRESA], [ESTADO]) VALUES (95, NULL, 42, N'1')
GO
INSERT [dbo].[CLIENTE] ([IDCLIENTE], [IDPERSONA], [IDEMPRESA], [ESTADO]) VALUES (96, NULL, 43, N'1')
GO
INSERT [dbo].[CLIENTE] ([IDCLIENTE], [IDPERSONA], [IDEMPRESA], [ESTADO]) VALUES (97, NULL, 44, N'1')
GO
INSERT [dbo].[CLIENTE] ([IDCLIENTE], [IDPERSONA], [IDEMPRESA], [ESTADO]) VALUES (98, NULL, 45, N'1')
GO
INSERT [dbo].[CLIENTE] ([IDCLIENTE], [IDPERSONA], [IDEMPRESA], [ESTADO]) VALUES (99, NULL, 46, N'1')
GO
INSERT [dbo].[CLIENTE] ([IDCLIENTE], [IDPERSONA], [IDEMPRESA], [ESTADO]) VALUES (100, 54, NULL, N'1')
GO
INSERT [dbo].[CLIENTE] ([IDCLIENTE], [IDPERSONA], [IDEMPRESA], [ESTADO]) VALUES (101, 55, NULL, N'1')
GO
INSERT [dbo].[CLIENTE] ([IDCLIENTE], [IDPERSONA], [IDEMPRESA], [ESTADO]) VALUES (102, 56, NULL, N'1')
GO
INSERT [dbo].[CLIENTE] ([IDCLIENTE], [IDPERSONA], [IDEMPRESA], [ESTADO]) VALUES (103, NULL, 47, N'1')
GO
INSERT [dbo].[CLIENTE] ([IDCLIENTE], [IDPERSONA], [IDEMPRESA], [ESTADO]) VALUES (104, NULL, 48, N'1')
GO
INSERT [dbo].[CLIENTE] ([IDCLIENTE], [IDPERSONA], [IDEMPRESA], [ESTADO]) VALUES (105, NULL, 49, N'1')
GO
INSERT [dbo].[CLIENTE] ([IDCLIENTE], [IDPERSONA], [IDEMPRESA], [ESTADO]) VALUES (106, NULL, 50, N'1')
GO
INSERT [dbo].[CLIENTE] ([IDCLIENTE], [IDPERSONA], [IDEMPRESA], [ESTADO]) VALUES (107, 57, NULL, N'1')
GO
INSERT [dbo].[CLIENTE] ([IDCLIENTE], [IDPERSONA], [IDEMPRESA], [ESTADO]) VALUES (108, 58, NULL, N'1')
GO
INSERT [dbo].[CLIENTE] ([IDCLIENTE], [IDPERSONA], [IDEMPRESA], [ESTADO]) VALUES (109, 59, NULL, N'1')
GO
INSERT [dbo].[CLIENTE] ([IDCLIENTE], [IDPERSONA], [IDEMPRESA], [ESTADO]) VALUES (110, 60, NULL, N'1')
GO
INSERT [dbo].[CLIENTE] ([IDCLIENTE], [IDPERSONA], [IDEMPRESA], [ESTADO]) VALUES (111, 61, NULL, N'1')
GO
INSERT [dbo].[CLIENTE] ([IDCLIENTE], [IDPERSONA], [IDEMPRESA], [ESTADO]) VALUES (112, 62, NULL, N'1')
GO
INSERT [dbo].[CLIENTE] ([IDCLIENTE], [IDPERSONA], [IDEMPRESA], [ESTADO]) VALUES (113, 63, NULL, N'1')
GO
INSERT [dbo].[CLIENTE] ([IDCLIENTE], [IDPERSONA], [IDEMPRESA], [ESTADO]) VALUES (114, 64, NULL, N'1')
GO
INSERT [dbo].[CLIENTE] ([IDCLIENTE], [IDPERSONA], [IDEMPRESA], [ESTADO]) VALUES (115, 65, NULL, N'1')
GO
INSERT [dbo].[CLIENTE] ([IDCLIENTE], [IDPERSONA], [IDEMPRESA], [ESTADO]) VALUES (116, 66, NULL, N'1')
GO
INSERT [dbo].[CLIENTE] ([IDCLIENTE], [IDPERSONA], [IDEMPRESA], [ESTADO]) VALUES (117, 67, NULL, N'1')
GO
INSERT [dbo].[CLIENTE] ([IDCLIENTE], [IDPERSONA], [IDEMPRESA], [ESTADO]) VALUES (118, 68, NULL, N'1')
GO
INSERT [dbo].[CLIENTE] ([IDCLIENTE], [IDPERSONA], [IDEMPRESA], [ESTADO]) VALUES (119, 69, NULL, N'1')
GO
INSERT [dbo].[CLIENTE] ([IDCLIENTE], [IDPERSONA], [IDEMPRESA], [ESTADO]) VALUES (120, 70, NULL, N'1')
GO
SET IDENTITY_INSERT [dbo].[CLIENTE] OFF
GO
SET IDENTITY_INSERT [dbo].[CONTRATO] ON 
GO
INSERT [dbo].[CONTRATO] ([IDCONTRATO], [NOMCONTRATO], [ESTADO]) VALUES (1, N'Contrato a tiempo completo', N'1')
GO
INSERT [dbo].[CONTRATO] ([IDCONTRATO], [NOMCONTRATO], [ESTADO]) VALUES (2, N'Contrato a tiempo parcial', N'1')
GO
INSERT [dbo].[CONTRATO] ([IDCONTRATO], [NOMCONTRATO], [ESTADO]) VALUES (3, N'Contrato de trabajo temporal', N'1')
GO
INSERT [dbo].[CONTRATO] ([IDCONTRATO], [NOMCONTRATO], [ESTADO]) VALUES (4, N'Contrato de pasante', N'1')
GO
INSERT [dbo].[CONTRATO] ([IDCONTRATO], [NOMCONTRATO], [ESTADO]) VALUES (5, N'contrato temporal', N'1')
GO
SET IDENTITY_INSERT [dbo].[CONTRATO] OFF
GO
SET IDENTITY_INSERT [dbo].[DEPARTAMENTO] ON 
GO
INSERT [dbo].[DEPARTAMENTO] ([IDDepartamento], [NOMDEPARTAMENTO], [ESTADO]) VALUES (1, N'Amazonas', N'1')
GO
INSERT [dbo].[DEPARTAMENTO] ([IDDepartamento], [NOMDEPARTAMENTO], [ESTADO]) VALUES (2, N'Áncash', N'1')
GO
INSERT [dbo].[DEPARTAMENTO] ([IDDepartamento], [NOMDEPARTAMENTO], [ESTADO]) VALUES (3, N'Apurímac', N'1')
GO
INSERT [dbo].[DEPARTAMENTO] ([IDDepartamento], [NOMDEPARTAMENTO], [ESTADO]) VALUES (4, N'Arequipa', N'1')
GO
INSERT [dbo].[DEPARTAMENTO] ([IDDepartamento], [NOMDEPARTAMENTO], [ESTADO]) VALUES (5, N'Ayacucho', N'1')
GO
INSERT [dbo].[DEPARTAMENTO] ([IDDepartamento], [NOMDEPARTAMENTO], [ESTADO]) VALUES (6, N'Cajamarca', N'1')
GO
INSERT [dbo].[DEPARTAMENTO] ([IDDepartamento], [NOMDEPARTAMENTO], [ESTADO]) VALUES (7, N'Callao', N'1')
GO
INSERT [dbo].[DEPARTAMENTO] ([IDDepartamento], [NOMDEPARTAMENTO], [ESTADO]) VALUES (8, N'Cusco', N'1')
GO
INSERT [dbo].[DEPARTAMENTO] ([IDDepartamento], [NOMDEPARTAMENTO], [ESTADO]) VALUES (9, N'Huancavelica', N'1')
GO
INSERT [dbo].[DEPARTAMENTO] ([IDDepartamento], [NOMDEPARTAMENTO], [ESTADO]) VALUES (10, N'Huánuco', N'1')
GO
INSERT [dbo].[DEPARTAMENTO] ([IDDepartamento], [NOMDEPARTAMENTO], [ESTADO]) VALUES (11, N'Ica', N'1')
GO
INSERT [dbo].[DEPARTAMENTO] ([IDDepartamento], [NOMDEPARTAMENTO], [ESTADO]) VALUES (12, N'Junín', N'1')
GO
INSERT [dbo].[DEPARTAMENTO] ([IDDepartamento], [NOMDEPARTAMENTO], [ESTADO]) VALUES (13, N'La Libertad', N'1')
GO
INSERT [dbo].[DEPARTAMENTO] ([IDDepartamento], [NOMDEPARTAMENTO], [ESTADO]) VALUES (14, N'Lambayeque', N'1')
GO
INSERT [dbo].[DEPARTAMENTO] ([IDDepartamento], [NOMDEPARTAMENTO], [ESTADO]) VALUES (15, N'Lima', N'1')
GO
INSERT [dbo].[DEPARTAMENTO] ([IDDepartamento], [NOMDEPARTAMENTO], [ESTADO]) VALUES (16, N'Loreto', N'1')
GO
INSERT [dbo].[DEPARTAMENTO] ([IDDepartamento], [NOMDEPARTAMENTO], [ESTADO]) VALUES (17, N'Madre de Dios', N'1')
GO
INSERT [dbo].[DEPARTAMENTO] ([IDDepartamento], [NOMDEPARTAMENTO], [ESTADO]) VALUES (18, N'Moquegua', N'1')
GO
INSERT [dbo].[DEPARTAMENTO] ([IDDepartamento], [NOMDEPARTAMENTO], [ESTADO]) VALUES (19, N'Pasco', N'1')
GO
INSERT [dbo].[DEPARTAMENTO] ([IDDepartamento], [NOMDEPARTAMENTO], [ESTADO]) VALUES (20, N'Piura', N'1')
GO
INSERT [dbo].[DEPARTAMENTO] ([IDDepartamento], [NOMDEPARTAMENTO], [ESTADO]) VALUES (21, N'Puno', N'1')
GO
INSERT [dbo].[DEPARTAMENTO] ([IDDepartamento], [NOMDEPARTAMENTO], [ESTADO]) VALUES (22, N'San Martín', N'1')
GO
INSERT [dbo].[DEPARTAMENTO] ([IDDepartamento], [NOMDEPARTAMENTO], [ESTADO]) VALUES (23, N'Tacna', N'1')
GO
INSERT [dbo].[DEPARTAMENTO] ([IDDepartamento], [NOMDEPARTAMENTO], [ESTADO]) VALUES (24, N'Tumbes', N'1')
GO
INSERT [dbo].[DEPARTAMENTO] ([IDDepartamento], [NOMDEPARTAMENTO], [ESTADO]) VALUES (25, N'Ucayali', N'1')
GO
SET IDENTITY_INSERT [dbo].[DEPARTAMENTO] OFF
GO
SET IDENTITY_INSERT [dbo].[DETALLE_PEDIDO] ON 
GO
INSERT [dbo].[DETALLE_PEDIDO] ([IDDETALLE_PEDIDO], [IDPEDIDO], [IDPRODUCTO], [IDAREA], [IDUSUARIO], [CANTIDAD], [PRECIO], [ESTADO]) VALUES (1, 1, 19, 3, 5, 1, CAST(15.00 AS Decimal(6, 2)), N'1')
GO
INSERT [dbo].[DETALLE_PEDIDO] ([IDDETALLE_PEDIDO], [IDPEDIDO], [IDPRODUCTO], [IDAREA], [IDUSUARIO], [CANTIDAD], [PRECIO], [ESTADO]) VALUES (2, 1, 3, 3, 5, 1, CAST(12.00 AS Decimal(6, 2)), N'1')
GO
INSERT [dbo].[DETALLE_PEDIDO] ([IDDETALLE_PEDIDO], [IDPEDIDO], [IDPRODUCTO], [IDAREA], [IDUSUARIO], [CANTIDAD], [PRECIO], [ESTADO]) VALUES (3, 2, 69, 4, 5, 1, CAST(8.00 AS Decimal(6, 2)), N'1')
GO
INSERT [dbo].[DETALLE_PEDIDO] ([IDDETALLE_PEDIDO], [IDPEDIDO], [IDPRODUCTO], [IDAREA], [IDUSUARIO], [CANTIDAD], [PRECIO], [ESTADO]) VALUES (4, 3, 9, 4, 5, 1, CAST(7.50 AS Decimal(6, 2)), N'1')
GO
INSERT [dbo].[DETALLE_PEDIDO] ([IDDETALLE_PEDIDO], [IDPEDIDO], [IDPRODUCTO], [IDAREA], [IDUSUARIO], [CANTIDAD], [PRECIO], [ESTADO]) VALUES (5, 3, 10, 3, 5, 1, CAST(5.50 AS Decimal(6, 2)), N'1')
GO
INSERT [dbo].[DETALLE_PEDIDO] ([IDDETALLE_PEDIDO], [IDPEDIDO], [IDPRODUCTO], [IDAREA], [IDUSUARIO], [CANTIDAD], [PRECIO], [ESTADO]) VALUES (6, 3, 35, 4, 5, 1, CAST(4.00 AS Decimal(6, 2)), N'1')
GO
INSERT [dbo].[DETALLE_PEDIDO] ([IDDETALLE_PEDIDO], [IDPEDIDO], [IDPRODUCTO], [IDAREA], [IDUSUARIO], [CANTIDAD], [PRECIO], [ESTADO]) VALUES (7, 4, 5, 3, 5, 1, CAST(17.00 AS Decimal(6, 2)), N'1')
GO
INSERT [dbo].[DETALLE_PEDIDO] ([IDDETALLE_PEDIDO], [IDPEDIDO], [IDPRODUCTO], [IDAREA], [IDUSUARIO], [CANTIDAD], [PRECIO], [ESTADO]) VALUES (8, 5, 33, 4, 5, 1, CAST(4.00 AS Decimal(6, 2)), N'1')
GO
INSERT [dbo].[DETALLE_PEDIDO] ([IDDETALLE_PEDIDO], [IDPEDIDO], [IDPRODUCTO], [IDAREA], [IDUSUARIO], [CANTIDAD], [PRECIO], [ESTADO]) VALUES (9, 6, 30, 3, 5, 3, CAST(20.00 AS Decimal(6, 2)), N'1')
GO
INSERT [dbo].[DETALLE_PEDIDO] ([IDDETALLE_PEDIDO], [IDPEDIDO], [IDPRODUCTO], [IDAREA], [IDUSUARIO], [CANTIDAD], [PRECIO], [ESTADO]) VALUES (10, 7, 34, 4, 5, 2, CAST(4.00 AS Decimal(6, 2)), N'1')
GO
INSERT [dbo].[DETALLE_PEDIDO] ([IDDETALLE_PEDIDO], [IDPEDIDO], [IDPRODUCTO], [IDAREA], [IDUSUARIO], [CANTIDAD], [PRECIO], [ESTADO]) VALUES (11, 7, 30, 3, 5, 3, CAST(20.00 AS Decimal(6, 2)), N'1')
GO
INSERT [dbo].[DETALLE_PEDIDO] ([IDDETALLE_PEDIDO], [IDPEDIDO], [IDPRODUCTO], [IDAREA], [IDUSUARIO], [CANTIDAD], [PRECIO], [ESTADO]) VALUES (12, 8, 31, 4, 5, 1, CAST(6.50 AS Decimal(6, 2)), N'1')
GO
INSERT [dbo].[DETALLE_PEDIDO] ([IDDETALLE_PEDIDO], [IDPEDIDO], [IDPRODUCTO], [IDAREA], [IDUSUARIO], [CANTIDAD], [PRECIO], [ESTADO]) VALUES (13, 9, 62, 4, 5, 1, CAST(100.00 AS Decimal(6, 2)), N'1')
GO
INSERT [dbo].[DETALLE_PEDIDO] ([IDDETALLE_PEDIDO], [IDPEDIDO], [IDPRODUCTO], [IDAREA], [IDUSUARIO], [CANTIDAD], [PRECIO], [ESTADO]) VALUES (14, 9, 38, 4, 5, 5, CAST(3.00 AS Decimal(6, 2)), N'1')
GO
INSERT [dbo].[DETALLE_PEDIDO] ([IDDETALLE_PEDIDO], [IDPEDIDO], [IDPRODUCTO], [IDAREA], [IDUSUARIO], [CANTIDAD], [PRECIO], [ESTADO]) VALUES (15, 9, 41, 4, 5, 5, CAST(3.00 AS Decimal(6, 2)), N'1')
GO
INSERT [dbo].[DETALLE_PEDIDO] ([IDDETALLE_PEDIDO], [IDPEDIDO], [IDPRODUCTO], [IDAREA], [IDUSUARIO], [CANTIDAD], [PRECIO], [ESTADO]) VALUES (16, 10, 1, 3, 5, 2, CAST(15.00 AS Decimal(6, 2)), N'1')
GO
INSERT [dbo].[DETALLE_PEDIDO] ([IDDETALLE_PEDIDO], [IDPEDIDO], [IDPRODUCTO], [IDAREA], [IDUSUARIO], [CANTIDAD], [PRECIO], [ESTADO]) VALUES (17, 10, 2, 3, 5, 2, CAST(12.00 AS Decimal(6, 2)), N'1')
GO
INSERT [dbo].[DETALLE_PEDIDO] ([IDDETALLE_PEDIDO], [IDPEDIDO], [IDPRODUCTO], [IDAREA], [IDUSUARIO], [CANTIDAD], [PRECIO], [ESTADO]) VALUES (18, 10, 17, 3, 5, 2, CAST(20.00 AS Decimal(6, 2)), N'1')
GO
INSERT [dbo].[DETALLE_PEDIDO] ([IDDETALLE_PEDIDO], [IDPEDIDO], [IDPRODUCTO], [IDAREA], [IDUSUARIO], [CANTIDAD], [PRECIO], [ESTADO]) VALUES (19, 10, 20, 3, 5, 12, CAST(25.00 AS Decimal(6, 2)), N'1')
GO
INSERT [dbo].[DETALLE_PEDIDO] ([IDDETALLE_PEDIDO], [IDPEDIDO], [IDPRODUCTO], [IDAREA], [IDUSUARIO], [CANTIDAD], [PRECIO], [ESTADO]) VALUES (20, 11, 33, 4, 5, 12, CAST(4.00 AS Decimal(6, 2)), N'1')
GO
INSERT [dbo].[DETALLE_PEDIDO] ([IDDETALLE_PEDIDO], [IDPEDIDO], [IDPRODUCTO], [IDAREA], [IDUSUARIO], [CANTIDAD], [PRECIO], [ESTADO]) VALUES (21, 11, 53, 4, 5, 12, CAST(3.00 AS Decimal(6, 2)), N'1')
GO
INSERT [dbo].[DETALLE_PEDIDO] ([IDDETALLE_PEDIDO], [IDPEDIDO], [IDPRODUCTO], [IDAREA], [IDUSUARIO], [CANTIDAD], [PRECIO], [ESTADO]) VALUES (22, 11, 32, 4, 5, 2, CAST(3.00 AS Decimal(6, 2)), N'1')
GO
INSERT [dbo].[DETALLE_PEDIDO] ([IDDETALLE_PEDIDO], [IDPEDIDO], [IDPRODUCTO], [IDAREA], [IDUSUARIO], [CANTIDAD], [PRECIO], [ESTADO]) VALUES (23, 11, 41, 4, 5, 2, CAST(3.00 AS Decimal(6, 2)), N'1')
GO
INSERT [dbo].[DETALLE_PEDIDO] ([IDDETALLE_PEDIDO], [IDPEDIDO], [IDPRODUCTO], [IDAREA], [IDUSUARIO], [CANTIDAD], [PRECIO], [ESTADO]) VALUES (24, 12, 39, 4, 5, 2, CAST(6.50 AS Decimal(6, 2)), N'1')
GO
INSERT [dbo].[DETALLE_PEDIDO] ([IDDETALLE_PEDIDO], [IDPEDIDO], [IDPRODUCTO], [IDAREA], [IDUSUARIO], [CANTIDAD], [PRECIO], [ESTADO]) VALUES (25, 12, 63, 4, 5, 2, CAST(8.00 AS Decimal(6, 2)), N'1')
GO
INSERT [dbo].[DETALLE_PEDIDO] ([IDDETALLE_PEDIDO], [IDPEDIDO], [IDPRODUCTO], [IDAREA], [IDUSUARIO], [CANTIDAD], [PRECIO], [ESTADO]) VALUES (26, 12, 7, 3, 5, 5, CAST(16.00 AS Decimal(6, 2)), N'1')
GO
INSERT [dbo].[DETALLE_PEDIDO] ([IDDETALLE_PEDIDO], [IDPEDIDO], [IDPRODUCTO], [IDAREA], [IDUSUARIO], [CANTIDAD], [PRECIO], [ESTADO]) VALUES (27, 12, 35, 4, 5, 2, CAST(4.00 AS Decimal(6, 2)), N'1')
GO
INSERT [dbo].[DETALLE_PEDIDO] ([IDDETALLE_PEDIDO], [IDPEDIDO], [IDPRODUCTO], [IDAREA], [IDUSUARIO], [CANTIDAD], [PRECIO], [ESTADO]) VALUES (28, 13, 31, 4, 5, 3, CAST(6.50 AS Decimal(6, 2)), N'1')
GO
INSERT [dbo].[DETALLE_PEDIDO] ([IDDETALLE_PEDIDO], [IDPEDIDO], [IDPRODUCTO], [IDAREA], [IDUSUARIO], [CANTIDAD], [PRECIO], [ESTADO]) VALUES (29, 13, 20, 3, 5, 1, CAST(25.00 AS Decimal(6, 2)), N'1')
GO
INSERT [dbo].[DETALLE_PEDIDO] ([IDDETALLE_PEDIDO], [IDPEDIDO], [IDPRODUCTO], [IDAREA], [IDUSUARIO], [CANTIDAD], [PRECIO], [ESTADO]) VALUES (30, 13, 23, 3, 5, 1, CAST(24.00 AS Decimal(6, 2)), N'1')
GO
INSERT [dbo].[DETALLE_PEDIDO] ([IDDETALLE_PEDIDO], [IDPEDIDO], [IDPRODUCTO], [IDAREA], [IDUSUARIO], [CANTIDAD], [PRECIO], [ESTADO]) VALUES (31, 14, 36, 4, 5, 3, CAST(6.00 AS Decimal(6, 2)), N'1')
GO
INSERT [dbo].[DETALLE_PEDIDO] ([IDDETALLE_PEDIDO], [IDPEDIDO], [IDPRODUCTO], [IDAREA], [IDUSUARIO], [CANTIDAD], [PRECIO], [ESTADO]) VALUES (32, 14, 56, 4, 5, 4, CAST(6.00 AS Decimal(6, 2)), N'1')
GO
INSERT [dbo].[DETALLE_PEDIDO] ([IDDETALLE_PEDIDO], [IDPEDIDO], [IDPRODUCTO], [IDAREA], [IDUSUARIO], [CANTIDAD], [PRECIO], [ESTADO]) VALUES (33, 14, 60, 4, 5, 5, CAST(3.00 AS Decimal(6, 2)), N'1')
GO
INSERT [dbo].[DETALLE_PEDIDO] ([IDDETALLE_PEDIDO], [IDPEDIDO], [IDPRODUCTO], [IDAREA], [IDUSUARIO], [CANTIDAD], [PRECIO], [ESTADO]) VALUES (34, 15, 33, 4, 5, 1, CAST(4.00 AS Decimal(6, 2)), N'1')
GO
INSERT [dbo].[DETALLE_PEDIDO] ([IDDETALLE_PEDIDO], [IDPEDIDO], [IDPRODUCTO], [IDAREA], [IDUSUARIO], [CANTIDAD], [PRECIO], [ESTADO]) VALUES (35, 16, 1, 3, 5, 2, CAST(15.00 AS Decimal(6, 2)), N'1')
GO
INSERT [dbo].[DETALLE_PEDIDO] ([IDDETALLE_PEDIDO], [IDPEDIDO], [IDPRODUCTO], [IDAREA], [IDUSUARIO], [CANTIDAD], [PRECIO], [ESTADO]) VALUES (36, 17, 23, 3, 5, 2, CAST(24.00 AS Decimal(6, 2)), N'1')
GO
INSERT [dbo].[DETALLE_PEDIDO] ([IDDETALLE_PEDIDO], [IDPEDIDO], [IDPRODUCTO], [IDAREA], [IDUSUARIO], [CANTIDAD], [PRECIO], [ESTADO]) VALUES (37, 17, 17, 3, 5, 1, CAST(20.00 AS Decimal(6, 2)), N'1')
GO
INSERT [dbo].[DETALLE_PEDIDO] ([IDDETALLE_PEDIDO], [IDPEDIDO], [IDPRODUCTO], [IDAREA], [IDUSUARIO], [CANTIDAD], [PRECIO], [ESTADO]) VALUES (38, 18, 20, 3, 5, 1, CAST(25.00 AS Decimal(6, 2)), N'1')
GO
INSERT [dbo].[DETALLE_PEDIDO] ([IDDETALLE_PEDIDO], [IDPEDIDO], [IDPRODUCTO], [IDAREA], [IDUSUARIO], [CANTIDAD], [PRECIO], [ESTADO]) VALUES (39, 18, 22, 3, 5, 2, CAST(18.00 AS Decimal(6, 2)), N'1')
GO
INSERT [dbo].[DETALLE_PEDIDO] ([IDDETALLE_PEDIDO], [IDPEDIDO], [IDPRODUCTO], [IDAREA], [IDUSUARIO], [CANTIDAD], [PRECIO], [ESTADO]) VALUES (40, 18, 33, 4, 5, 2, CAST(4.00 AS Decimal(6, 2)), N'1')
GO
INSERT [dbo].[DETALLE_PEDIDO] ([IDDETALLE_PEDIDO], [IDPEDIDO], [IDPRODUCTO], [IDAREA], [IDUSUARIO], [CANTIDAD], [PRECIO], [ESTADO]) VALUES (41, 19, 41, 4, 5, 2, CAST(3.00 AS Decimal(6, 2)), N'1')
GO
INSERT [dbo].[DETALLE_PEDIDO] ([IDDETALLE_PEDIDO], [IDPEDIDO], [IDPRODUCTO], [IDAREA], [IDUSUARIO], [CANTIDAD], [PRECIO], [ESTADO]) VALUES (42, 20, 27, 3, 5, 2, CAST(15.00 AS Decimal(6, 2)), N'1')
GO
INSERT [dbo].[DETALLE_PEDIDO] ([IDDETALLE_PEDIDO], [IDPEDIDO], [IDPRODUCTO], [IDAREA], [IDUSUARIO], [CANTIDAD], [PRECIO], [ESTADO]) VALUES (43, 20, 28, 3, 5, 2, CAST(12.00 AS Decimal(6, 2)), N'1')
GO
INSERT [dbo].[DETALLE_PEDIDO] ([IDDETALLE_PEDIDO], [IDPEDIDO], [IDPRODUCTO], [IDAREA], [IDUSUARIO], [CANTIDAD], [PRECIO], [ESTADO]) VALUES (44, 21, 31, 4, 5, 1, CAST(6.50 AS Decimal(6, 2)), N'1')
GO
INSERT [dbo].[DETALLE_PEDIDO] ([IDDETALLE_PEDIDO], [IDPEDIDO], [IDPRODUCTO], [IDAREA], [IDUSUARIO], [CANTIDAD], [PRECIO], [ESTADO]) VALUES (45, 21, 49, 3, 5, 1, CAST(4.50 AS Decimal(6, 2)), N'1')
GO
INSERT [dbo].[DETALLE_PEDIDO] ([IDDETALLE_PEDIDO], [IDPEDIDO], [IDPRODUCTO], [IDAREA], [IDUSUARIO], [CANTIDAD], [PRECIO], [ESTADO]) VALUES (46, 21, 51, 3, 5, 3, CAST(7.00 AS Decimal(6, 2)), N'1')
GO
INSERT [dbo].[DETALLE_PEDIDO] ([IDDETALLE_PEDIDO], [IDPEDIDO], [IDPRODUCTO], [IDAREA], [IDUSUARIO], [CANTIDAD], [PRECIO], [ESTADO]) VALUES (47, 22, 53, 3, 5, 6, CAST(3.00 AS Decimal(6, 2)), N'1')
GO
INSERT [dbo].[DETALLE_PEDIDO] ([IDDETALLE_PEDIDO], [IDPEDIDO], [IDPRODUCTO], [IDAREA], [IDUSUARIO], [CANTIDAD], [PRECIO], [ESTADO]) VALUES (48, 23, 26, 3, 5, 2, CAST(19.00 AS Decimal(6, 2)), N'1')
GO
INSERT [dbo].[DETALLE_PEDIDO] ([IDDETALLE_PEDIDO], [IDPEDIDO], [IDPRODUCTO], [IDAREA], [IDUSUARIO], [CANTIDAD], [PRECIO], [ESTADO]) VALUES (49, 23, 47, 4, 5, 4, CAST(2.00 AS Decimal(6, 2)), N'1')
GO
INSERT [dbo].[DETALLE_PEDIDO] ([IDDETALLE_PEDIDO], [IDPEDIDO], [IDPRODUCTO], [IDAREA], [IDUSUARIO], [CANTIDAD], [PRECIO], [ESTADO]) VALUES (50, 24, 37, 4, 5, 2, CAST(3.00 AS Decimal(6, 2)), N'1')
GO
INSERT [dbo].[DETALLE_PEDIDO] ([IDDETALLE_PEDIDO], [IDPEDIDO], [IDPRODUCTO], [IDAREA], [IDUSUARIO], [CANTIDAD], [PRECIO], [ESTADO]) VALUES (51, 25, 3, 3, 5, 2, CAST(12.00 AS Decimal(6, 2)), N'1')
GO
INSERT [dbo].[DETALLE_PEDIDO] ([IDDETALLE_PEDIDO], [IDPEDIDO], [IDPRODUCTO], [IDAREA], [IDUSUARIO], [CANTIDAD], [PRECIO], [ESTADO]) VALUES (52, 26, 10, 3, 5, 2, CAST(5.50 AS Decimal(6, 2)), N'1')
GO
INSERT [dbo].[DETALLE_PEDIDO] ([IDDETALLE_PEDIDO], [IDPEDIDO], [IDPRODUCTO], [IDAREA], [IDUSUARIO], [CANTIDAD], [PRECIO], [ESTADO]) VALUES (53, 27, 22, 3, 5, 3, CAST(18.00 AS Decimal(6, 2)), N'1')
GO
INSERT [dbo].[DETALLE_PEDIDO] ([IDDETALLE_PEDIDO], [IDPEDIDO], [IDPRODUCTO], [IDAREA], [IDUSUARIO], [CANTIDAD], [PRECIO], [ESTADO]) VALUES (54, 28, 5, 3, 5, 2, CAST(17.00 AS Decimal(6, 2)), N'1')
GO
INSERT [dbo].[DETALLE_PEDIDO] ([IDDETALLE_PEDIDO], [IDPEDIDO], [IDPRODUCTO], [IDAREA], [IDUSUARIO], [CANTIDAD], [PRECIO], [ESTADO]) VALUES (55, 29, 44, 3, 5, 5, CAST(5.50 AS Decimal(6, 2)), N'1')
GO
INSERT [dbo].[DETALLE_PEDIDO] ([IDDETALLE_PEDIDO], [IDPEDIDO], [IDPRODUCTO], [IDAREA], [IDUSUARIO], [CANTIDAD], [PRECIO], [ESTADO]) VALUES (56, 30, 33, 4, 5, 3, CAST(4.00 AS Decimal(6, 2)), N'1')
GO
INSERT [dbo].[DETALLE_PEDIDO] ([IDDETALLE_PEDIDO], [IDPEDIDO], [IDPRODUCTO], [IDAREA], [IDUSUARIO], [CANTIDAD], [PRECIO], [ESTADO]) VALUES (57, 31, 43, 4, 5, 3, CAST(5.00 AS Decimal(6, 2)), N'1')
GO
INSERT [dbo].[DETALLE_PEDIDO] ([IDDETALLE_PEDIDO], [IDPEDIDO], [IDPRODUCTO], [IDAREA], [IDUSUARIO], [CANTIDAD], [PRECIO], [ESTADO]) VALUES (58, 32, 13, 3, 5, 2, CAST(10.00 AS Decimal(6, 2)), N'1')
GO
INSERT [dbo].[DETALLE_PEDIDO] ([IDDETALLE_PEDIDO], [IDPEDIDO], [IDPRODUCTO], [IDAREA], [IDUSUARIO], [CANTIDAD], [PRECIO], [ESTADO]) VALUES (59, 33, 32, 4, 5, 2, CAST(3.00 AS Decimal(6, 2)), N'1')
GO
INSERT [dbo].[DETALLE_PEDIDO] ([IDDETALLE_PEDIDO], [IDPEDIDO], [IDPRODUCTO], [IDAREA], [IDUSUARIO], [CANTIDAD], [PRECIO], [ESTADO]) VALUES (60, 34, 36, 4, 5, 4, CAST(6.00 AS Decimal(6, 2)), N'1')
GO
INSERT [dbo].[DETALLE_PEDIDO] ([IDDETALLE_PEDIDO], [IDPEDIDO], [IDPRODUCTO], [IDAREA], [IDUSUARIO], [CANTIDAD], [PRECIO], [ESTADO]) VALUES (61, 35, 29, 3, 5, 1, CAST(16.00 AS Decimal(6, 2)), N'1')
GO
INSERT [dbo].[DETALLE_PEDIDO] ([IDDETALLE_PEDIDO], [IDPEDIDO], [IDPRODUCTO], [IDAREA], [IDUSUARIO], [CANTIDAD], [PRECIO], [ESTADO]) VALUES (62, 36, 23, 3, 5, 2, CAST(24.00 AS Decimal(6, 2)), N'1')
GO
INSERT [dbo].[DETALLE_PEDIDO] ([IDDETALLE_PEDIDO], [IDPEDIDO], [IDPRODUCTO], [IDAREA], [IDUSUARIO], [CANTIDAD], [PRECIO], [ESTADO]) VALUES (63, 36, 70, 4, 5, 3, CAST(8.00 AS Decimal(6, 2)), N'1')
GO
INSERT [dbo].[DETALLE_PEDIDO] ([IDDETALLE_PEDIDO], [IDPEDIDO], [IDPRODUCTO], [IDAREA], [IDUSUARIO], [CANTIDAD], [PRECIO], [ESTADO]) VALUES (64, 36, 35, 4, 5, 5, CAST(4.00 AS Decimal(6, 2)), N'1')
GO
INSERT [dbo].[DETALLE_PEDIDO] ([IDDETALLE_PEDIDO], [IDPEDIDO], [IDPRODUCTO], [IDAREA], [IDUSUARIO], [CANTIDAD], [PRECIO], [ESTADO]) VALUES (65, 36, 45, 4, 5, 5, CAST(3.50 AS Decimal(6, 2)), N'1')
GO
INSERT [dbo].[DETALLE_PEDIDO] ([IDDETALLE_PEDIDO], [IDPEDIDO], [IDPRODUCTO], [IDAREA], [IDUSUARIO], [CANTIDAD], [PRECIO], [ESTADO]) VALUES (66, 37, 42, 4, 5, 8, CAST(6.00 AS Decimal(6, 2)), N'1')
GO
INSERT [dbo].[DETALLE_PEDIDO] ([IDDETALLE_PEDIDO], [IDPEDIDO], [IDPRODUCTO], [IDAREA], [IDUSUARIO], [CANTIDAD], [PRECIO], [ESTADO]) VALUES (67, 38, 20, 3, 5, 12, CAST(25.00 AS Decimal(6, 2)), N'1')
GO
INSERT [dbo].[DETALLE_PEDIDO] ([IDDETALLE_PEDIDO], [IDPEDIDO], [IDPRODUCTO], [IDAREA], [IDUSUARIO], [CANTIDAD], [PRECIO], [ESTADO]) VALUES (68, 39, 22, 3, 5, 4, CAST(18.00 AS Decimal(6, 2)), N'1')
GO
INSERT [dbo].[DETALLE_PEDIDO] ([IDDETALLE_PEDIDO], [IDPEDIDO], [IDPRODUCTO], [IDAREA], [IDUSUARIO], [CANTIDAD], [PRECIO], [ESTADO]) VALUES (69, 40, 41, 4, 5, 7, CAST(3.00 AS Decimal(6, 2)), N'1')
GO
INSERT [dbo].[DETALLE_PEDIDO] ([IDDETALLE_PEDIDO], [IDPEDIDO], [IDPRODUCTO], [IDAREA], [IDUSUARIO], [CANTIDAD], [PRECIO], [ESTADO]) VALUES (70, 41, 31, 4, 5, 4, CAST(6.50 AS Decimal(6, 2)), N'1')
GO
INSERT [dbo].[DETALLE_PEDIDO] ([IDDETALLE_PEDIDO], [IDPEDIDO], [IDPRODUCTO], [IDAREA], [IDUSUARIO], [CANTIDAD], [PRECIO], [ESTADO]) VALUES (71, 42, 25, 3, 5, 2, CAST(20.00 AS Decimal(6, 2)), N'1')
GO
INSERT [dbo].[DETALLE_PEDIDO] ([IDDETALLE_PEDIDO], [IDPEDIDO], [IDPRODUCTO], [IDAREA], [IDUSUARIO], [CANTIDAD], [PRECIO], [ESTADO]) VALUES (72, 43, 55, 4, 5, 21, CAST(5.00 AS Decimal(6, 2)), N'1')
GO
INSERT [dbo].[DETALLE_PEDIDO] ([IDDETALLE_PEDIDO], [IDPEDIDO], [IDPRODUCTO], [IDAREA], [IDUSUARIO], [CANTIDAD], [PRECIO], [ESTADO]) VALUES (73, 44, 11, 3, 5, 4, CAST(25.00 AS Decimal(6, 2)), N'1')
GO
INSERT [dbo].[DETALLE_PEDIDO] ([IDDETALLE_PEDIDO], [IDPEDIDO], [IDPRODUCTO], [IDAREA], [IDUSUARIO], [CANTIDAD], [PRECIO], [ESTADO]) VALUES (74, 44, 32, 4, 5, 3, CAST(3.00 AS Decimal(6, 2)), N'1')
GO
INSERT [dbo].[DETALLE_PEDIDO] ([IDDETALLE_PEDIDO], [IDPEDIDO], [IDPRODUCTO], [IDAREA], [IDUSUARIO], [CANTIDAD], [PRECIO], [ESTADO]) VALUES (75, 44, 22, 3, 5, 11, CAST(18.00 AS Decimal(6, 2)), N'1')
GO
INSERT [dbo].[DETALLE_PEDIDO] ([IDDETALLE_PEDIDO], [IDPEDIDO], [IDPRODUCTO], [IDAREA], [IDUSUARIO], [CANTIDAD], [PRECIO], [ESTADO]) VALUES (76, 44, 34, 4, 5, 5, CAST(3.00 AS Decimal(6, 2)), N'1')
GO
INSERT [dbo].[DETALLE_PEDIDO] ([IDDETALLE_PEDIDO], [IDPEDIDO], [IDPRODUCTO], [IDAREA], [IDUSUARIO], [CANTIDAD], [PRECIO], [ESTADO]) VALUES (77, 45, 23, 3, 5, 2, CAST(24.00 AS Decimal(6, 2)), N'1')
GO
INSERT [dbo].[DETALLE_PEDIDO] ([IDDETALLE_PEDIDO], [IDPEDIDO], [IDPRODUCTO], [IDAREA], [IDUSUARIO], [CANTIDAD], [PRECIO], [ESTADO]) VALUES (78, 46, 36, 4, 5, 2, CAST(6.00 AS Decimal(6, 2)), N'1')
GO
INSERT [dbo].[DETALLE_PEDIDO] ([IDDETALLE_PEDIDO], [IDPEDIDO], [IDPRODUCTO], [IDAREA], [IDUSUARIO], [CANTIDAD], [PRECIO], [ESTADO]) VALUES (79, 46, 19, 3, 5, 2, CAST(16.00 AS Decimal(6, 2)), N'1')
GO
INSERT [dbo].[DETALLE_PEDIDO] ([IDDETALLE_PEDIDO], [IDPEDIDO], [IDPRODUCTO], [IDAREA], [IDUSUARIO], [CANTIDAD], [PRECIO], [ESTADO]) VALUES (80, 47, 33, 4, 5, 5, CAST(4.00 AS Decimal(6, 2)), N'1')
GO
INSERT [dbo].[DETALLE_PEDIDO] ([IDDETALLE_PEDIDO], [IDPEDIDO], [IDPRODUCTO], [IDAREA], [IDUSUARIO], [CANTIDAD], [PRECIO], [ESTADO]) VALUES (81, 47, 63, 4, 5, 2, CAST(8.00 AS Decimal(6, 2)), N'1')
GO
INSERT [dbo].[DETALLE_PEDIDO] ([IDDETALLE_PEDIDO], [IDPEDIDO], [IDPRODUCTO], [IDAREA], [IDUSUARIO], [CANTIDAD], [PRECIO], [ESTADO]) VALUES (82, 47, 52, 4, 5, 5, CAST(3.00 AS Decimal(6, 2)), N'1')
GO
INSERT [dbo].[DETALLE_PEDIDO] ([IDDETALLE_PEDIDO], [IDPEDIDO], [IDPRODUCTO], [IDAREA], [IDUSUARIO], [CANTIDAD], [PRECIO], [ESTADO]) VALUES (83, 48, 54, 4, 5, 12, CAST(4.00 AS Decimal(6, 2)), N'1')
GO
INSERT [dbo].[DETALLE_PEDIDO] ([IDDETALLE_PEDIDO], [IDPEDIDO], [IDPRODUCTO], [IDAREA], [IDUSUARIO], [CANTIDAD], [PRECIO], [ESTADO]) VALUES (84, 49, 60, 4, 5, 5, CAST(3.00 AS Decimal(6, 2)), N'1')
GO
INSERT [dbo].[DETALLE_PEDIDO] ([IDDETALLE_PEDIDO], [IDPEDIDO], [IDPRODUCTO], [IDAREA], [IDUSUARIO], [CANTIDAD], [PRECIO], [ESTADO]) VALUES (85, 50, 49, 4, 5, 2, CAST(4.50 AS Decimal(6, 2)), N'1')
GO
INSERT [dbo].[DETALLE_PEDIDO] ([IDDETALLE_PEDIDO], [IDPEDIDO], [IDPRODUCTO], [IDAREA], [IDUSUARIO], [CANTIDAD], [PRECIO], [ESTADO]) VALUES (86, 51, 48, 4, 5, 2, CAST(5.00 AS Decimal(6, 2)), N'1')
GO
INSERT [dbo].[DETALLE_PEDIDO] ([IDDETALLE_PEDIDO], [IDPEDIDO], [IDPRODUCTO], [IDAREA], [IDUSUARIO], [CANTIDAD], [PRECIO], [ESTADO]) VALUES (87, 52, 41, 4, 5, 5, CAST(3.00 AS Decimal(6, 2)), N'1')
GO
INSERT [dbo].[DETALLE_PEDIDO] ([IDDETALLE_PEDIDO], [IDPEDIDO], [IDPRODUCTO], [IDAREA], [IDUSUARIO], [CANTIDAD], [PRECIO], [ESTADO]) VALUES (88, 53, 32, 4, 5, 2, CAST(3.00 AS Decimal(6, 2)), N'1')
GO
INSERT [dbo].[DETALLE_PEDIDO] ([IDDETALLE_PEDIDO], [IDPEDIDO], [IDPRODUCTO], [IDAREA], [IDUSUARIO], [CANTIDAD], [PRECIO], [ESTADO]) VALUES (89, 54, 2, 3, 5, 3, CAST(12.00 AS Decimal(6, 2)), N'1')
GO
INSERT [dbo].[DETALLE_PEDIDO] ([IDDETALLE_PEDIDO], [IDPEDIDO], [IDPRODUCTO], [IDAREA], [IDUSUARIO], [CANTIDAD], [PRECIO], [ESTADO]) VALUES (90, 55, 13, 3, 5, 3, CAST(10.00 AS Decimal(6, 2)), N'1')
GO
INSERT [dbo].[DETALLE_PEDIDO] ([IDDETALLE_PEDIDO], [IDPEDIDO], [IDPRODUCTO], [IDAREA], [IDUSUARIO], [CANTIDAD], [PRECIO], [ESTADO]) VALUES (91, 56, 19, 3, 5, 1, CAST(15.00 AS Decimal(6, 2)), N'1')
GO
INSERT [dbo].[DETALLE_PEDIDO] ([IDDETALLE_PEDIDO], [IDPEDIDO], [IDPRODUCTO], [IDAREA], [IDUSUARIO], [CANTIDAD], [PRECIO], [ESTADO]) VALUES (92, 56, 26, 3, 5, 1, CAST(19.00 AS Decimal(6, 2)), N'1')
GO
INSERT [dbo].[DETALLE_PEDIDO] ([IDDETALLE_PEDIDO], [IDPEDIDO], [IDPRODUCTO], [IDAREA], [IDUSUARIO], [CANTIDAD], [PRECIO], [ESTADO]) VALUES (93, 56, 21, 3, 5, 1, CAST(20.00 AS Decimal(6, 2)), N'1')
GO
INSERT [dbo].[DETALLE_PEDIDO] ([IDDETALLE_PEDIDO], [IDPEDIDO], [IDPRODUCTO], [IDAREA], [IDUSUARIO], [CANTIDAD], [PRECIO], [ESTADO]) VALUES (94, 57, 24, 3, 5, 1, CAST(24.00 AS Decimal(6, 2)), N'1')
GO
INSERT [dbo].[DETALLE_PEDIDO] ([IDDETALLE_PEDIDO], [IDPEDIDO], [IDPRODUCTO], [IDAREA], [IDUSUARIO], [CANTIDAD], [PRECIO], [ESTADO]) VALUES (95, 57, 21, 3, 5, 2, CAST(20.00 AS Decimal(6, 2)), N'1')
GO
INSERT [dbo].[DETALLE_PEDIDO] ([IDDETALLE_PEDIDO], [IDPEDIDO], [IDPRODUCTO], [IDAREA], [IDUSUARIO], [CANTIDAD], [PRECIO], [ESTADO]) VALUES (96, 58, 33, 4, 5, 1, CAST(4.00 AS Decimal(6, 2)), N'1')
GO
INSERT [dbo].[DETALLE_PEDIDO] ([IDDETALLE_PEDIDO], [IDPEDIDO], [IDPRODUCTO], [IDAREA], [IDUSUARIO], [CANTIDAD], [PRECIO], [ESTADO]) VALUES (97, 59, 37, 4, 5, 2, CAST(3.00 AS Decimal(6, 2)), N'1')
GO
INSERT [dbo].[DETALLE_PEDIDO] ([IDDETALLE_PEDIDO], [IDPEDIDO], [IDPRODUCTO], [IDAREA], [IDUSUARIO], [CANTIDAD], [PRECIO], [ESTADO]) VALUES (98, 60, 12, 3, 5, 2, CAST(18.00 AS Decimal(6, 2)), N'1')
GO
INSERT [dbo].[DETALLE_PEDIDO] ([IDDETALLE_PEDIDO], [IDPEDIDO], [IDPRODUCTO], [IDAREA], [IDUSUARIO], [CANTIDAD], [PRECIO], [ESTADO]) VALUES (99, 60, 30, 3, 5, 3, CAST(20.00 AS Decimal(6, 2)), N'1')
GO
INSERT [dbo].[DETALLE_PEDIDO] ([IDDETALLE_PEDIDO], [IDPEDIDO], [IDPRODUCTO], [IDAREA], [IDUSUARIO], [CANTIDAD], [PRECIO], [ESTADO]) VALUES (100, 61, 1, 3, 5, 5, CAST(15.00 AS Decimal(6, 2)), N'1')
GO
INSERT [dbo].[DETALLE_PEDIDO] ([IDDETALLE_PEDIDO], [IDPEDIDO], [IDPRODUCTO], [IDAREA], [IDUSUARIO], [CANTIDAD], [PRECIO], [ESTADO]) VALUES (101, 62, 10, 3, 5, 5, CAST(5.50 AS Decimal(6, 2)), N'1')
GO
INSERT [dbo].[DETALLE_PEDIDO] ([IDDETALLE_PEDIDO], [IDPEDIDO], [IDPRODUCTO], [IDAREA], [IDUSUARIO], [CANTIDAD], [PRECIO], [ESTADO]) VALUES (102, 63, 15, 3, 5, 2, CAST(7.50 AS Decimal(6, 2)), N'1')
GO
INSERT [dbo].[DETALLE_PEDIDO] ([IDDETALLE_PEDIDO], [IDPEDIDO], [IDPRODUCTO], [IDAREA], [IDUSUARIO], [CANTIDAD], [PRECIO], [ESTADO]) VALUES (103, 64, 44, 4, 5, 2, CAST(5.50 AS Decimal(6, 2)), N'1')
GO
INSERT [dbo].[DETALLE_PEDIDO] ([IDDETALLE_PEDIDO], [IDPEDIDO], [IDPRODUCTO], [IDAREA], [IDUSUARIO], [CANTIDAD], [PRECIO], [ESTADO]) VALUES (104, 64, 26, 3, 5, 3, CAST(19.00 AS Decimal(6, 2)), N'1')
GO
INSERT [dbo].[DETALLE_PEDIDO] ([IDDETALLE_PEDIDO], [IDPEDIDO], [IDPRODUCTO], [IDAREA], [IDUSUARIO], [CANTIDAD], [PRECIO], [ESTADO]) VALUES (105, 65, 3, 3, 5, 4, CAST(12.00 AS Decimal(6, 2)), N'1')
GO
INSERT [dbo].[DETALLE_PEDIDO] ([IDDETALLE_PEDIDO], [IDPEDIDO], [IDPRODUCTO], [IDAREA], [IDUSUARIO], [CANTIDAD], [PRECIO], [ESTADO]) VALUES (106, 66, 22, 3, 5, 2, CAST(18.00 AS Decimal(6, 2)), N'1')
GO
INSERT [dbo].[DETALLE_PEDIDO] ([IDDETALLE_PEDIDO], [IDPEDIDO], [IDPRODUCTO], [IDAREA], [IDUSUARIO], [CANTIDAD], [PRECIO], [ESTADO]) VALUES (107, 67, 33, 4, 5, 2, CAST(4.00 AS Decimal(6, 2)), N'1')
GO
INSERT [dbo].[DETALLE_PEDIDO] ([IDDETALLE_PEDIDO], [IDPEDIDO], [IDPRODUCTO], [IDAREA], [IDUSUARIO], [CANTIDAD], [PRECIO], [ESTADO]) VALUES (108, 67, 41, 4, 5, 2, CAST(3.00 AS Decimal(6, 2)), N'1')
GO
INSERT [dbo].[DETALLE_PEDIDO] ([IDDETALLE_PEDIDO], [IDPEDIDO], [IDPRODUCTO], [IDAREA], [IDUSUARIO], [CANTIDAD], [PRECIO], [ESTADO]) VALUES (109, 68, 69, 4, 5, 2, CAST(8.00 AS Decimal(6, 2)), N'1')
GO
INSERT [dbo].[DETALLE_PEDIDO] ([IDDETALLE_PEDIDO], [IDPEDIDO], [IDPRODUCTO], [IDAREA], [IDUSUARIO], [CANTIDAD], [PRECIO], [ESTADO]) VALUES (110, 68, 51, 4, 5, 3, CAST(7.00 AS Decimal(6, 2)), N'1')
GO
INSERT [dbo].[DETALLE_PEDIDO] ([IDDETALLE_PEDIDO], [IDPEDIDO], [IDPRODUCTO], [IDAREA], [IDUSUARIO], [CANTIDAD], [PRECIO], [ESTADO]) VALUES (111, 69, 46, 4, 5, 2, CAST(6.00 AS Decimal(6, 2)), N'1')
GO
INSERT [dbo].[DETALLE_PEDIDO] ([IDDETALLE_PEDIDO], [IDPEDIDO], [IDPRODUCTO], [IDAREA], [IDUSUARIO], [CANTIDAD], [PRECIO], [ESTADO]) VALUES (112, 70, 25, 3, 5, 1, CAST(20.00 AS Decimal(6, 2)), N'1')
GO
INSERT [dbo].[DETALLE_PEDIDO] ([IDDETALLE_PEDIDO], [IDPEDIDO], [IDPRODUCTO], [IDAREA], [IDUSUARIO], [CANTIDAD], [PRECIO], [ESTADO]) VALUES (113, 71, 26, 4, 5, 14, CAST(6.00 AS Decimal(6, 2)), N'1')
GO
INSERT [dbo].[DETALLE_PEDIDO] ([IDDETALLE_PEDIDO], [IDPEDIDO], [IDPRODUCTO], [IDAREA], [IDUSUARIO], [CANTIDAD], [PRECIO], [ESTADO]) VALUES (114, 72, 30, 3, 5, 5, CAST(20.00 AS Decimal(6, 2)), N'1')
GO
INSERT [dbo].[DETALLE_PEDIDO] ([IDDETALLE_PEDIDO], [IDPEDIDO], [IDPRODUCTO], [IDAREA], [IDUSUARIO], [CANTIDAD], [PRECIO], [ESTADO]) VALUES (115, 73, 33, 4, 5, 5, CAST(4.00 AS Decimal(6, 2)), N'1')
GO
INSERT [dbo].[DETALLE_PEDIDO] ([IDDETALLE_PEDIDO], [IDPEDIDO], [IDPRODUCTO], [IDAREA], [IDUSUARIO], [CANTIDAD], [PRECIO], [ESTADO]) VALUES (116, 74, 66, 4, 5, 6, CAST(7.00 AS Decimal(6, 2)), N'1')
GO
INSERT [dbo].[DETALLE_PEDIDO] ([IDDETALLE_PEDIDO], [IDPEDIDO], [IDPRODUCTO], [IDAREA], [IDUSUARIO], [CANTIDAD], [PRECIO], [ESTADO]) VALUES (117, 74, 54, 4, 5, 2, CAST(4.00 AS Decimal(6, 2)), N'1')
GO
INSERT [dbo].[DETALLE_PEDIDO] ([IDDETALLE_PEDIDO], [IDPEDIDO], [IDPRODUCTO], [IDAREA], [IDUSUARIO], [CANTIDAD], [PRECIO], [ESTADO]) VALUES (118, 75, 29, 3, 5, 6, CAST(16.00 AS Decimal(6, 2)), N'1')
GO
INSERT [dbo].[DETALLE_PEDIDO] ([IDDETALLE_PEDIDO], [IDPEDIDO], [IDPRODUCTO], [IDAREA], [IDUSUARIO], [CANTIDAD], [PRECIO], [ESTADO]) VALUES (119, 76, 27, 3, 5, 2, CAST(15.00 AS Decimal(6, 2)), N'1')
GO
INSERT [dbo].[DETALLE_PEDIDO] ([IDDETALLE_PEDIDO], [IDPEDIDO], [IDPRODUCTO], [IDAREA], [IDUSUARIO], [CANTIDAD], [PRECIO], [ESTADO]) VALUES (120, 76, 36, 4, 5, 3, CAST(6.00 AS Decimal(6, 2)), N'1')
GO
INSERT [dbo].[DETALLE_PEDIDO] ([IDDETALLE_PEDIDO], [IDPEDIDO], [IDPRODUCTO], [IDAREA], [IDUSUARIO], [CANTIDAD], [PRECIO], [ESTADO]) VALUES (121, 77, 19, 3, 5, 4, CAST(15.00 AS Decimal(6, 2)), N'1')
GO
INSERT [dbo].[DETALLE_PEDIDO] ([IDDETALLE_PEDIDO], [IDPEDIDO], [IDPRODUCTO], [IDAREA], [IDUSUARIO], [CANTIDAD], [PRECIO], [ESTADO]) VALUES (122, 78, 33, 4, 5, 4, CAST(4.00 AS Decimal(6, 2)), N'1')
GO
INSERT [dbo].[DETALLE_PEDIDO] ([IDDETALLE_PEDIDO], [IDPEDIDO], [IDPRODUCTO], [IDAREA], [IDUSUARIO], [CANTIDAD], [PRECIO], [ESTADO]) VALUES (123, 79, 17, 3, 5, 4, CAST(20.00 AS Decimal(6, 2)), N'1')
GO
INSERT [dbo].[DETALLE_PEDIDO] ([IDDETALLE_PEDIDO], [IDPEDIDO], [IDPRODUCTO], [IDAREA], [IDUSUARIO], [CANTIDAD], [PRECIO], [ESTADO]) VALUES (124, 80, 12, 3, 5, 4, CAST(18.00 AS Decimal(6, 2)), N'1')
GO
INSERT [dbo].[DETALLE_PEDIDO] ([IDDETALLE_PEDIDO], [IDPEDIDO], [IDPRODUCTO], [IDAREA], [IDUSUARIO], [CANTIDAD], [PRECIO], [ESTADO]) VALUES (125, 81, 67, 4, 5, 2, CAST(8.00 AS Decimal(6, 2)), N'1')
GO
INSERT [dbo].[DETALLE_PEDIDO] ([IDDETALLE_PEDIDO], [IDPEDIDO], [IDPRODUCTO], [IDAREA], [IDUSUARIO], [CANTIDAD], [PRECIO], [ESTADO]) VALUES (126, 81, 29, 3, 5, 3, CAST(16.00 AS Decimal(6, 2)), N'1')
GO
INSERT [dbo].[DETALLE_PEDIDO] ([IDDETALLE_PEDIDO], [IDPEDIDO], [IDPRODUCTO], [IDAREA], [IDUSUARIO], [CANTIDAD], [PRECIO], [ESTADO]) VALUES (127, 82, 26, 3, 5, 3, CAST(19.00 AS Decimal(6, 2)), N'1')
GO
INSERT [dbo].[DETALLE_PEDIDO] ([IDDETALLE_PEDIDO], [IDPEDIDO], [IDPRODUCTO], [IDAREA], [IDUSUARIO], [CANTIDAD], [PRECIO], [ESTADO]) VALUES (128, 83, 20, 3, 5, 13, CAST(25.00 AS Decimal(6, 2)), N'1')
GO
INSERT [dbo].[DETALLE_PEDIDO] ([IDDETALLE_PEDIDO], [IDPEDIDO], [IDPRODUCTO], [IDAREA], [IDUSUARIO], [CANTIDAD], [PRECIO], [ESTADO]) VALUES (129, 83, 33, 4, 5, 13, CAST(4.00 AS Decimal(6, 2)), N'1')
GO
INSERT [dbo].[DETALLE_PEDIDO] ([IDDETALLE_PEDIDO], [IDPEDIDO], [IDPRODUCTO], [IDAREA], [IDUSUARIO], [CANTIDAD], [PRECIO], [ESTADO]) VALUES (130, 83, 41, 4, 5, 13, CAST(3.00 AS Decimal(6, 2)), N'1')
GO
INSERT [dbo].[DETALLE_PEDIDO] ([IDDETALLE_PEDIDO], [IDPEDIDO], [IDPRODUCTO], [IDAREA], [IDUSUARIO], [CANTIDAD], [PRECIO], [ESTADO]) VALUES (131, 84, 28, 3, 5, 1, CAST(12.00 AS Decimal(6, 2)), N'1')
GO
INSERT [dbo].[DETALLE_PEDIDO] ([IDDETALLE_PEDIDO], [IDPEDIDO], [IDPRODUCTO], [IDAREA], [IDUSUARIO], [CANTIDAD], [PRECIO], [ESTADO]) VALUES (132, 85, 19, 3, 5, 1, CAST(15.00 AS Decimal(6, 2)), N'1')
GO
INSERT [dbo].[DETALLE_PEDIDO] ([IDDETALLE_PEDIDO], [IDPEDIDO], [IDPRODUCTO], [IDAREA], [IDUSUARIO], [CANTIDAD], [PRECIO], [ESTADO]) VALUES (133, 85, 45, 4, 5, 4, CAST(3.50 AS Decimal(6, 2)), N'1')
GO
INSERT [dbo].[DETALLE_PEDIDO] ([IDDETALLE_PEDIDO], [IDPEDIDO], [IDPRODUCTO], [IDAREA], [IDUSUARIO], [CANTIDAD], [PRECIO], [ESTADO]) VALUES (134, 86, 17, 3, 5, 2, CAST(20.00 AS Decimal(6, 2)), N'1')
GO
INSERT [dbo].[DETALLE_PEDIDO] ([IDDETALLE_PEDIDO], [IDPEDIDO], [IDPRODUCTO], [IDAREA], [IDUSUARIO], [CANTIDAD], [PRECIO], [ESTADO]) VALUES (135, 86, 21, 3, 5, 4, CAST(20.00 AS Decimal(6, 2)), N'1')
GO
INSERT [dbo].[DETALLE_PEDIDO] ([IDDETALLE_PEDIDO], [IDPEDIDO], [IDPRODUCTO], [IDAREA], [IDUSUARIO], [CANTIDAD], [PRECIO], [ESTADO]) VALUES (136, 86, 33, 4, 5, 4, CAST(4.00 AS Decimal(6, 2)), N'1')
GO
INSERT [dbo].[DETALLE_PEDIDO] ([IDDETALLE_PEDIDO], [IDPEDIDO], [IDPRODUCTO], [IDAREA], [IDUSUARIO], [CANTIDAD], [PRECIO], [ESTADO]) VALUES (137, 87, 31, 4, 5, 5, CAST(6.50 AS Decimal(6, 2)), N'1')
GO
INSERT [dbo].[DETALLE_PEDIDO] ([IDDETALLE_PEDIDO], [IDPEDIDO], [IDPRODUCTO], [IDAREA], [IDUSUARIO], [CANTIDAD], [PRECIO], [ESTADO]) VALUES (138, 88, 22, 3, 5, 6, CAST(18.00 AS Decimal(6, 2)), N'1')
GO
INSERT [dbo].[DETALLE_PEDIDO] ([IDDETALLE_PEDIDO], [IDPEDIDO], [IDPRODUCTO], [IDAREA], [IDUSUARIO], [CANTIDAD], [PRECIO], [ESTADO]) VALUES (139, 88, 19, 3, 5, 2, CAST(15.00 AS Decimal(6, 2)), N'1')
GO
INSERT [dbo].[DETALLE_PEDIDO] ([IDDETALLE_PEDIDO], [IDPEDIDO], [IDPRODUCTO], [IDAREA], [IDUSUARIO], [CANTIDAD], [PRECIO], [ESTADO]) VALUES (140, 88, 35, 4, 5, 5, CAST(4.00 AS Decimal(6, 2)), N'1')
GO
INSERT [dbo].[DETALLE_PEDIDO] ([IDDETALLE_PEDIDO], [IDPEDIDO], [IDPRODUCTO], [IDAREA], [IDUSUARIO], [CANTIDAD], [PRECIO], [ESTADO]) VALUES (141, 88, 33, 4, 5, 7, CAST(4.00 AS Decimal(6, 2)), N'1')
GO
INSERT [dbo].[DETALLE_PEDIDO] ([IDDETALLE_PEDIDO], [IDPEDIDO], [IDPRODUCTO], [IDAREA], [IDUSUARIO], [CANTIDAD], [PRECIO], [ESTADO]) VALUES (142, 88, 17, 3, 5, 9, CAST(20.00 AS Decimal(6, 2)), N'1')
GO
INSERT [dbo].[DETALLE_PEDIDO] ([IDDETALLE_PEDIDO], [IDPEDIDO], [IDPRODUCTO], [IDAREA], [IDUSUARIO], [CANTIDAD], [PRECIO], [ESTADO]) VALUES (143, 89, 4, 3, 5, 5, CAST(12.00 AS Decimal(6, 2)), N'1')
GO
INSERT [dbo].[DETALLE_PEDIDO] ([IDDETALLE_PEDIDO], [IDPEDIDO], [IDPRODUCTO], [IDAREA], [IDUSUARIO], [CANTIDAD], [PRECIO], [ESTADO]) VALUES (144, 89, 61, 4, 5, 1, CAST(25.00 AS Decimal(6, 2)), N'1')
GO
INSERT [dbo].[DETALLE_PEDIDO] ([IDDETALLE_PEDIDO], [IDPEDIDO], [IDPRODUCTO], [IDAREA], [IDUSUARIO], [CANTIDAD], [PRECIO], [ESTADO]) VALUES (145, 90, 51, 4, 5, 2, CAST(7.00 AS Decimal(6, 2)), N'1')
GO
INSERT [dbo].[DETALLE_PEDIDO] ([IDDETALLE_PEDIDO], [IDPEDIDO], [IDPRODUCTO], [IDAREA], [IDUSUARIO], [CANTIDAD], [PRECIO], [ESTADO]) VALUES (146, 90, 7, 3, 5, 2, CAST(16.00 AS Decimal(6, 2)), N'1')
GO
INSERT [dbo].[DETALLE_PEDIDO] ([IDDETALLE_PEDIDO], [IDPEDIDO], [IDPRODUCTO], [IDAREA], [IDUSUARIO], [CANTIDAD], [PRECIO], [ESTADO]) VALUES (147, 90, 30, 3, 5, 2, CAST(20.00 AS Decimal(6, 2)), N'1')
GO
INSERT [dbo].[DETALLE_PEDIDO] ([IDDETALLE_PEDIDO], [IDPEDIDO], [IDPRODUCTO], [IDAREA], [IDUSUARIO], [CANTIDAD], [PRECIO], [ESTADO]) VALUES (148, 91, 54, 4, 5, 2, CAST(4.00 AS Decimal(6, 2)), N'1')
GO
INSERT [dbo].[DETALLE_PEDIDO] ([IDDETALLE_PEDIDO], [IDPEDIDO], [IDPRODUCTO], [IDAREA], [IDUSUARIO], [CANTIDAD], [PRECIO], [ESTADO]) VALUES (149, 92, 57, 4, 5, 2, CAST(4.00 AS Decimal(6, 2)), N'1')
GO
INSERT [dbo].[DETALLE_PEDIDO] ([IDDETALLE_PEDIDO], [IDPEDIDO], [IDPRODUCTO], [IDAREA], [IDUSUARIO], [CANTIDAD], [PRECIO], [ESTADO]) VALUES (150, 92, 7, 3, 5, 2, CAST(16.00 AS Decimal(6, 2)), N'1')
GO
INSERT [dbo].[DETALLE_PEDIDO] ([IDDETALLE_PEDIDO], [IDPEDIDO], [IDPRODUCTO], [IDAREA], [IDUSUARIO], [CANTIDAD], [PRECIO], [ESTADO]) VALUES (151, 92, 11, 3, 5, 2, CAST(25.00 AS Decimal(6, 2)), N'1')
GO
INSERT [dbo].[DETALLE_PEDIDO] ([IDDETALLE_PEDIDO], [IDPEDIDO], [IDPRODUCTO], [IDAREA], [IDUSUARIO], [CANTIDAD], [PRECIO], [ESTADO]) VALUES (152, 92, 52, 4, 5, 5, CAST(3.00 AS Decimal(6, 2)), N'1')
GO
INSERT [dbo].[DETALLE_PEDIDO] ([IDDETALLE_PEDIDO], [IDPEDIDO], [IDPRODUCTO], [IDAREA], [IDUSUARIO], [CANTIDAD], [PRECIO], [ESTADO]) VALUES (153, 93, 13, 3, 5, 5, CAST(10.00 AS Decimal(6, 2)), N'1')
GO
INSERT [dbo].[DETALLE_PEDIDO] ([IDDETALLE_PEDIDO], [IDPEDIDO], [IDPRODUCTO], [IDAREA], [IDUSUARIO], [CANTIDAD], [PRECIO], [ESTADO]) VALUES (154, 94, 11, 3, 5, 5, CAST(25.00 AS Decimal(6, 2)), N'1')
GO
INSERT [dbo].[DETALLE_PEDIDO] ([IDDETALLE_PEDIDO], [IDPEDIDO], [IDPRODUCTO], [IDAREA], [IDUSUARIO], [CANTIDAD], [PRECIO], [ESTADO]) VALUES (155, 95, 40, 4, 5, 4, CAST(7.00 AS Decimal(6, 2)), N'1')
GO
INSERT [dbo].[DETALLE_PEDIDO] ([IDDETALLE_PEDIDO], [IDPEDIDO], [IDPRODUCTO], [IDAREA], [IDUSUARIO], [CANTIDAD], [PRECIO], [ESTADO]) VALUES (156, 96, 9, 3, 5, 2, CAST(7.50 AS Decimal(6, 2)), N'1')
GO
INSERT [dbo].[DETALLE_PEDIDO] ([IDDETALLE_PEDIDO], [IDPEDIDO], [IDPRODUCTO], [IDAREA], [IDUSUARIO], [CANTIDAD], [PRECIO], [ESTADO]) VALUES (157, 97, 26, 3, 5, 5, CAST(19.00 AS Decimal(6, 2)), N'1')
GO
INSERT [dbo].[DETALLE_PEDIDO] ([IDDETALLE_PEDIDO], [IDPEDIDO], [IDPRODUCTO], [IDAREA], [IDUSUARIO], [CANTIDAD], [PRECIO], [ESTADO]) VALUES (158, 98, 6, 3, 5, 4, CAST(15.00 AS Decimal(6, 2)), N'1')
GO
INSERT [dbo].[DETALLE_PEDIDO] ([IDDETALLE_PEDIDO], [IDPEDIDO], [IDPRODUCTO], [IDAREA], [IDUSUARIO], [CANTIDAD], [PRECIO], [ESTADO]) VALUES (159, 99, 51, 4, 5, 2, CAST(7.00 AS Decimal(6, 2)), N'1')
GO
INSERT [dbo].[DETALLE_PEDIDO] ([IDDETALLE_PEDIDO], [IDPEDIDO], [IDPRODUCTO], [IDAREA], [IDUSUARIO], [CANTIDAD], [PRECIO], [ESTADO]) VALUES (160, 100, 45, 4, 5, 2, CAST(3.50 AS Decimal(6, 2)), N'1')
GO
INSERT [dbo].[DETALLE_PEDIDO] ([IDDETALLE_PEDIDO], [IDPEDIDO], [IDPRODUCTO], [IDAREA], [IDUSUARIO], [CANTIDAD], [PRECIO], [ESTADO]) VALUES (161, 101, 56, 4, 5, 1, CAST(6.00 AS Decimal(6, 2)), N'1')
GO
INSERT [dbo].[DETALLE_PEDIDO] ([IDDETALLE_PEDIDO], [IDPEDIDO], [IDPRODUCTO], [IDAREA], [IDUSUARIO], [CANTIDAD], [PRECIO], [ESTADO]) VALUES (162, 102, 33, 4, 5, 5, CAST(4.00 AS Decimal(6, 2)), N'1')
GO
INSERT [dbo].[DETALLE_PEDIDO] ([IDDETALLE_PEDIDO], [IDPEDIDO], [IDPRODUCTO], [IDAREA], [IDUSUARIO], [CANTIDAD], [PRECIO], [ESTADO]) VALUES (163, 103, 4, 3, 5, 2, CAST(12.00 AS Decimal(6, 2)), N'1')
GO
INSERT [dbo].[DETALLE_PEDIDO] ([IDDETALLE_PEDIDO], [IDPEDIDO], [IDPRODUCTO], [IDAREA], [IDUSUARIO], [CANTIDAD], [PRECIO], [ESTADO]) VALUES (164, 103, 10, 3, 5, 5, CAST(5.50 AS Decimal(6, 2)), N'1')
GO
INSERT [dbo].[DETALLE_PEDIDO] ([IDDETALLE_PEDIDO], [IDPEDIDO], [IDPRODUCTO], [IDAREA], [IDUSUARIO], [CANTIDAD], [PRECIO], [ESTADO]) VALUES (165, 103, 65, 4, 5, 22, CAST(7.00 AS Decimal(6, 2)), N'1')
GO
INSERT [dbo].[DETALLE_PEDIDO] ([IDDETALLE_PEDIDO], [IDPEDIDO], [IDPRODUCTO], [IDAREA], [IDUSUARIO], [CANTIDAD], [PRECIO], [ESTADO]) VALUES (166, 104, 44, 4, 5, 2, CAST(5.50 AS Decimal(6, 2)), N'1')
GO
INSERT [dbo].[DETALLE_PEDIDO] ([IDDETALLE_PEDIDO], [IDPEDIDO], [IDPRODUCTO], [IDAREA], [IDUSUARIO], [CANTIDAD], [PRECIO], [ESTADO]) VALUES (167, 104, 13, 3, 5, 2, CAST(10.00 AS Decimal(6, 2)), N'1')
GO
INSERT [dbo].[DETALLE_PEDIDO] ([IDDETALLE_PEDIDO], [IDPEDIDO], [IDPRODUCTO], [IDAREA], [IDUSUARIO], [CANTIDAD], [PRECIO], [ESTADO]) VALUES (168, 105, 2, 3, 5, 1, CAST(12.00 AS Decimal(6, 2)), N'1')
GO
INSERT [dbo].[DETALLE_PEDIDO] ([IDDETALLE_PEDIDO], [IDPEDIDO], [IDPRODUCTO], [IDAREA], [IDUSUARIO], [CANTIDAD], [PRECIO], [ESTADO]) VALUES (169, 106, 38, 4, 5, 3, CAST(3.00 AS Decimal(6, 2)), N'1')
GO
INSERT [dbo].[DETALLE_PEDIDO] ([IDDETALLE_PEDIDO], [IDPEDIDO], [IDPRODUCTO], [IDAREA], [IDUSUARIO], [CANTIDAD], [PRECIO], [ESTADO]) VALUES (170, 106, 32, 4, 5, 3, CAST(3.00 AS Decimal(6, 2)), N'1')
GO
INSERT [dbo].[DETALLE_PEDIDO] ([IDDETALLE_PEDIDO], [IDPEDIDO], [IDPRODUCTO], [IDAREA], [IDUSUARIO], [CANTIDAD], [PRECIO], [ESTADO]) VALUES (171, 106, 16, 3, 5, 10, CAST(8.00 AS Decimal(6, 2)), N'1')
GO
INSERT [dbo].[DETALLE_PEDIDO] ([IDDETALLE_PEDIDO], [IDPEDIDO], [IDPRODUCTO], [IDAREA], [IDUSUARIO], [CANTIDAD], [PRECIO], [ESTADO]) VALUES (172, 107, 43, 4, 5, 1, CAST(5.00 AS Decimal(6, 2)), N'1')
GO
INSERT [dbo].[DETALLE_PEDIDO] ([IDDETALLE_PEDIDO], [IDPEDIDO], [IDPRODUCTO], [IDAREA], [IDUSUARIO], [CANTIDAD], [PRECIO], [ESTADO]) VALUES (173, 108, 33, 4, 5, 2, CAST(3.00 AS Decimal(6, 2)), N'1')
GO
INSERT [dbo].[DETALLE_PEDIDO] ([IDDETALLE_PEDIDO], [IDPEDIDO], [IDPRODUCTO], [IDAREA], [IDUSUARIO], [CANTIDAD], [PRECIO], [ESTADO]) VALUES (174, 109, 50, 4, 5, 4, CAST(7.50 AS Decimal(6, 2)), N'1')
GO
INSERT [dbo].[DETALLE_PEDIDO] ([IDDETALLE_PEDIDO], [IDPEDIDO], [IDPRODUCTO], [IDAREA], [IDUSUARIO], [CANTIDAD], [PRECIO], [ESTADO]) VALUES (175, 110, 36, 4, 5, 25, CAST(6.00 AS Decimal(6, 2)), N'1')
GO
INSERT [dbo].[DETALLE_PEDIDO] ([IDDETALLE_PEDIDO], [IDPEDIDO], [IDPRODUCTO], [IDAREA], [IDUSUARIO], [CANTIDAD], [PRECIO], [ESTADO]) VALUES (176, 110, 2, 3, 5, 1, CAST(12.00 AS Decimal(6, 2)), N'1')
GO
INSERT [dbo].[DETALLE_PEDIDO] ([IDDETALLE_PEDIDO], [IDPEDIDO], [IDPRODUCTO], [IDAREA], [IDUSUARIO], [CANTIDAD], [PRECIO], [ESTADO]) VALUES (177, 110, 30, 3, 5, 2, CAST(20.00 AS Decimal(6, 2)), N'1')
GO
INSERT [dbo].[DETALLE_PEDIDO] ([IDDETALLE_PEDIDO], [IDPEDIDO], [IDPRODUCTO], [IDAREA], [IDUSUARIO], [CANTIDAD], [PRECIO], [ESTADO]) VALUES (178, 111, 1, 3, 5, 1, CAST(15.00 AS Decimal(6, 2)), N'1')
GO
INSERT [dbo].[DETALLE_PEDIDO] ([IDDETALLE_PEDIDO], [IDPEDIDO], [IDPRODUCTO], [IDAREA], [IDUSUARIO], [CANTIDAD], [PRECIO], [ESTADO]) VALUES (179, 112, 30, 3, 5, 15, CAST(20.00 AS Decimal(6, 2)), N'1')
GO
INSERT [dbo].[DETALLE_PEDIDO] ([IDDETALLE_PEDIDO], [IDPEDIDO], [IDPRODUCTO], [IDAREA], [IDUSUARIO], [CANTIDAD], [PRECIO], [ESTADO]) VALUES (180, 112, 33, 4, 5, 15, CAST(4.00 AS Decimal(6, 2)), N'1')
GO
INSERT [dbo].[DETALLE_PEDIDO] ([IDDETALLE_PEDIDO], [IDPEDIDO], [IDPRODUCTO], [IDAREA], [IDUSUARIO], [CANTIDAD], [PRECIO], [ESTADO]) VALUES (181, 112, 10, 3, 5, 1, CAST(5.50 AS Decimal(6, 2)), N'1')
GO
INSERT [dbo].[DETALLE_PEDIDO] ([IDDETALLE_PEDIDO], [IDPEDIDO], [IDPRODUCTO], [IDAREA], [IDUSUARIO], [CANTIDAD], [PRECIO], [ESTADO]) VALUES (182, 113, 32, 4, 5, 1, CAST(3.00 AS Decimal(6, 2)), N'1')
GO
INSERT [dbo].[DETALLE_PEDIDO] ([IDDETALLE_PEDIDO], [IDPEDIDO], [IDPRODUCTO], [IDAREA], [IDUSUARIO], [CANTIDAD], [PRECIO], [ESTADO]) VALUES (183, 113, 65, 4, 5, 1, CAST(7.00 AS Decimal(6, 2)), N'1')
GO
INSERT [dbo].[DETALLE_PEDIDO] ([IDDETALLE_PEDIDO], [IDPEDIDO], [IDPRODUCTO], [IDAREA], [IDUSUARIO], [CANTIDAD], [PRECIO], [ESTADO]) VALUES (184, 113, 17, 3, 5, 1, CAST(20.00 AS Decimal(6, 2)), N'1')
GO
INSERT [dbo].[DETALLE_PEDIDO] ([IDDETALLE_PEDIDO], [IDPEDIDO], [IDPRODUCTO], [IDAREA], [IDUSUARIO], [CANTIDAD], [PRECIO], [ESTADO]) VALUES (185, 114, 7, 3, 5, 2, CAST(16.00 AS Decimal(6, 2)), N'1')
GO
INSERT [dbo].[DETALLE_PEDIDO] ([IDDETALLE_PEDIDO], [IDPEDIDO], [IDPRODUCTO], [IDAREA], [IDUSUARIO], [CANTIDAD], [PRECIO], [ESTADO]) VALUES (186, 114, 20, 3, 5, 2, CAST(25.00 AS Decimal(6, 2)), N'1')
GO
INSERT [dbo].[DETALLE_PEDIDO] ([IDDETALLE_PEDIDO], [IDPEDIDO], [IDPRODUCTO], [IDAREA], [IDUSUARIO], [CANTIDAD], [PRECIO], [ESTADO]) VALUES (187, 115, 67, 4, 5, 5, CAST(8.00 AS Decimal(6, 2)), N'1')
GO
INSERT [dbo].[DETALLE_PEDIDO] ([IDDETALLE_PEDIDO], [IDPEDIDO], [IDPRODUCTO], [IDAREA], [IDUSUARIO], [CANTIDAD], [PRECIO], [ESTADO]) VALUES (188, 115, 65, 4, 5, 3, CAST(7.00 AS Decimal(6, 2)), N'1')
GO
INSERT [dbo].[DETALLE_PEDIDO] ([IDDETALLE_PEDIDO], [IDPEDIDO], [IDPRODUCTO], [IDAREA], [IDUSUARIO], [CANTIDAD], [PRECIO], [ESTADO]) VALUES (189, 115, 59, 4, 5, 4, CAST(3.50 AS Decimal(6, 2)), N'1')
GO
INSERT [dbo].[DETALLE_PEDIDO] ([IDDETALLE_PEDIDO], [IDPEDIDO], [IDPRODUCTO], [IDAREA], [IDUSUARIO], [CANTIDAD], [PRECIO], [ESTADO]) VALUES (190, 116, 5, 3, 5, 2, CAST(17.00 AS Decimal(6, 2)), N'1')
GO
INSERT [dbo].[DETALLE_PEDIDO] ([IDDETALLE_PEDIDO], [IDPEDIDO], [IDPRODUCTO], [IDAREA], [IDUSUARIO], [CANTIDAD], [PRECIO], [ESTADO]) VALUES (191, 117, 10, 3, 5, 2, CAST(5.50 AS Decimal(6, 2)), N'1')
GO
INSERT [dbo].[DETALLE_PEDIDO] ([IDDETALLE_PEDIDO], [IDPEDIDO], [IDPRODUCTO], [IDAREA], [IDUSUARIO], [CANTIDAD], [PRECIO], [ESTADO]) VALUES (192, 117, 25, 3, 5, 2, CAST(20.00 AS Decimal(6, 2)), N'1')
GO
INSERT [dbo].[DETALLE_PEDIDO] ([IDDETALLE_PEDIDO], [IDPEDIDO], [IDPRODUCTO], [IDAREA], [IDUSUARIO], [CANTIDAD], [PRECIO], [ESTADO]) VALUES (193, 117, 63, 4, 5, 24, CAST(8.00 AS Decimal(6, 2)), N'1')
GO
INSERT [dbo].[DETALLE_PEDIDO] ([IDDETALLE_PEDIDO], [IDPEDIDO], [IDPRODUCTO], [IDAREA], [IDUSUARIO], [CANTIDAD], [PRECIO], [ESTADO]) VALUES (194, 118, 62, 4, 5, 2, CAST(100.00 AS Decimal(6, 2)), N'1')
GO
INSERT [dbo].[DETALLE_PEDIDO] ([IDDETALLE_PEDIDO], [IDPEDIDO], [IDPRODUCTO], [IDAREA], [IDUSUARIO], [CANTIDAD], [PRECIO], [ESTADO]) VALUES (195, 119, 23, 3, 5, 2, CAST(24.00 AS Decimal(6, 2)), N'1')
GO
INSERT [dbo].[DETALLE_PEDIDO] ([IDDETALLE_PEDIDO], [IDPEDIDO], [IDPRODUCTO], [IDAREA], [IDUSUARIO], [CANTIDAD], [PRECIO], [ESTADO]) VALUES (196, 119, 1, 3, 5, 1, CAST(15.00 AS Decimal(6, 2)), N'1')
GO
INSERT [dbo].[DETALLE_PEDIDO] ([IDDETALLE_PEDIDO], [IDPEDIDO], [IDPRODUCTO], [IDAREA], [IDUSUARIO], [CANTIDAD], [PRECIO], [ESTADO]) VALUES (197, 120, 13, 3, 5, 2, CAST(10.00 AS Decimal(6, 2)), N'1')
GO
INSERT [dbo].[DETALLE_PEDIDO] ([IDDETALLE_PEDIDO], [IDPEDIDO], [IDPRODUCTO], [IDAREA], [IDUSUARIO], [CANTIDAD], [PRECIO], [ESTADO]) VALUES (198, 120, 47, 4, 5, 24, CAST(2.00 AS Decimal(6, 2)), N'1')
GO
INSERT [dbo].[DETALLE_PEDIDO] ([IDDETALLE_PEDIDO], [IDPEDIDO], [IDPRODUCTO], [IDAREA], [IDUSUARIO], [CANTIDAD], [PRECIO], [ESTADO]) VALUES (199, 120, 38, 4, 5, 2, CAST(3.00 AS Decimal(6, 2)), N'1')
GO
INSERT [dbo].[DETALLE_PEDIDO] ([IDDETALLE_PEDIDO], [IDPEDIDO], [IDPRODUCTO], [IDAREA], [IDUSUARIO], [CANTIDAD], [PRECIO], [ESTADO]) VALUES (200, 120, 27, 3, 5, 2, CAST(15.00 AS Decimal(6, 2)), N'1')
GO
SET IDENTITY_INSERT [dbo].[DETALLE_PEDIDO] OFF
GO
SET IDENTITY_INSERT [dbo].[DEUDA_GENERADA] ON 
GO
INSERT [dbo].[DEUDA_GENERADA] ([IDDEUDA_GENERADA], [IDVENTAS], [DESCRIPCION], [ESTADO]) VALUES (1, 1, N'Deuda generada el día 01/01/2023', N'1')
GO
INSERT [dbo].[DEUDA_GENERADA] ([IDDEUDA_GENERADA], [IDVENTAS], [DESCRIPCION], [ESTADO]) VALUES (2, 2, N'Deuda generada el día 03/01/2023', N'1')
GO
INSERT [dbo].[DEUDA_GENERADA] ([IDDEUDA_GENERADA], [IDVENTAS], [DESCRIPCION], [ESTADO]) VALUES (3, 3, N'Deuda generada el día 05/01/2023', N'1')
GO
INSERT [dbo].[DEUDA_GENERADA] ([IDDEUDA_GENERADA], [IDVENTAS], [DESCRIPCION], [ESTADO]) VALUES (4, 4, N'Deuda generada el día 06/01/2023', N'1')
GO
INSERT [dbo].[DEUDA_GENERADA] ([IDDEUDA_GENERADA], [IDVENTAS], [DESCRIPCION], [ESTADO]) VALUES (5, 5, N'Deuda generada el día 07/01/2023', N'1')
GO
INSERT [dbo].[DEUDA_GENERADA] ([IDDEUDA_GENERADA], [IDVENTAS], [DESCRIPCION], [ESTADO]) VALUES (6, 6, N'Deuda generada el día 08/01/2023', N'1')
GO
INSERT [dbo].[DEUDA_GENERADA] ([IDDEUDA_GENERADA], [IDVENTAS], [DESCRIPCION], [ESTADO]) VALUES (7, 7, N'Deuda generada el día 09/01/2023', N'1')
GO
INSERT [dbo].[DEUDA_GENERADA] ([IDDEUDA_GENERADA], [IDVENTAS], [DESCRIPCION], [ESTADO]) VALUES (8, 8, N'Deuda generada el día 10/01/2023', N'1')
GO
INSERT [dbo].[DEUDA_GENERADA] ([IDDEUDA_GENERADA], [IDVENTAS], [DESCRIPCION], [ESTADO]) VALUES (9, 9, N'Deuda generada el día 11/01/2023', N'1')
GO
INSERT [dbo].[DEUDA_GENERADA] ([IDDEUDA_GENERADA], [IDVENTAS], [DESCRIPCION], [ESTADO]) VALUES (10, 10, N'Deuda generada el día 12/01/2023', N'1')
GO
INSERT [dbo].[DEUDA_GENERADA] ([IDDEUDA_GENERADA], [IDVENTAS], [DESCRIPCION], [ESTADO]) VALUES (11, 11, N'Deuda generada el día 13/01/2023', N'1')
GO
INSERT [dbo].[DEUDA_GENERADA] ([IDDEUDA_GENERADA], [IDVENTAS], [DESCRIPCION], [ESTADO]) VALUES (12, 12, N'Deuda generada el día 14/01/2023', N'1')
GO
INSERT [dbo].[DEUDA_GENERADA] ([IDDEUDA_GENERADA], [IDVENTAS], [DESCRIPCION], [ESTADO]) VALUES (13, 13, N'Deuda generada el día 15/01/2023', N'1')
GO
INSERT [dbo].[DEUDA_GENERADA] ([IDDEUDA_GENERADA], [IDVENTAS], [DESCRIPCION], [ESTADO]) VALUES (14, 14, N'Deuda generada el día 16/01/2023', N'1')
GO
INSERT [dbo].[DEUDA_GENERADA] ([IDDEUDA_GENERADA], [IDVENTAS], [DESCRIPCION], [ESTADO]) VALUES (15, 15, N'Deuda generada el día 17/01/2023', N'1')
GO
INSERT [dbo].[DEUDA_GENERADA] ([IDDEUDA_GENERADA], [IDVENTAS], [DESCRIPCION], [ESTADO]) VALUES (16, 16, N'Deuda generada el día 18/01/2023', N'1')
GO
INSERT [dbo].[DEUDA_GENERADA] ([IDDEUDA_GENERADA], [IDVENTAS], [DESCRIPCION], [ESTADO]) VALUES (17, 17, N'Deuda generada el día 19/01/2023', N'1')
GO
INSERT [dbo].[DEUDA_GENERADA] ([IDDEUDA_GENERADA], [IDVENTAS], [DESCRIPCION], [ESTADO]) VALUES (18, 18, N'Deuda generada el día 20/01/2023', N'1')
GO
INSERT [dbo].[DEUDA_GENERADA] ([IDDEUDA_GENERADA], [IDVENTAS], [DESCRIPCION], [ESTADO]) VALUES (19, 19, N'Deuda generada el día 21/01/2023', N'1')
GO
INSERT [dbo].[DEUDA_GENERADA] ([IDDEUDA_GENERADA], [IDVENTAS], [DESCRIPCION], [ESTADO]) VALUES (20, 20, N'Deuda generada el día 22/01/2023', N'1')
GO
INSERT [dbo].[DEUDA_GENERADA] ([IDDEUDA_GENERADA], [IDVENTAS], [DESCRIPCION], [ESTADO]) VALUES (21, 21, N'Deuda generada el día 23/01/2023', N'1')
GO
INSERT [dbo].[DEUDA_GENERADA] ([IDDEUDA_GENERADA], [IDVENTAS], [DESCRIPCION], [ESTADO]) VALUES (22, 22, N'Deuda generada el día 24/01/2023', N'1')
GO
INSERT [dbo].[DEUDA_GENERADA] ([IDDEUDA_GENERADA], [IDVENTAS], [DESCRIPCION], [ESTADO]) VALUES (23, 23, N'Deuda generada el día 25/01/2023', N'1')
GO
INSERT [dbo].[DEUDA_GENERADA] ([IDDEUDA_GENERADA], [IDVENTAS], [DESCRIPCION], [ESTADO]) VALUES (24, 24, N'Deuda generada el día 26/01/2023', N'1')
GO
INSERT [dbo].[DEUDA_GENERADA] ([IDDEUDA_GENERADA], [IDVENTAS], [DESCRIPCION], [ESTADO]) VALUES (25, 25, N'Deuda generada el día 27/01/2023', N'1')
GO
INSERT [dbo].[DEUDA_GENERADA] ([IDDEUDA_GENERADA], [IDVENTAS], [DESCRIPCION], [ESTADO]) VALUES (26, 26, N'Deuda generada el día 28/01/2023', N'1')
GO
INSERT [dbo].[DEUDA_GENERADA] ([IDDEUDA_GENERADA], [IDVENTAS], [DESCRIPCION], [ESTADO]) VALUES (27, 27, N'Deuda generada el día 29/01/2023', N'1')
GO
INSERT [dbo].[DEUDA_GENERADA] ([IDDEUDA_GENERADA], [IDVENTAS], [DESCRIPCION], [ESTADO]) VALUES (28, 28, N'Deuda generada el día 30/01/2023', N'1')
GO
INSERT [dbo].[DEUDA_GENERADA] ([IDDEUDA_GENERADA], [IDVENTAS], [DESCRIPCION], [ESTADO]) VALUES (29, 29, N'Deuda generada el día 31/01/2023', N'1')
GO
INSERT [dbo].[DEUDA_GENERADA] ([IDDEUDA_GENERADA], [IDVENTAS], [DESCRIPCION], [ESTADO]) VALUES (30, 30, N'Deuda generada el día 01/02/2023', N'1')
GO
INSERT [dbo].[DEUDA_GENERADA] ([IDDEUDA_GENERADA], [IDVENTAS], [DESCRIPCION], [ESTADO]) VALUES (31, 31, N'Deuda generada el día 02/02/2023', N'1')
GO
INSERT [dbo].[DEUDA_GENERADA] ([IDDEUDA_GENERADA], [IDVENTAS], [DESCRIPCION], [ESTADO]) VALUES (32, 32, N'Deuda generada el día 03/02/2023', N'1')
GO
INSERT [dbo].[DEUDA_GENERADA] ([IDDEUDA_GENERADA], [IDVENTAS], [DESCRIPCION], [ESTADO]) VALUES (33, 33, N'Deuda generada el día 04/02/2023', N'1')
GO
INSERT [dbo].[DEUDA_GENERADA] ([IDDEUDA_GENERADA], [IDVENTAS], [DESCRIPCION], [ESTADO]) VALUES (34, 34, N'Deuda generada el día 05/02/2023', N'1')
GO
INSERT [dbo].[DEUDA_GENERADA] ([IDDEUDA_GENERADA], [IDVENTAS], [DESCRIPCION], [ESTADO]) VALUES (35, 35, N'Deuda generada el día 06/02/2023', N'1')
GO
INSERT [dbo].[DEUDA_GENERADA] ([IDDEUDA_GENERADA], [IDVENTAS], [DESCRIPCION], [ESTADO]) VALUES (36, 36, N'Deuda generada el día 07/02/2023', N'1')
GO
INSERT [dbo].[DEUDA_GENERADA] ([IDDEUDA_GENERADA], [IDVENTAS], [DESCRIPCION], [ESTADO]) VALUES (37, 37, N'Deuda generada el día 08/02/2023', N'1')
GO
INSERT [dbo].[DEUDA_GENERADA] ([IDDEUDA_GENERADA], [IDVENTAS], [DESCRIPCION], [ESTADO]) VALUES (38, 38, N'Deuda generada el día 09/02/2023', N'1')
GO
INSERT [dbo].[DEUDA_GENERADA] ([IDDEUDA_GENERADA], [IDVENTAS], [DESCRIPCION], [ESTADO]) VALUES (39, 39, N'Deuda generada el día 10/02/2023', N'1')
GO
INSERT [dbo].[DEUDA_GENERADA] ([IDDEUDA_GENERADA], [IDVENTAS], [DESCRIPCION], [ESTADO]) VALUES (40, 40, N'Deuda generada el día 11/02/2023', N'1')
GO
INSERT [dbo].[DEUDA_GENERADA] ([IDDEUDA_GENERADA], [IDVENTAS], [DESCRIPCION], [ESTADO]) VALUES (41, 41, N'Deuda generada el día 12/02/2023', N'1')
GO
INSERT [dbo].[DEUDA_GENERADA] ([IDDEUDA_GENERADA], [IDVENTAS], [DESCRIPCION], [ESTADO]) VALUES (42, 42, N'Deuda generada el día 13/02/2023', N'1')
GO
INSERT [dbo].[DEUDA_GENERADA] ([IDDEUDA_GENERADA], [IDVENTAS], [DESCRIPCION], [ESTADO]) VALUES (43, 43, N'Deuda generada el día 14/02/2023', N'1')
GO
INSERT [dbo].[DEUDA_GENERADA] ([IDDEUDA_GENERADA], [IDVENTAS], [DESCRIPCION], [ESTADO]) VALUES (44, 44, N'Deuda generada el día 15/02/2023', N'1')
GO
INSERT [dbo].[DEUDA_GENERADA] ([IDDEUDA_GENERADA], [IDVENTAS], [DESCRIPCION], [ESTADO]) VALUES (45, 45, N'Deuda generada el día 16/02/2023', N'1')
GO
INSERT [dbo].[DEUDA_GENERADA] ([IDDEUDA_GENERADA], [IDVENTAS], [DESCRIPCION], [ESTADO]) VALUES (46, 46, N'Deuda generada el día 17/02/2023', N'1')
GO
INSERT [dbo].[DEUDA_GENERADA] ([IDDEUDA_GENERADA], [IDVENTAS], [DESCRIPCION], [ESTADO]) VALUES (47, 47, N'Deuda generada el día 18/02/2023', N'1')
GO
INSERT [dbo].[DEUDA_GENERADA] ([IDDEUDA_GENERADA], [IDVENTAS], [DESCRIPCION], [ESTADO]) VALUES (48, 48, N'Deuda generada el día 19/02/2023', N'1')
GO
INSERT [dbo].[DEUDA_GENERADA] ([IDDEUDA_GENERADA], [IDVENTAS], [DESCRIPCION], [ESTADO]) VALUES (49, 49, N'Deuda generada el día 20/02/2023', N'1')
GO
INSERT [dbo].[DEUDA_GENERADA] ([IDDEUDA_GENERADA], [IDVENTAS], [DESCRIPCION], [ESTADO]) VALUES (50, 50, N'Deuda generada el día 21/02/2023', N'1')
GO
INSERT [dbo].[DEUDA_GENERADA] ([IDDEUDA_GENERADA], [IDVENTAS], [DESCRIPCION], [ESTADO]) VALUES (51, 51, N'Deuda generada el día 22/02/2023', N'1')
GO
INSERT [dbo].[DEUDA_GENERADA] ([IDDEUDA_GENERADA], [IDVENTAS], [DESCRIPCION], [ESTADO]) VALUES (52, 52, N'Deuda generada el día 23/02/2023', N'1')
GO
INSERT [dbo].[DEUDA_GENERADA] ([IDDEUDA_GENERADA], [IDVENTAS], [DESCRIPCION], [ESTADO]) VALUES (53, 53, N'Deuda generada el día 24/02/2023', N'1')
GO
INSERT [dbo].[DEUDA_GENERADA] ([IDDEUDA_GENERADA], [IDVENTAS], [DESCRIPCION], [ESTADO]) VALUES (54, 54, N'Deuda generada el día 25/02/2023', N'1')
GO
INSERT [dbo].[DEUDA_GENERADA] ([IDDEUDA_GENERADA], [IDVENTAS], [DESCRIPCION], [ESTADO]) VALUES (55, 55, N'Deuda generada el día 26/02/2023', N'1')
GO
INSERT [dbo].[DEUDA_GENERADA] ([IDDEUDA_GENERADA], [IDVENTAS], [DESCRIPCION], [ESTADO]) VALUES (56, 56, N'Deuda generada el día 27/02/2023', N'1')
GO
INSERT [dbo].[DEUDA_GENERADA] ([IDDEUDA_GENERADA], [IDVENTAS], [DESCRIPCION], [ESTADO]) VALUES (57, 57, N'Deuda generada el día 28/02/2023', N'1')
GO
INSERT [dbo].[DEUDA_GENERADA] ([IDDEUDA_GENERADA], [IDVENTAS], [DESCRIPCION], [ESTADO]) VALUES (58, 58, N'Deuda generada el día 01/03/2023', N'1')
GO
INSERT [dbo].[DEUDA_GENERADA] ([IDDEUDA_GENERADA], [IDVENTAS], [DESCRIPCION], [ESTADO]) VALUES (59, 59, N'Deuda generada el día 02/03/2023', N'1')
GO
INSERT [dbo].[DEUDA_GENERADA] ([IDDEUDA_GENERADA], [IDVENTAS], [DESCRIPCION], [ESTADO]) VALUES (60, 60, N'Deuda generada el día 03/03/2023', N'1')
GO
INSERT [dbo].[DEUDA_GENERADA] ([IDDEUDA_GENERADA], [IDVENTAS], [DESCRIPCION], [ESTADO]) VALUES (61, 61, N'Deuda generada el día 04/03/2023', N'1')
GO
INSERT [dbo].[DEUDA_GENERADA] ([IDDEUDA_GENERADA], [IDVENTAS], [DESCRIPCION], [ESTADO]) VALUES (62, 62, N'Deuda generada el día 05/03/2023', N'1')
GO
INSERT [dbo].[DEUDA_GENERADA] ([IDDEUDA_GENERADA], [IDVENTAS], [DESCRIPCION], [ESTADO]) VALUES (63, 63, N'Deuda generada el día 06/03/2023', N'1')
GO
INSERT [dbo].[DEUDA_GENERADA] ([IDDEUDA_GENERADA], [IDVENTAS], [DESCRIPCION], [ESTADO]) VALUES (64, 64, N'Deuda generada el día 07/03/2023', N'1')
GO
INSERT [dbo].[DEUDA_GENERADA] ([IDDEUDA_GENERADA], [IDVENTAS], [DESCRIPCION], [ESTADO]) VALUES (65, 65, N'Deuda generada el día 08/03/2023', N'1')
GO
INSERT [dbo].[DEUDA_GENERADA] ([IDDEUDA_GENERADA], [IDVENTAS], [DESCRIPCION], [ESTADO]) VALUES (66, 66, N'Deuda generada el día 09/03/2023', N'1')
GO
INSERT [dbo].[DEUDA_GENERADA] ([IDDEUDA_GENERADA], [IDVENTAS], [DESCRIPCION], [ESTADO]) VALUES (67, 67, N'Deuda generada el día 10/03/2023', N'1')
GO
INSERT [dbo].[DEUDA_GENERADA] ([IDDEUDA_GENERADA], [IDVENTAS], [DESCRIPCION], [ESTADO]) VALUES (68, 68, N'Deuda generada el día 11/03/2023', N'1')
GO
INSERT [dbo].[DEUDA_GENERADA] ([IDDEUDA_GENERADA], [IDVENTAS], [DESCRIPCION], [ESTADO]) VALUES (69, 69, N'Deuda generada el día 12/03/2023', N'1')
GO
INSERT [dbo].[DEUDA_GENERADA] ([IDDEUDA_GENERADA], [IDVENTAS], [DESCRIPCION], [ESTADO]) VALUES (70, 70, N'Deuda generada el día 13/03/2023', N'1')
GO
INSERT [dbo].[DEUDA_GENERADA] ([IDDEUDA_GENERADA], [IDVENTAS], [DESCRIPCION], [ESTADO]) VALUES (71, 71, N'Deuda generada el día 14/03/2023', N'1')
GO
INSERT [dbo].[DEUDA_GENERADA] ([IDDEUDA_GENERADA], [IDVENTAS], [DESCRIPCION], [ESTADO]) VALUES (72, 72, N'Deuda generada el día 15/03/2023', N'1')
GO
INSERT [dbo].[DEUDA_GENERADA] ([IDDEUDA_GENERADA], [IDVENTAS], [DESCRIPCION], [ESTADO]) VALUES (73, 73, N'Deuda generada el día 16/03/2023', N'1')
GO
INSERT [dbo].[DEUDA_GENERADA] ([IDDEUDA_GENERADA], [IDVENTAS], [DESCRIPCION], [ESTADO]) VALUES (74, 74, N'Deuda generada el día 17/03/2023', N'1')
GO
INSERT [dbo].[DEUDA_GENERADA] ([IDDEUDA_GENERADA], [IDVENTAS], [DESCRIPCION], [ESTADO]) VALUES (75, 75, N'Deuda generada el día 18/03/2023', N'1')
GO
INSERT [dbo].[DEUDA_GENERADA] ([IDDEUDA_GENERADA], [IDVENTAS], [DESCRIPCION], [ESTADO]) VALUES (76, 76, N'Deuda generada el día 19/03/2023', N'1')
GO
INSERT [dbo].[DEUDA_GENERADA] ([IDDEUDA_GENERADA], [IDVENTAS], [DESCRIPCION], [ESTADO]) VALUES (77, 77, N'Deuda generada el día 20/03/2023', N'1')
GO
INSERT [dbo].[DEUDA_GENERADA] ([IDDEUDA_GENERADA], [IDVENTAS], [DESCRIPCION], [ESTADO]) VALUES (78, 78, N'Deuda generada el día 21/03/2023', N'1')
GO
INSERT [dbo].[DEUDA_GENERADA] ([IDDEUDA_GENERADA], [IDVENTAS], [DESCRIPCION], [ESTADO]) VALUES (79, 79, N'Deuda generada el día 22/03/2023', N'1')
GO
INSERT [dbo].[DEUDA_GENERADA] ([IDDEUDA_GENERADA], [IDVENTAS], [DESCRIPCION], [ESTADO]) VALUES (80, 80, N'Deuda generada el día 23/03/2023', N'1')
GO
INSERT [dbo].[DEUDA_GENERADA] ([IDDEUDA_GENERADA], [IDVENTAS], [DESCRIPCION], [ESTADO]) VALUES (81, 81, N'Deuda generada el día 24/03/2023', N'1')
GO
INSERT [dbo].[DEUDA_GENERADA] ([IDDEUDA_GENERADA], [IDVENTAS], [DESCRIPCION], [ESTADO]) VALUES (82, 82, N'Deuda generada el día 25/03/2023', N'1')
GO
INSERT [dbo].[DEUDA_GENERADA] ([IDDEUDA_GENERADA], [IDVENTAS], [DESCRIPCION], [ESTADO]) VALUES (83, 83, N'Deuda generada el día 26/03/2023', N'1')
GO
INSERT [dbo].[DEUDA_GENERADA] ([IDDEUDA_GENERADA], [IDVENTAS], [DESCRIPCION], [ESTADO]) VALUES (84, 84, N'Deuda generada el día 27/03/2023', N'1')
GO
INSERT [dbo].[DEUDA_GENERADA] ([IDDEUDA_GENERADA], [IDVENTAS], [DESCRIPCION], [ESTADO]) VALUES (85, 85, N'Deuda generada el día 28/03/2023', N'1')
GO
INSERT [dbo].[DEUDA_GENERADA] ([IDDEUDA_GENERADA], [IDVENTAS], [DESCRIPCION], [ESTADO]) VALUES (86, 86, N'Deuda generada el día 29/03/2023', N'1')
GO
INSERT [dbo].[DEUDA_GENERADA] ([IDDEUDA_GENERADA], [IDVENTAS], [DESCRIPCION], [ESTADO]) VALUES (87, 87, N'Deuda generada el día 30/03/2023', N'1')
GO
INSERT [dbo].[DEUDA_GENERADA] ([IDDEUDA_GENERADA], [IDVENTAS], [DESCRIPCION], [ESTADO]) VALUES (88, 88, N'Deuda generada el día 31/03/2023', N'1')
GO
INSERT [dbo].[DEUDA_GENERADA] ([IDDEUDA_GENERADA], [IDVENTAS], [DESCRIPCION], [ESTADO]) VALUES (89, 89, N'Deuda generada el día 01/04/2023', N'1')
GO
INSERT [dbo].[DEUDA_GENERADA] ([IDDEUDA_GENERADA], [IDVENTAS], [DESCRIPCION], [ESTADO]) VALUES (90, 90, N'Deuda generada el día 02/04/2023', N'1')
GO
INSERT [dbo].[DEUDA_GENERADA] ([IDDEUDA_GENERADA], [IDVENTAS], [DESCRIPCION], [ESTADO]) VALUES (91, 91, N'Deuda generada el día 03/04/2023', N'1')
GO
INSERT [dbo].[DEUDA_GENERADA] ([IDDEUDA_GENERADA], [IDVENTAS], [DESCRIPCION], [ESTADO]) VALUES (92, 92, N'Deuda generada el día 04/04/2023', N'1')
GO
INSERT [dbo].[DEUDA_GENERADA] ([IDDEUDA_GENERADA], [IDVENTAS], [DESCRIPCION], [ESTADO]) VALUES (93, 93, N'Deuda generada el día 05/04/2023', N'1')
GO
INSERT [dbo].[DEUDA_GENERADA] ([IDDEUDA_GENERADA], [IDVENTAS], [DESCRIPCION], [ESTADO]) VALUES (94, 94, N'Deuda generada el día 06/04/2023', N'1')
GO
INSERT [dbo].[DEUDA_GENERADA] ([IDDEUDA_GENERADA], [IDVENTAS], [DESCRIPCION], [ESTADO]) VALUES (95, 95, N'Deuda generada el día 07/04/2023', N'1')
GO
INSERT [dbo].[DEUDA_GENERADA] ([IDDEUDA_GENERADA], [IDVENTAS], [DESCRIPCION], [ESTADO]) VALUES (96, 96, N'Deuda generada el día 08/04/2023', N'1')
GO
INSERT [dbo].[DEUDA_GENERADA] ([IDDEUDA_GENERADA], [IDVENTAS], [DESCRIPCION], [ESTADO]) VALUES (97, 97, N'Deuda generada el día 09/04/2023', N'1')
GO
INSERT [dbo].[DEUDA_GENERADA] ([IDDEUDA_GENERADA], [IDVENTAS], [DESCRIPCION], [ESTADO]) VALUES (98, 98, N'Deuda generada el día 10/04/2023', N'1')
GO
INSERT [dbo].[DEUDA_GENERADA] ([IDDEUDA_GENERADA], [IDVENTAS], [DESCRIPCION], [ESTADO]) VALUES (99, 99, N'Deuda generada el día 11/04/2023', N'1')
GO
INSERT [dbo].[DEUDA_GENERADA] ([IDDEUDA_GENERADA], [IDVENTAS], [DESCRIPCION], [ESTADO]) VALUES (100, 100, N'Deuda generada el día 12/04/2023', N'1')
GO
INSERT [dbo].[DEUDA_GENERADA] ([IDDEUDA_GENERADA], [IDVENTAS], [DESCRIPCION], [ESTADO]) VALUES (101, 101, N'Deuda generada el día 13/04/2023', N'1')
GO
INSERT [dbo].[DEUDA_GENERADA] ([IDDEUDA_GENERADA], [IDVENTAS], [DESCRIPCION], [ESTADO]) VALUES (102, 102, N'Deuda generada el día 14/04/2023', N'1')
GO
INSERT [dbo].[DEUDA_GENERADA] ([IDDEUDA_GENERADA], [IDVENTAS], [DESCRIPCION], [ESTADO]) VALUES (103, 103, N'Deuda generada el día 15/04/2023', N'1')
GO
INSERT [dbo].[DEUDA_GENERADA] ([IDDEUDA_GENERADA], [IDVENTAS], [DESCRIPCION], [ESTADO]) VALUES (104, 104, N'Deuda generada el día 16/04/2023', N'1')
GO
INSERT [dbo].[DEUDA_GENERADA] ([IDDEUDA_GENERADA], [IDVENTAS], [DESCRIPCION], [ESTADO]) VALUES (105, 105, N'Deuda generada el día 17/04/2023', N'1')
GO
INSERT [dbo].[DEUDA_GENERADA] ([IDDEUDA_GENERADA], [IDVENTAS], [DESCRIPCION], [ESTADO]) VALUES (106, 106, N'Deuda generada el día 18/04/2023', N'1')
GO
INSERT [dbo].[DEUDA_GENERADA] ([IDDEUDA_GENERADA], [IDVENTAS], [DESCRIPCION], [ESTADO]) VALUES (107, 107, N'Deuda generada el día 19/04/2023', N'1')
GO
INSERT [dbo].[DEUDA_GENERADA] ([IDDEUDA_GENERADA], [IDVENTAS], [DESCRIPCION], [ESTADO]) VALUES (108, 108, N'Deuda generada el día 20/04/2023', N'1')
GO
INSERT [dbo].[DEUDA_GENERADA] ([IDDEUDA_GENERADA], [IDVENTAS], [DESCRIPCION], [ESTADO]) VALUES (109, 109, N'Deuda generada el día 21/04/2023', N'1')
GO
INSERT [dbo].[DEUDA_GENERADA] ([IDDEUDA_GENERADA], [IDVENTAS], [DESCRIPCION], [ESTADO]) VALUES (110, 110, N'Deuda generada el día 22/04/2023', N'1')
GO
INSERT [dbo].[DEUDA_GENERADA] ([IDDEUDA_GENERADA], [IDVENTAS], [DESCRIPCION], [ESTADO]) VALUES (111, 111, N'Deuda generada el día 23/04/2023', N'1')
GO
INSERT [dbo].[DEUDA_GENERADA] ([IDDEUDA_GENERADA], [IDVENTAS], [DESCRIPCION], [ESTADO]) VALUES (112, 112, N'Deuda generada el día 24/04/2023', N'1')
GO
INSERT [dbo].[DEUDA_GENERADA] ([IDDEUDA_GENERADA], [IDVENTAS], [DESCRIPCION], [ESTADO]) VALUES (113, 113, N'Deuda generada el día 25/04/2023', N'1')
GO
INSERT [dbo].[DEUDA_GENERADA] ([IDDEUDA_GENERADA], [IDVENTAS], [DESCRIPCION], [ESTADO]) VALUES (114, 114, N'Deuda generada el día 26/04/2023', N'1')
GO
INSERT [dbo].[DEUDA_GENERADA] ([IDDEUDA_GENERADA], [IDVENTAS], [DESCRIPCION], [ESTADO]) VALUES (115, 115, N'Deuda generada el día 27/04/2023', N'1')
GO
INSERT [dbo].[DEUDA_GENERADA] ([IDDEUDA_GENERADA], [IDVENTAS], [DESCRIPCION], [ESTADO]) VALUES (116, 116, N'Deuda generada el día 28/04/2023', N'1')
GO
INSERT [dbo].[DEUDA_GENERADA] ([IDDEUDA_GENERADA], [IDVENTAS], [DESCRIPCION], [ESTADO]) VALUES (117, 117, N'Deuda generada el día 29/04/2023', N'1')
GO
INSERT [dbo].[DEUDA_GENERADA] ([IDDEUDA_GENERADA], [IDVENTAS], [DESCRIPCION], [ESTADO]) VALUES (118, 118, N'Deuda generada el día 30/04/2023', N'1')
GO
INSERT [dbo].[DEUDA_GENERADA] ([IDDEUDA_GENERADA], [IDVENTAS], [DESCRIPCION], [ESTADO]) VALUES (119, 119, N'Deuda generada el día 01/05/2023', N'1')
GO
INSERT [dbo].[DEUDA_GENERADA] ([IDDEUDA_GENERADA], [IDVENTAS], [DESCRIPCION], [ESTADO]) VALUES (120, 120, N'Deuda generada el día 02/05/2023', N'1')
GO
SET IDENTITY_INSERT [dbo].[DEUDA_GENERADA] OFF
GO
SET IDENTITY_INSERT [dbo].[DISTRITO] ON 
GO
INSERT [dbo].[DISTRITO] ([IDDISTRITO], [IDPROVINCIA], [NOMDISTRITO], [ESTADO]) VALUES (1, 1, N'Chachapoyas', N'1')
GO
INSERT [dbo].[DISTRITO] ([IDDISTRITO], [IDPROVINCIA], [NOMDISTRITO], [ESTADO]) VALUES (2, 1, N'Asunción', N'1')
GO
INSERT [dbo].[DISTRITO] ([IDDISTRITO], [IDPROVINCIA], [NOMDISTRITO], [ESTADO]) VALUES (3, 1, N'Balsas', N'1')
GO
INSERT [dbo].[DISTRITO] ([IDDISTRITO], [IDPROVINCIA], [NOMDISTRITO], [ESTADO]) VALUES (4, 2, N'Jumbilla', N'1')
GO
INSERT [dbo].[DISTRITO] ([IDDISTRITO], [IDPROVINCIA], [NOMDISTRITO], [ESTADO]) VALUES (5, 2, N'Cuispes', N'1')
GO
INSERT [dbo].[DISTRITO] ([IDDISTRITO], [IDPROVINCIA], [NOMDISTRITO], [ESTADO]) VALUES (6, 2, N'Valera', N'1')
GO
INSERT [dbo].[DISTRITO] ([IDDISTRITO], [IDPROVINCIA], [NOMDISTRITO], [ESTADO]) VALUES (7, 3, N'Bagua Grande', N'1')
GO
INSERT [dbo].[DISTRITO] ([IDDISTRITO], [IDPROVINCIA], [NOMDISTRITO], [ESTADO]) VALUES (8, 3, N'Aramango', N'1')
GO
INSERT [dbo].[DISTRITO] ([IDDISTRITO], [IDPROVINCIA], [NOMDISTRITO], [ESTADO]) VALUES (9, 3, N'Copallín', N'1')
GO
INSERT [dbo].[DISTRITO] ([IDDISTRITO], [IDPROVINCIA], [NOMDISTRITO], [ESTADO]) VALUES (10, 4, N'Huaraz', N'1')
GO
INSERT [dbo].[DISTRITO] ([IDDISTRITO], [IDPROVINCIA], [NOMDISTRITO], [ESTADO]) VALUES (11, 4, N'Independencia', N'1')
GO
INSERT [dbo].[DISTRITO] ([IDDISTRITO], [IDPROVINCIA], [NOMDISTRITO], [ESTADO]) VALUES (12, 4, N'Pira', N'1')
GO
INSERT [dbo].[DISTRITO] ([IDDISTRITO], [IDPROVINCIA], [NOMDISTRITO], [ESTADO]) VALUES (13, 5, N'Casma', N'1')
GO
INSERT [dbo].[DISTRITO] ([IDDISTRITO], [IDPROVINCIA], [NOMDISTRITO], [ESTADO]) VALUES (14, 5, N'Buena Vista Alta', N'1')
GO
INSERT [dbo].[DISTRITO] ([IDDISTRITO], [IDPROVINCIA], [NOMDISTRITO], [ESTADO]) VALUES (15, 5, N'Yaután', N'1')
GO
INSERT [dbo].[DISTRITO] ([IDDISTRITO], [IDPROVINCIA], [NOMDISTRITO], [ESTADO]) VALUES (16, 6, N'Huarmey', N'1')
GO
INSERT [dbo].[DISTRITO] ([IDDISTRITO], [IDPROVINCIA], [NOMDISTRITO], [ESTADO]) VALUES (17, 6, N'Culebras', N'1')
GO
INSERT [dbo].[DISTRITO] ([IDDISTRITO], [IDPROVINCIA], [NOMDISTRITO], [ESTADO]) VALUES (18, 6, N'Cochapeti', N'1')
GO
INSERT [dbo].[DISTRITO] ([IDDISTRITO], [IDPROVINCIA], [NOMDISTRITO], [ESTADO]) VALUES (19, 7, N'Abancay', N'1')
GO
INSERT [dbo].[DISTRITO] ([IDDISTRITO], [IDPROVINCIA], [NOMDISTRITO], [ESTADO]) VALUES (20, 7, N'Circa', N'1')
GO
INSERT [dbo].[DISTRITO] ([IDDISTRITO], [IDPROVINCIA], [NOMDISTRITO], [ESTADO]) VALUES (21, 7, N'Tamburco', N'1')
GO
INSERT [dbo].[DISTRITO] ([IDDISTRITO], [IDPROVINCIA], [NOMDISTRITO], [ESTADO]) VALUES (22, 8, N'Andahuaylas', N'1')
GO
INSERT [dbo].[DISTRITO] ([IDDISTRITO], [IDPROVINCIA], [NOMDISTRITO], [ESTADO]) VALUES (23, 8, N'Talavera', N'1')
GO
INSERT [dbo].[DISTRITO] ([IDDISTRITO], [IDPROVINCIA], [NOMDISTRITO], [ESTADO]) VALUES (24, 8, N'San Jerónimo', N'1')
GO
INSERT [dbo].[DISTRITO] ([IDDISTRITO], [IDPROVINCIA], [NOMDISTRITO], [ESTADO]) VALUES (25, 9, N'Acos Vinchos', N'1')
GO
INSERT [dbo].[DISTRITO] ([IDDISTRITO], [IDPROVINCIA], [NOMDISTRITO], [ESTADO]) VALUES (26, 9, N'Lambrama', N'1')
GO
INSERT [dbo].[DISTRITO] ([IDDISTRITO], [IDPROVINCIA], [NOMDISTRITO], [ESTADO]) VALUES (27, 9, N'Tamburco', N'1')
GO
INSERT [dbo].[DISTRITO] ([IDDISTRITO], [IDPROVINCIA], [NOMDISTRITO], [ESTADO]) VALUES (28, 10, N'Arequipa', N'1')
GO
INSERT [dbo].[DISTRITO] ([IDDISTRITO], [IDPROVINCIA], [NOMDISTRITO], [ESTADO]) VALUES (29, 10, N'Alto Selva Alegre', N'1')
GO
INSERT [dbo].[DISTRITO] ([IDDISTRITO], [IDPROVINCIA], [NOMDISTRITO], [ESTADO]) VALUES (30, 10, N'Cayma', N'1')
GO
INSERT [dbo].[DISTRITO] ([IDDISTRITO], [IDPROVINCIA], [NOMDISTRITO], [ESTADO]) VALUES (31, 11, N'Chivay', N'1')
GO
INSERT [dbo].[DISTRITO] ([IDDISTRITO], [IDPROVINCIA], [NOMDISTRITO], [ESTADO]) VALUES (32, 11, N'Yanque', N'1')
GO
INSERT [dbo].[DISTRITO] ([IDDISTRITO], [IDPROVINCIA], [NOMDISTRITO], [ESTADO]) VALUES (33, 11, N'Tuti', N'1')
GO
INSERT [dbo].[DISTRITO] ([IDDISTRITO], [IDPROVINCIA], [NOMDISTRITO], [ESTADO]) VALUES (34, 12, N'Camaná', N'1')
GO
INSERT [dbo].[DISTRITO] ([IDDISTRITO], [IDPROVINCIA], [NOMDISTRITO], [ESTADO]) VALUES (35, 12, N'Mariscal Cáceres', N'1')
GO
INSERT [dbo].[DISTRITO] ([IDDISTRITO], [IDPROVINCIA], [NOMDISTRITO], [ESTADO]) VALUES (36, 12, N'José María Quimper', N'1')
GO
INSERT [dbo].[DISTRITO] ([IDDISTRITO], [IDPROVINCIA], [NOMDISTRITO], [ESTADO]) VALUES (37, 13, N'Ayacucho', N'1')
GO
INSERT [dbo].[DISTRITO] ([IDDISTRITO], [IDPROVINCIA], [NOMDISTRITO], [ESTADO]) VALUES (38, 13, N'Carmen Alto', N'1')
GO
INSERT [dbo].[DISTRITO] ([IDDISTRITO], [IDPROVINCIA], [NOMDISTRITO], [ESTADO]) VALUES (39, 13, N'Acocro', N'1')
GO
INSERT [dbo].[DISTRITO] ([IDDISTRITO], [IDPROVINCIA], [NOMDISTRITO], [ESTADO]) VALUES (40, 14, N'Huanta', N'1')
GO
INSERT [dbo].[DISTRITO] ([IDDISTRITO], [IDPROVINCIA], [NOMDISTRITO], [ESTADO]) VALUES (41, 14, N'Luricocha', N'1')
GO
INSERT [dbo].[DISTRITO] ([IDDISTRITO], [IDPROVINCIA], [NOMDISTRITO], [ESTADO]) VALUES (42, 14, N'Santillana', N'1')
GO
INSERT [dbo].[DISTRITO] ([IDDISTRITO], [IDPROVINCIA], [NOMDISTRITO], [ESTADO]) VALUES (43, 15, N'San Miguel', N'1')
GO
INSERT [dbo].[DISTRITO] ([IDDISTRITO], [IDPROVINCIA], [NOMDISTRITO], [ESTADO]) VALUES (44, 15, N'Anco', N'1')
GO
INSERT [dbo].[DISTRITO] ([IDDISTRITO], [IDPROVINCIA], [NOMDISTRITO], [ESTADO]) VALUES (45, 15, N'Tambo', N'1')
GO
INSERT [dbo].[DISTRITO] ([IDDISTRITO], [IDPROVINCIA], [NOMDISTRITO], [ESTADO]) VALUES (46, 16, N'Cajamarca', N'1')
GO
INSERT [dbo].[DISTRITO] ([IDDISTRITO], [IDPROVINCIA], [NOMDISTRITO], [ESTADO]) VALUES (47, 16, N'Baños del Inca', N'1')
GO
INSERT [dbo].[DISTRITO] ([IDDISTRITO], [IDPROVINCIA], [NOMDISTRITO], [ESTADO]) VALUES (48, 16, N'Los Baños', N'1')
GO
INSERT [dbo].[DISTRITO] ([IDDISTRITO], [IDPROVINCIA], [NOMDISTRITO], [ESTADO]) VALUES (49, 17, N'Jaén', N'1')
GO
INSERT [dbo].[DISTRITO] ([IDDISTRITO], [IDPROVINCIA], [NOMDISTRITO], [ESTADO]) VALUES (50, 17, N'Bellavista', N'1')
GO
INSERT [dbo].[DISTRITO] ([IDDISTRITO], [IDPROVINCIA], [NOMDISTRITO], [ESTADO]) VALUES (51, 17, N'Colasay', N'1')
GO
INSERT [dbo].[DISTRITO] ([IDDISTRITO], [IDPROVINCIA], [NOMDISTRITO], [ESTADO]) VALUES (52, 18, N'San Ignacio', N'1')
GO
INSERT [dbo].[DISTRITO] ([IDDISTRITO], [IDPROVINCIA], [NOMDISTRITO], [ESTADO]) VALUES (53, 18, N'Namballe', N'1')
GO
INSERT [dbo].[DISTRITO] ([IDDISTRITO], [IDPROVINCIA], [NOMDISTRITO], [ESTADO]) VALUES (54, 18, N'Chirinos', N'1')
GO
INSERT [dbo].[DISTRITO] ([IDDISTRITO], [IDPROVINCIA], [NOMDISTRITO], [ESTADO]) VALUES (55, 19, N'Callao', N'1')
GO
INSERT [dbo].[DISTRITO] ([IDDISTRITO], [IDPROVINCIA], [NOMDISTRITO], [ESTADO]) VALUES (56, 19, N'Bellavista', N'1')
GO
INSERT [dbo].[DISTRITO] ([IDDISTRITO], [IDPROVINCIA], [NOMDISTRITO], [ESTADO]) VALUES (57, 19, N'La Perla', N'1')
GO
INSERT [dbo].[DISTRITO] ([IDDISTRITO], [IDPROVINCIA], [NOMDISTRITO], [ESTADO]) VALUES (58, 20, N'Cusco', N'1')
GO
INSERT [dbo].[DISTRITO] ([IDDISTRITO], [IDPROVINCIA], [NOMDISTRITO], [ESTADO]) VALUES (59, 20, N'San Jerónimo', N'1')
GO
INSERT [dbo].[DISTRITO] ([IDDISTRITO], [IDPROVINCIA], [NOMDISTRITO], [ESTADO]) VALUES (60, 20, N'Santiago', N'1')
GO
INSERT [dbo].[DISTRITO] ([IDDISTRITO], [IDPROVINCIA], [NOMDISTRITO], [ESTADO]) VALUES (61, 21, N'Urubamba', N'1')
GO
INSERT [dbo].[DISTRITO] ([IDDISTRITO], [IDPROVINCIA], [NOMDISTRITO], [ESTADO]) VALUES (62, 21, N'Ollantaytambo', N'1')
GO
INSERT [dbo].[DISTRITO] ([IDDISTRITO], [IDPROVINCIA], [NOMDISTRITO], [ESTADO]) VALUES (63, 21, N'Maras', N'1')
GO
INSERT [dbo].[DISTRITO] ([IDDISTRITO], [IDPROVINCIA], [NOMDISTRITO], [ESTADO]) VALUES (64, 22, N'Urcos', N'1')
GO
INSERT [dbo].[DISTRITO] ([IDDISTRITO], [IDPROVINCIA], [NOMDISTRITO], [ESTADO]) VALUES (65, 22, N'Quiquijana', N'1')
GO
INSERT [dbo].[DISTRITO] ([IDDISTRITO], [IDPROVINCIA], [NOMDISTRITO], [ESTADO]) VALUES (66, 22, N'Andahuaylillas', N'1')
GO
INSERT [dbo].[DISTRITO] ([IDDISTRITO], [IDPROVINCIA], [NOMDISTRITO], [ESTADO]) VALUES (67, 23, N'Huancavelica', N'1')
GO
INSERT [dbo].[DISTRITO] ([IDDISTRITO], [IDPROVINCIA], [NOMDISTRITO], [ESTADO]) VALUES (68, 23, N'Acobambilla', N'1')
GO
INSERT [dbo].[DISTRITO] ([IDDISTRITO], [IDPROVINCIA], [NOMDISTRITO], [ESTADO]) VALUES (69, 23, N'Huayllahuara', N'1')
GO
INSERT [dbo].[DISTRITO] ([IDDISTRITO], [IDPROVINCIA], [NOMDISTRITO], [ESTADO]) VALUES (70, 24, N'Acobamba', N'1')
GO
INSERT [dbo].[DISTRITO] ([IDDISTRITO], [IDPROVINCIA], [NOMDISTRITO], [ESTADO]) VALUES (71, 24, N'Pomacocha', N'1')
GO
INSERT [dbo].[DISTRITO] ([IDDISTRITO], [IDPROVINCIA], [NOMDISTRITO], [ESTADO]) VALUES (72, 24, N'San Juan', N'1')
GO
INSERT [dbo].[DISTRITO] ([IDDISTRITO], [IDPROVINCIA], [NOMDISTRITO], [ESTADO]) VALUES (73, 25, N'Pampas', N'1')
GO
INSERT [dbo].[DISTRITO] ([IDDISTRITO], [IDPROVINCIA], [NOMDISTRITO], [ESTADO]) VALUES (74, 25, N'Tapairihua', N'1')
GO
INSERT [dbo].[DISTRITO] ([IDDISTRITO], [IDPROVINCIA], [NOMDISTRITO], [ESTADO]) VALUES (75, 25, N'Ticrapo', N'1')
GO
INSERT [dbo].[DISTRITO] ([IDDISTRITO], [IDPROVINCIA], [NOMDISTRITO], [ESTADO]) VALUES (76, 26, N'Huánuco', N'1')
GO
INSERT [dbo].[DISTRITO] ([IDDISTRITO], [IDPROVINCIA], [NOMDISTRITO], [ESTADO]) VALUES (77, 26, N'Amarilis', N'1')
GO
INSERT [dbo].[DISTRITO] ([IDDISTRITO], [IDPROVINCIA], [NOMDISTRITO], [ESTADO]) VALUES (78, 26, N'Pillco Marca', N'1')
GO
INSERT [dbo].[DISTRITO] ([IDDISTRITO], [IDPROVINCIA], [NOMDISTRITO], [ESTADO]) VALUES (79, 27, N'Ambo', N'1')
GO
INSERT [dbo].[DISTRITO] ([IDDISTRITO], [IDPROVINCIA], [NOMDISTRITO], [ESTADO]) VALUES (80, 27, N'Cayna', N'1')
GO
INSERT [dbo].[DISTRITO] ([IDDISTRITO], [IDPROVINCIA], [NOMDISTRITO], [ESTADO]) VALUES (81, 27, N'Huacar', N'1')
GO
INSERT [dbo].[DISTRITO] ([IDDISTRITO], [IDPROVINCIA], [NOMDISTRITO], [ESTADO]) VALUES (82, 28, N'Tingo María', N'1')
GO
INSERT [dbo].[DISTRITO] ([IDDISTRITO], [IDPROVINCIA], [NOMDISTRITO], [ESTADO]) VALUES (83, 28, N'Rupa Rupa', N'1')
GO
INSERT [dbo].[DISTRITO] ([IDDISTRITO], [IDPROVINCIA], [NOMDISTRITO], [ESTADO]) VALUES (84, 28, N'Mariano Dámaso Beraún', N'1')
GO
INSERT [dbo].[DISTRITO] ([IDDISTRITO], [IDPROVINCIA], [NOMDISTRITO], [ESTADO]) VALUES (85, 29, N'Ica', N'1')
GO
INSERT [dbo].[DISTRITO] ([IDDISTRITO], [IDPROVINCIA], [NOMDISTRITO], [ESTADO]) VALUES (86, 29, N'La Tinguiña', N'1')
GO
INSERT [dbo].[DISTRITO] ([IDDISTRITO], [IDPROVINCIA], [NOMDISTRITO], [ESTADO]) VALUES (87, 29, N'Los Aquijes', N'1')
GO
INSERT [dbo].[DISTRITO] ([IDDISTRITO], [IDPROVINCIA], [NOMDISTRITO], [ESTADO]) VALUES (88, 30, N'Pisco', N'1')
GO
INSERT [dbo].[DISTRITO] ([IDDISTRITO], [IDPROVINCIA], [NOMDISTRITO], [ESTADO]) VALUES (89, 30, N'Paracas', N'1')
GO
INSERT [dbo].[DISTRITO] ([IDDISTRITO], [IDPROVINCIA], [NOMDISTRITO], [ESTADO]) VALUES (90, 30, N'San Clemente', N'1')
GO
INSERT [dbo].[DISTRITO] ([IDDISTRITO], [IDPROVINCIA], [NOMDISTRITO], [ESTADO]) VALUES (91, 31, N'Chincha Alta', N'1')
GO
INSERT [dbo].[DISTRITO] ([IDDISTRITO], [IDPROVINCIA], [NOMDISTRITO], [ESTADO]) VALUES (92, 31, N'Sunampe', N'1')
GO
INSERT [dbo].[DISTRITO] ([IDDISTRITO], [IDPROVINCIA], [NOMDISTRITO], [ESTADO]) VALUES (93, 31, N'El Carmen', N'1')
GO
INSERT [dbo].[DISTRITO] ([IDDISTRITO], [IDPROVINCIA], [NOMDISTRITO], [ESTADO]) VALUES (94, 32, N'Huancayo', N'1')
GO
INSERT [dbo].[DISTRITO] ([IDDISTRITO], [IDPROVINCIA], [NOMDISTRITO], [ESTADO]) VALUES (95, 32, N'Chilca', N'1')
GO
INSERT [dbo].[DISTRITO] ([IDDISTRITO], [IDPROVINCIA], [NOMDISTRITO], [ESTADO]) VALUES (96, 32, N'El Tambo', N'1')
GO
INSERT [dbo].[DISTRITO] ([IDDISTRITO], [IDPROVINCIA], [NOMDISTRITO], [ESTADO]) VALUES (97, 33, N'La Merced', N'1')
GO
INSERT [dbo].[DISTRITO] ([IDDISTRITO], [IDPROVINCIA], [NOMDISTRITO], [ESTADO]) VALUES (98, 33, N'Pichanaqui', N'1')
GO
INSERT [dbo].[DISTRITO] ([IDDISTRITO], [IDPROVINCIA], [NOMDISTRITO], [ESTADO]) VALUES (99, 33, N'Perené', N'1')
GO
INSERT [dbo].[DISTRITO] ([IDDISTRITO], [IDPROVINCIA], [NOMDISTRITO], [ESTADO]) VALUES (100, 34, N'Satipo', N'1')
GO
INSERT [dbo].[DISTRITO] ([IDDISTRITO], [IDPROVINCIA], [NOMDISTRITO], [ESTADO]) VALUES (101, 34, N'Río Tambo', N'1')
GO
INSERT [dbo].[DISTRITO] ([IDDISTRITO], [IDPROVINCIA], [NOMDISTRITO], [ESTADO]) VALUES (102, 34, N'Mazamari', N'1')
GO
INSERT [dbo].[DISTRITO] ([IDDISTRITO], [IDPROVINCIA], [NOMDISTRITO], [ESTADO]) VALUES (103, 35, N'Trujillo', N'1')
GO
INSERT [dbo].[DISTRITO] ([IDDISTRITO], [IDPROVINCIA], [NOMDISTRITO], [ESTADO]) VALUES (104, 35, N'La Esperanza', N'1')
GO
INSERT [dbo].[DISTRITO] ([IDDISTRITO], [IDPROVINCIA], [NOMDISTRITO], [ESTADO]) VALUES (105, 35, N'El Porvenir', N'1')
GO
INSERT [dbo].[DISTRITO] ([IDDISTRITO], [IDPROVINCIA], [NOMDISTRITO], [ESTADO]) VALUES (106, 36, N'Ascope', N'1')
GO
INSERT [dbo].[DISTRITO] ([IDDISTRITO], [IDPROVINCIA], [NOMDISTRITO], [ESTADO]) VALUES (107, 36, N'Chicama', N'1')
GO
INSERT [dbo].[DISTRITO] ([IDDISTRITO], [IDPROVINCIA], [NOMDISTRITO], [ESTADO]) VALUES (108, 36, N'Paiján', N'1')
GO
INSERT [dbo].[DISTRITO] ([IDDISTRITO], [IDPROVINCIA], [NOMDISTRITO], [ESTADO]) VALUES (109, 37, N'Chepén', N'1')
GO
INSERT [dbo].[DISTRITO] ([IDDISTRITO], [IDPROVINCIA], [NOMDISTRITO], [ESTADO]) VALUES (110, 37, N'Pacanga', N'1')
GO
INSERT [dbo].[DISTRITO] ([IDDISTRITO], [IDPROVINCIA], [NOMDISTRITO], [ESTADO]) VALUES (111, 37, N'Pueblo Nuevo', N'1')
GO
INSERT [dbo].[DISTRITO] ([IDDISTRITO], [IDPROVINCIA], [NOMDISTRITO], [ESTADO]) VALUES (112, 38, N'Chiclayo', N'1')
GO
INSERT [dbo].[DISTRITO] ([IDDISTRITO], [IDPROVINCIA], [NOMDISTRITO], [ESTADO]) VALUES (113, 38, N'La Victoria', N'1')
GO
INSERT [dbo].[DISTRITO] ([IDDISTRITO], [IDPROVINCIA], [NOMDISTRITO], [ESTADO]) VALUES (114, 38, N'José Leonardo Ortiz', N'1')
GO
INSERT [dbo].[DISTRITO] ([IDDISTRITO], [IDPROVINCIA], [NOMDISTRITO], [ESTADO]) VALUES (115, 39, N'Ferreñafe', N'1')
GO
INSERT [dbo].[DISTRITO] ([IDDISTRITO], [IDPROVINCIA], [NOMDISTRITO], [ESTADO]) VALUES (116, 39, N'Pueblo Nuevo', N'1')
GO
INSERT [dbo].[DISTRITO] ([IDDISTRITO], [IDPROVINCIA], [NOMDISTRITO], [ESTADO]) VALUES (117, 39, N'Incahuasi', N'1')
GO
INSERT [dbo].[DISTRITO] ([IDDISTRITO], [IDPROVINCIA], [NOMDISTRITO], [ESTADO]) VALUES (118, 40, N'Lambayeque', N'1')
GO
INSERT [dbo].[DISTRITO] ([IDDISTRITO], [IDPROVINCIA], [NOMDISTRITO], [ESTADO]) VALUES (119, 40, N'Mochumí', N'1')
GO
INSERT [dbo].[DISTRITO] ([IDDISTRITO], [IDPROVINCIA], [NOMDISTRITO], [ESTADO]) VALUES (120, 40, N'Túcume', N'1')
GO
INSERT [dbo].[DISTRITO] ([IDDISTRITO], [IDPROVINCIA], [NOMDISTRITO], [ESTADO]) VALUES (121, 41, N'Lima', N'1')
GO
INSERT [dbo].[DISTRITO] ([IDDISTRITO], [IDPROVINCIA], [NOMDISTRITO], [ESTADO]) VALUES (122, 41, N'San Isidro', N'1')
GO
INSERT [dbo].[DISTRITO] ([IDDISTRITO], [IDPROVINCIA], [NOMDISTRITO], [ESTADO]) VALUES (123, 41, N'Miraflores', N'1')
GO
INSERT [dbo].[DISTRITO] ([IDDISTRITO], [IDPROVINCIA], [NOMDISTRITO], [ESTADO]) VALUES (124, 42, N'Huaral', N'1')
GO
INSERT [dbo].[DISTRITO] ([IDDISTRITO], [IDPROVINCIA], [NOMDISTRITO], [ESTADO]) VALUES (125, 42, N'Chancay', N'1')
GO
INSERT [dbo].[DISTRITO] ([IDDISTRITO], [IDPROVINCIA], [NOMDISTRITO], [ESTADO]) VALUES (126, 42, N'Aucallama', N'1')
GO
INSERT [dbo].[DISTRITO] ([IDDISTRITO], [IDPROVINCIA], [NOMDISTRITO], [ESTADO]) VALUES (127, 43, N'San Vicente de Cañete', N'1')
GO
INSERT [dbo].[DISTRITO] ([IDDISTRITO], [IDPROVINCIA], [NOMDISTRITO], [ESTADO]) VALUES (128, 43, N'Imperial', N'1')
GO
INSERT [dbo].[DISTRITO] ([IDDISTRITO], [IDPROVINCIA], [NOMDISTRITO], [ESTADO]) VALUES (129, 43, N'Asia', N'1')
GO
INSERT [dbo].[DISTRITO] ([IDDISTRITO], [IDPROVINCIA], [NOMDISTRITO], [ESTADO]) VALUES (130, 44, N'Iquitos', N'1')
GO
INSERT [dbo].[DISTRITO] ([IDDISTRITO], [IDPROVINCIA], [NOMDISTRITO], [ESTADO]) VALUES (131, 44, N'Punchana', N'1')
GO
INSERT [dbo].[DISTRITO] ([IDDISTRITO], [IDPROVINCIA], [NOMDISTRITO], [ESTADO]) VALUES (132, 44, N'Belén', N'1')
GO
INSERT [dbo].[DISTRITO] ([IDDISTRITO], [IDPROVINCIA], [NOMDISTRITO], [ESTADO]) VALUES (133, 45, N'San Juan Bautista', N'1')
GO
INSERT [dbo].[DISTRITO] ([IDDISTRITO], [IDPROVINCIA], [NOMDISTRITO], [ESTADO]) VALUES (134, 45, N'Moronacocha', N'1')
GO
INSERT [dbo].[DISTRITO] ([IDDISTRITO], [IDPROVINCIA], [NOMDISTRITO], [ESTADO]) VALUES (135, 45, N'Santa Clara', N'1')
GO
INSERT [dbo].[DISTRITO] ([IDDISTRITO], [IDPROVINCIA], [NOMDISTRITO], [ESTADO]) VALUES (136, 46, N'Yurimaguas', N'1')
GO
INSERT [dbo].[DISTRITO] ([IDDISTRITO], [IDPROVINCIA], [NOMDISTRITO], [ESTADO]) VALUES (137, 46, N'Balsapuerto', N'1')
GO
INSERT [dbo].[DISTRITO] ([IDDISTRITO], [IDPROVINCIA], [NOMDISTRITO], [ESTADO]) VALUES (138, 46, N'Jeberos', N'1')
GO
INSERT [dbo].[DISTRITO] ([IDDISTRITO], [IDPROVINCIA], [NOMDISTRITO], [ESTADO]) VALUES (139, 47, N'Puerto Maldonado', N'1')
GO
INSERT [dbo].[DISTRITO] ([IDDISTRITO], [IDPROVINCIA], [NOMDISTRITO], [ESTADO]) VALUES (140, 47, N'Inambari', N'1')
GO
INSERT [dbo].[DISTRITO] ([IDDISTRITO], [IDPROVINCIA], [NOMDISTRITO], [ESTADO]) VALUES (141, 47, N'Laberinto', N'1')
GO
INSERT [dbo].[DISTRITO] ([IDDISTRITO], [IDPROVINCIA], [NOMDISTRITO], [ESTADO]) VALUES (142, 48, N'Salvación', N'1')
GO
INSERT [dbo].[DISTRITO] ([IDDISTRITO], [IDPROVINCIA], [NOMDISTRITO], [ESTADO]) VALUES (143, 48, N'Fitzcarrald', N'1')
GO
INSERT [dbo].[DISTRITO] ([IDDISTRITO], [IDPROVINCIA], [NOMDISTRITO], [ESTADO]) VALUES (144, 48, N'Manu', N'1')
GO
INSERT [dbo].[DISTRITO] ([IDDISTRITO], [IDPROVINCIA], [NOMDISTRITO], [ESTADO]) VALUES (145, 49, N'Iñapari', N'1')
GO
INSERT [dbo].[DISTRITO] ([IDDISTRITO], [IDPROVINCIA], [NOMDISTRITO], [ESTADO]) VALUES (146, 49, N'Iberia', N'1')
GO
INSERT [dbo].[DISTRITO] ([IDDISTRITO], [IDPROVINCIA], [NOMDISTRITO], [ESTADO]) VALUES (147, 49, N'Tahuamanu', N'1')
GO
INSERT [dbo].[DISTRITO] ([IDDISTRITO], [IDPROVINCIA], [NOMDISTRITO], [ESTADO]) VALUES (148, 50, N'Moquegua', N'1')
GO
INSERT [dbo].[DISTRITO] ([IDDISTRITO], [IDPROVINCIA], [NOMDISTRITO], [ESTADO]) VALUES (149, 50, N'Samegua', N'1')
GO
INSERT [dbo].[DISTRITO] ([IDDISTRITO], [IDPROVINCIA], [NOMDISTRITO], [ESTADO]) VALUES (150, 50, N'Torata', N'1')
GO
INSERT [dbo].[DISTRITO] ([IDDISTRITO], [IDPROVINCIA], [NOMDISTRITO], [ESTADO]) VALUES (151, 51, N'Ilo', N'1')
GO
INSERT [dbo].[DISTRITO] ([IDDISTRITO], [IDPROVINCIA], [NOMDISTRITO], [ESTADO]) VALUES (152, 51, N'Pacocha', N'1')
GO
INSERT [dbo].[DISTRITO] ([IDDISTRITO], [IDPROVINCIA], [NOMDISTRITO], [ESTADO]) VALUES (153, 51, N'El Algarrobal', N'1')
GO
INSERT [dbo].[DISTRITO] ([IDDISTRITO], [IDPROVINCIA], [NOMDISTRITO], [ESTADO]) VALUES (154, 52, N'Omate', N'1')
GO
INSERT [dbo].[DISTRITO] ([IDDISTRITO], [IDPROVINCIA], [NOMDISTRITO], [ESTADO]) VALUES (155, 52, N'Ichuña', N'1')
GO
INSERT [dbo].[DISTRITO] ([IDDISTRITO], [IDPROVINCIA], [NOMDISTRITO], [ESTADO]) VALUES (156, 52, N'Chojata', N'1')
GO
INSERT [dbo].[DISTRITO] ([IDDISTRITO], [IDPROVINCIA], [NOMDISTRITO], [ESTADO]) VALUES (157, 53, N'Cerro de Pasco', N'1')
GO
INSERT [dbo].[DISTRITO] ([IDDISTRITO], [IDPROVINCIA], [NOMDISTRITO], [ESTADO]) VALUES (158, 53, N'Chaupimarca', N'1')
GO
INSERT [dbo].[DISTRITO] ([IDDISTRITO], [IDPROVINCIA], [NOMDISTRITO], [ESTADO]) VALUES (159, 53, N'Yanacancha', N'1')
GO
INSERT [dbo].[DISTRITO] ([IDDISTRITO], [IDPROVINCIA], [NOMDISTRITO], [ESTADO]) VALUES (160, 54, N'Oxapampa', N'1')
GO
INSERT [dbo].[DISTRITO] ([IDDISTRITO], [IDPROVINCIA], [NOMDISTRITO], [ESTADO]) VALUES (161, 54, N'Villa Rica', N'1')
GO
INSERT [dbo].[DISTRITO] ([IDDISTRITO], [IDPROVINCIA], [NOMDISTRITO], [ESTADO]) VALUES (162, 54, N'Chontabamba', N'1')
GO
INSERT [dbo].[DISTRITO] ([IDDISTRITO], [IDPROVINCIA], [NOMDISTRITO], [ESTADO]) VALUES (163, 55, N'Yanahuanca', N'1')
GO
INSERT [dbo].[DISTRITO] ([IDDISTRITO], [IDPROVINCIA], [NOMDISTRITO], [ESTADO]) VALUES (164, 55, N'Tinyahuarco', N'1')
GO
INSERT [dbo].[DISTRITO] ([IDDISTRITO], [IDPROVINCIA], [NOMDISTRITO], [ESTADO]) VALUES (165, 55, N'Paucar', N'1')
GO
INSERT [dbo].[DISTRITO] ([IDDISTRITO], [IDPROVINCIA], [NOMDISTRITO], [ESTADO]) VALUES (166, 56, N'Piura', N'1')
GO
INSERT [dbo].[DISTRITO] ([IDDISTRITO], [IDPROVINCIA], [NOMDISTRITO], [ESTADO]) VALUES (167, 56, N'Castilla', N'1')
GO
INSERT [dbo].[DISTRITO] ([IDDISTRITO], [IDPROVINCIA], [NOMDISTRITO], [ESTADO]) VALUES (168, 56, N'Catacaos', N'1')
GO
INSERT [dbo].[DISTRITO] ([IDDISTRITO], [IDPROVINCIA], [NOMDISTRITO], [ESTADO]) VALUES (169, 57, N'Sullana', N'1')
GO
INSERT [dbo].[DISTRITO] ([IDDISTRITO], [IDPROVINCIA], [NOMDISTRITO], [ESTADO]) VALUES (170, 57, N'Bellavista', N'1')
GO
INSERT [dbo].[DISTRITO] ([IDDISTRITO], [IDPROVINCIA], [NOMDISTRITO], [ESTADO]) VALUES (171, 57, N'Ignacio Escudero', N'1')
GO
INSERT [dbo].[DISTRITO] ([IDDISTRITO], [IDPROVINCIA], [NOMDISTRITO], [ESTADO]) VALUES (172, 58, N'Talara', N'1')
GO
INSERT [dbo].[DISTRITO] ([IDDISTRITO], [IDPROVINCIA], [NOMDISTRITO], [ESTADO]) VALUES (173, 58, N'Pariñas', N'1')
GO
INSERT [dbo].[DISTRITO] ([IDDISTRITO], [IDPROVINCIA], [NOMDISTRITO], [ESTADO]) VALUES (174, 58, N'El Alto', N'1')
GO
INSERT [dbo].[DISTRITO] ([IDDISTRITO], [IDPROVINCIA], [NOMDISTRITO], [ESTADO]) VALUES (175, 59, N'Puno', N'1')
GO
INSERT [dbo].[DISTRITO] ([IDDISTRITO], [IDPROVINCIA], [NOMDISTRITO], [ESTADO]) VALUES (176, 59, N'Juliaca', N'1')
GO
INSERT [dbo].[DISTRITO] ([IDDISTRITO], [IDPROVINCIA], [NOMDISTRITO], [ESTADO]) VALUES (177, 59, N'Ilave', N'1')
GO
INSERT [dbo].[DISTRITO] ([IDDISTRITO], [IDPROVINCIA], [NOMDISTRITO], [ESTADO]) VALUES (178, 60, N'Ilave', N'1')
GO
INSERT [dbo].[DISTRITO] ([IDDISTRITO], [IDPROVINCIA], [NOMDISTRITO], [ESTADO]) VALUES (179, 60, N'Santa Rosa', N'1')
GO
INSERT [dbo].[DISTRITO] ([IDDISTRITO], [IDPROVINCIA], [NOMDISTRITO], [ESTADO]) VALUES (180, 60, N'Capazo', N'1')
GO
INSERT [dbo].[DISTRITO] ([IDDISTRITO], [IDPROVINCIA], [NOMDISTRITO], [ESTADO]) VALUES (181, 61, N'Juliaca', N'1')
GO
INSERT [dbo].[DISTRITO] ([IDDISTRITO], [IDPROVINCIA], [NOMDISTRITO], [ESTADO]) VALUES (182, 61, N'Ilave', N'1')
GO
INSERT [dbo].[DISTRITO] ([IDDISTRITO], [IDPROVINCIA], [NOMDISTRITO], [ESTADO]) VALUES (183, 61, N'Pomata', N'1')
GO
INSERT [dbo].[DISTRITO] ([IDDISTRITO], [IDPROVINCIA], [NOMDISTRITO], [ESTADO]) VALUES (184, 62, N'Moyobamba', N'1')
GO
INSERT [dbo].[DISTRITO] ([IDDISTRITO], [IDPROVINCIA], [NOMDISTRITO], [ESTADO]) VALUES (185, 62, N'Rioja', N'1')
GO
INSERT [dbo].[DISTRITO] ([IDDISTRITO], [IDPROVINCIA], [NOMDISTRITO], [ESTADO]) VALUES (186, 62, N'Calzada', N'1')
GO
INSERT [dbo].[DISTRITO] ([IDDISTRITO], [IDPROVINCIA], [NOMDISTRITO], [ESTADO]) VALUES (187, 63, N'Tocache', N'1')
GO
INSERT [dbo].[DISTRITO] ([IDDISTRITO], [IDPROVINCIA], [NOMDISTRITO], [ESTADO]) VALUES (188, 63, N'Uchiza', N'1')
GO
INSERT [dbo].[DISTRITO] ([IDDISTRITO], [IDPROVINCIA], [NOMDISTRITO], [ESTADO]) VALUES (189, 63, N'Nuevo Progreso', N'1')
GO
INSERT [dbo].[DISTRITO] ([IDDISTRITO], [IDPROVINCIA], [NOMDISTRITO], [ESTADO]) VALUES (190, 64, N'Bellavista', N'1')
GO
INSERT [dbo].[DISTRITO] ([IDDISTRITO], [IDPROVINCIA], [NOMDISTRITO], [ESTADO]) VALUES (191, 64, N'Alto Biavo', N'1')
GO
INSERT [dbo].[DISTRITO] ([IDDISTRITO], [IDPROVINCIA], [NOMDISTRITO], [ESTADO]) VALUES (192, 64, N'San Pablo', N'1')
GO
INSERT [dbo].[DISTRITO] ([IDDISTRITO], [IDPROVINCIA], [NOMDISTRITO], [ESTADO]) VALUES (193, 65, N'Tacna', N'1')
GO
INSERT [dbo].[DISTRITO] ([IDDISTRITO], [IDPROVINCIA], [NOMDISTRITO], [ESTADO]) VALUES (194, 65, N'Calana', N'1')
GO
INSERT [dbo].[DISTRITO] ([IDDISTRITO], [IDPROVINCIA], [NOMDISTRITO], [ESTADO]) VALUES (195, 65, N'Pocollay', N'1')
GO
INSERT [dbo].[DISTRITO] ([IDDISTRITO], [IDPROVINCIA], [NOMDISTRITO], [ESTADO]) VALUES (196, 66, N'Tarata', N'1')
GO
INSERT [dbo].[DISTRITO] ([IDDISTRITO], [IDPROVINCIA], [NOMDISTRITO], [ESTADO]) VALUES (197, 66, N'Ticaco', N'1')
GO
INSERT [dbo].[DISTRITO] ([IDDISTRITO], [IDPROVINCIA], [NOMDISTRITO], [ESTADO]) VALUES (198, 66, N'Sitajara', N'1')
GO
INSERT [dbo].[DISTRITO] ([IDDISTRITO], [IDPROVINCIA], [NOMDISTRITO], [ESTADO]) VALUES (199, 67, N'Locumba', N'1')
GO
INSERT [dbo].[DISTRITO] ([IDDISTRITO], [IDPROVINCIA], [NOMDISTRITO], [ESTADO]) VALUES (200, 67, N'Ilabaya', N'1')
GO
INSERT [dbo].[DISTRITO] ([IDDISTRITO], [IDPROVINCIA], [NOMDISTRITO], [ESTADO]) VALUES (201, 67, N'Candarave', N'1')
GO
INSERT [dbo].[DISTRITO] ([IDDISTRITO], [IDPROVINCIA], [NOMDISTRITO], [ESTADO]) VALUES (202, 68, N'Tumbes', N'1')
GO
INSERT [dbo].[DISTRITO] ([IDDISTRITO], [IDPROVINCIA], [NOMDISTRITO], [ESTADO]) VALUES (203, 68, N'Zarumilla', N'1')
GO
INSERT [dbo].[DISTRITO] ([IDDISTRITO], [IDPROVINCIA], [NOMDISTRITO], [ESTADO]) VALUES (204, 68, N'Aguas Verdes', N'1')
GO
INSERT [dbo].[DISTRITO] ([IDDISTRITO], [IDPROVINCIA], [NOMDISTRITO], [ESTADO]) VALUES (205, 69, N'Zarumilla', N'1')
GO
INSERT [dbo].[DISTRITO] ([IDDISTRITO], [IDPROVINCIA], [NOMDISTRITO], [ESTADO]) VALUES (206, 69, N'Aguas Verdes', N'1')
GO
INSERT [dbo].[DISTRITO] ([IDDISTRITO], [IDPROVINCIA], [NOMDISTRITO], [ESTADO]) VALUES (207, 69, N'Matapalo', N'1')
GO
INSERT [dbo].[DISTRITO] ([IDDISTRITO], [IDPROVINCIA], [NOMDISTRITO], [ESTADO]) VALUES (208, 70, N'Zorritos', N'1')
GO
INSERT [dbo].[DISTRITO] ([IDDISTRITO], [IDPROVINCIA], [NOMDISTRITO], [ESTADO]) VALUES (209, 70, N'Casitas', N'1')
GO
INSERT [dbo].[DISTRITO] ([IDDISTRITO], [IDPROVINCIA], [NOMDISTRITO], [ESTADO]) VALUES (210, 70, N'Canoas de Punta Sal', N'1')
GO
INSERT [dbo].[DISTRITO] ([IDDISTRITO], [IDPROVINCIA], [NOMDISTRITO], [ESTADO]) VALUES (211, 71, N'Coronel Portillo', N'1')
GO
INSERT [dbo].[DISTRITO] ([IDDISTRITO], [IDPROVINCIA], [NOMDISTRITO], [ESTADO]) VALUES (212, 71, N'Callería', N'1')
GO
INSERT [dbo].[DISTRITO] ([IDDISTRITO], [IDPROVINCIA], [NOMDISTRITO], [ESTADO]) VALUES (213, 71, N'Manantay', N'1')
GO
INSERT [dbo].[DISTRITO] ([IDDISTRITO], [IDPROVINCIA], [NOMDISTRITO], [ESTADO]) VALUES (214, 72, N'Pucallpa', N'1')
GO
INSERT [dbo].[DISTRITO] ([IDDISTRITO], [IDPROVINCIA], [NOMDISTRITO], [ESTADO]) VALUES (215, 72, N'Yarinacocha', N'1')
GO
INSERT [dbo].[DISTRITO] ([IDDISTRITO], [IDPROVINCIA], [NOMDISTRITO], [ESTADO]) VALUES (216, 72, N'Manantay', N'1')
GO
INSERT [dbo].[DISTRITO] ([IDDISTRITO], [IDPROVINCIA], [NOMDISTRITO], [ESTADO]) VALUES (217, 73, N'Atalaya', N'1')
GO
INSERT [dbo].[DISTRITO] ([IDDISTRITO], [IDPROVINCIA], [NOMDISTRITO], [ESTADO]) VALUES (218, 73, N'Raymondi', N'1')
GO
INSERT [dbo].[DISTRITO] ([IDDISTRITO], [IDPROVINCIA], [NOMDISTRITO], [ESTADO]) VALUES (219, 73, N'Sepahua', N'1')
GO
SET IDENTITY_INSERT [dbo].[DISTRITO] OFF
GO
SET IDENTITY_INSERT [dbo].[EGRESO] ON 
GO
INSERT [dbo].[EGRESO] ([IDEGRESO], [IDVENTAS], [NUMRECIBO], [DETALLE], [TOTAL], [ESTADO]) VALUES (1, 1, N'988       ', N'Venta realizada el dìa 01/01/2023', CAST(27.00 AS Decimal(6, 2)), N'1')
GO
INSERT [dbo].[EGRESO] ([IDEGRESO], [IDVENTAS], [NUMRECIBO], [DETALLE], [TOTAL], [ESTADO]) VALUES (2, 2, N'989       ', N'Venta realizada el dìa 03/01/2023', CAST(8.00 AS Decimal(6, 2)), N'1')
GO
INSERT [dbo].[EGRESO] ([IDEGRESO], [IDVENTAS], [NUMRECIBO], [DETALLE], [TOTAL], [ESTADO]) VALUES (3, 3, N'990       ', N'Venta realizada el dìa 05/01/2023', CAST(17.00 AS Decimal(6, 2)), N'1')
GO
INSERT [dbo].[EGRESO] ([IDEGRESO], [IDVENTAS], [NUMRECIBO], [DETALLE], [TOTAL], [ESTADO]) VALUES (4, 4, N'991       ', N'Venta realizada el dìa 06/01/2023', CAST(17.00 AS Decimal(6, 2)), N'1')
GO
INSERT [dbo].[EGRESO] ([IDEGRESO], [IDVENTAS], [NUMRECIBO], [DETALLE], [TOTAL], [ESTADO]) VALUES (5, 5, N'992       ', N'Venta realizada el dìa 07/01/2023', CAST(4.00 AS Decimal(6, 2)), N'1')
GO
INSERT [dbo].[EGRESO] ([IDEGRESO], [IDVENTAS], [NUMRECIBO], [DETALLE], [TOTAL], [ESTADO]) VALUES (6, 6, N'993       ', N'Venta realizada el dìa 08/01/2023', CAST(60.00 AS Decimal(6, 2)), N'1')
GO
INSERT [dbo].[EGRESO] ([IDEGRESO], [IDVENTAS], [NUMRECIBO], [DETALLE], [TOTAL], [ESTADO]) VALUES (7, 7, N'994       ', N'Venta realizada el dìa 09/01/2023', CAST(68.00 AS Decimal(6, 2)), N'1')
GO
INSERT [dbo].[EGRESO] ([IDEGRESO], [IDVENTAS], [NUMRECIBO], [DETALLE], [TOTAL], [ESTADO]) VALUES (8, 8, N'995       ', N'Venta realizada el dìa 10/01/2023', CAST(6.50 AS Decimal(6, 2)), N'1')
GO
INSERT [dbo].[EGRESO] ([IDEGRESO], [IDVENTAS], [NUMRECIBO], [DETALLE], [TOTAL], [ESTADO]) VALUES (9, 9, N'996       ', N'Venta realizada el dìa 11/01/2023', CAST(130.00 AS Decimal(6, 2)), N'1')
GO
INSERT [dbo].[EGRESO] ([IDEGRESO], [IDVENTAS], [NUMRECIBO], [DETALLE], [TOTAL], [ESTADO]) VALUES (10, 10, N'997       ', N'Venta realizada el dìa 12/01/2023', CAST(394.00 AS Decimal(6, 2)), N'1')
GO
INSERT [dbo].[EGRESO] ([IDEGRESO], [IDVENTAS], [NUMRECIBO], [DETALLE], [TOTAL], [ESTADO]) VALUES (11, 11, N'998       ', N'Venta realizada el dìa 13/01/2023', CAST(96.00 AS Decimal(6, 2)), N'1')
GO
INSERT [dbo].[EGRESO] ([IDEGRESO], [IDVENTAS], [NUMRECIBO], [DETALLE], [TOTAL], [ESTADO]) VALUES (12, 12, N'999       ', N'Venta realizada el dìa 14/01/2023', CAST(117.00 AS Decimal(6, 2)), N'1')
GO
INSERT [dbo].[EGRESO] ([IDEGRESO], [IDVENTAS], [NUMRECIBO], [DETALLE], [TOTAL], [ESTADO]) VALUES (13, 13, N'1000      ', N'Venta realizada el dìa 15/01/2023', CAST(68.50 AS Decimal(6, 2)), N'1')
GO
INSERT [dbo].[EGRESO] ([IDEGRESO], [IDVENTAS], [NUMRECIBO], [DETALLE], [TOTAL], [ESTADO]) VALUES (14, 14, N'1001      ', N'Venta realizada el dìa 16/01/2023', CAST(57.00 AS Decimal(6, 2)), N'1')
GO
INSERT [dbo].[EGRESO] ([IDEGRESO], [IDVENTAS], [NUMRECIBO], [DETALLE], [TOTAL], [ESTADO]) VALUES (15, 15, N'1002      ', N'Venta realizada el dìa 17/01/2023', CAST(4.00 AS Decimal(6, 2)), N'1')
GO
INSERT [dbo].[EGRESO] ([IDEGRESO], [IDVENTAS], [NUMRECIBO], [DETALLE], [TOTAL], [ESTADO]) VALUES (16, 16, N'1003      ', N'Venta realizada el dìa 18/01/2023', CAST(30.00 AS Decimal(6, 2)), N'1')
GO
INSERT [dbo].[EGRESO] ([IDEGRESO], [IDVENTAS], [NUMRECIBO], [DETALLE], [TOTAL], [ESTADO]) VALUES (17, 17, N'1004      ', N'Venta realizada el dìa 19/01/2023', CAST(68.00 AS Decimal(6, 2)), N'1')
GO
INSERT [dbo].[EGRESO] ([IDEGRESO], [IDVENTAS], [NUMRECIBO], [DETALLE], [TOTAL], [ESTADO]) VALUES (18, 18, N'1005      ', N'Venta realizada el dìa 20/01/2023', CAST(69.00 AS Decimal(6, 2)), N'1')
GO
INSERT [dbo].[EGRESO] ([IDEGRESO], [IDVENTAS], [NUMRECIBO], [DETALLE], [TOTAL], [ESTADO]) VALUES (19, 19, N'1006      ', N'Venta realizada el dìa 21/01/2023', CAST(6.00 AS Decimal(6, 2)), N'1')
GO
INSERT [dbo].[EGRESO] ([IDEGRESO], [IDVENTAS], [NUMRECIBO], [DETALLE], [TOTAL], [ESTADO]) VALUES (20, 20, N'1007      ', N'Venta realizada el dìa 22/01/2023', CAST(74.00 AS Decimal(6, 2)), N'1')
GO
INSERT [dbo].[EGRESO] ([IDEGRESO], [IDVENTAS], [NUMRECIBO], [DETALLE], [TOTAL], [ESTADO]) VALUES (21, 21, N'1008      ', N'Venta realizada el dìa 23/01/2023', CAST(32.00 AS Decimal(6, 2)), N'1')
GO
INSERT [dbo].[EGRESO] ([IDEGRESO], [IDVENTAS], [NUMRECIBO], [DETALLE], [TOTAL], [ESTADO]) VALUES (22, 22, N'1009      ', N'Venta realizada el dìa 24/01/2023', CAST(18.00 AS Decimal(6, 2)), N'1')
GO
INSERT [dbo].[EGRESO] ([IDEGRESO], [IDVENTAS], [NUMRECIBO], [DETALLE], [TOTAL], [ESTADO]) VALUES (23, 23, N'1010      ', N'Venta realizada el dìa 25/01/2023', CAST(46.00 AS Decimal(6, 2)), N'1')
GO
INSERT [dbo].[EGRESO] ([IDEGRESO], [IDVENTAS], [NUMRECIBO], [DETALLE], [TOTAL], [ESTADO]) VALUES (24, 24, N'1011      ', N'Venta realizada el dìa 26/01/2023', CAST(6.00 AS Decimal(6, 2)), N'1')
GO
INSERT [dbo].[EGRESO] ([IDEGRESO], [IDVENTAS], [NUMRECIBO], [DETALLE], [TOTAL], [ESTADO]) VALUES (25, 25, N'1012      ', N'Venta realizada el dìa 27/01/2023', CAST(24.00 AS Decimal(6, 2)), N'1')
GO
INSERT [dbo].[EGRESO] ([IDEGRESO], [IDVENTAS], [NUMRECIBO], [DETALLE], [TOTAL], [ESTADO]) VALUES (26, 26, N'1013      ', N'Venta realizada el dìa 28/01/2023', CAST(11.00 AS Decimal(6, 2)), N'1')
GO
INSERT [dbo].[EGRESO] ([IDEGRESO], [IDVENTAS], [NUMRECIBO], [DETALLE], [TOTAL], [ESTADO]) VALUES (27, 27, N'1014      ', N'Venta realizada el dìa 29/01/2023', CAST(54.00 AS Decimal(6, 2)), N'1')
GO
INSERT [dbo].[EGRESO] ([IDEGRESO], [IDVENTAS], [NUMRECIBO], [DETALLE], [TOTAL], [ESTADO]) VALUES (28, 28, N'1015      ', N'Venta realizada el dìa 30/01/2023', CAST(34.00 AS Decimal(6, 2)), N'1')
GO
INSERT [dbo].[EGRESO] ([IDEGRESO], [IDVENTAS], [NUMRECIBO], [DETALLE], [TOTAL], [ESTADO]) VALUES (29, 29, N'1016      ', N'Venta realizada el dìa 31/01/2023', CAST(27.50 AS Decimal(6, 2)), N'1')
GO
INSERT [dbo].[EGRESO] ([IDEGRESO], [IDVENTAS], [NUMRECIBO], [DETALLE], [TOTAL], [ESTADO]) VALUES (30, 30, N'1017      ', N'Venta realizada el dìa 01/02/2023', CAST(12.00 AS Decimal(6, 2)), N'1')
GO
INSERT [dbo].[EGRESO] ([IDEGRESO], [IDVENTAS], [NUMRECIBO], [DETALLE], [TOTAL], [ESTADO]) VALUES (31, 31, N'1018      ', N'Venta realizada el dìa 02/02/2023', CAST(15.00 AS Decimal(6, 2)), N'1')
GO
INSERT [dbo].[EGRESO] ([IDEGRESO], [IDVENTAS], [NUMRECIBO], [DETALLE], [TOTAL], [ESTADO]) VALUES (32, 32, N'1019      ', N'Venta realizada el dìa 03/02/2023', CAST(20.00 AS Decimal(6, 2)), N'1')
GO
INSERT [dbo].[EGRESO] ([IDEGRESO], [IDVENTAS], [NUMRECIBO], [DETALLE], [TOTAL], [ESTADO]) VALUES (33, 33, N'1020      ', N'Venta realizada el dìa 04/02/2023', CAST(6.00 AS Decimal(6, 2)), N'1')
GO
INSERT [dbo].[EGRESO] ([IDEGRESO], [IDVENTAS], [NUMRECIBO], [DETALLE], [TOTAL], [ESTADO]) VALUES (34, 34, N'1021      ', N'Venta realizada el dìa 05/02/2023', CAST(24.00 AS Decimal(6, 2)), N'1')
GO
INSERT [dbo].[EGRESO] ([IDEGRESO], [IDVENTAS], [NUMRECIBO], [DETALLE], [TOTAL], [ESTADO]) VALUES (35, 35, N'1022      ', N'Venta realizada el dìa 06/02/2023', CAST(16.00 AS Decimal(6, 2)), N'1')
GO
INSERT [dbo].[EGRESO] ([IDEGRESO], [IDVENTAS], [NUMRECIBO], [DETALLE], [TOTAL], [ESTADO]) VALUES (36, 36, N'1023      ', N'Venta realizada el dìa 07/02/2023', CAST(109.50 AS Decimal(6, 2)), N'1')
GO
INSERT [dbo].[EGRESO] ([IDEGRESO], [IDVENTAS], [NUMRECIBO], [DETALLE], [TOTAL], [ESTADO]) VALUES (37, 37, N'1024      ', N'Venta realizada el dìa 08/02/2023', CAST(48.00 AS Decimal(6, 2)), N'1')
GO
INSERT [dbo].[EGRESO] ([IDEGRESO], [IDVENTAS], [NUMRECIBO], [DETALLE], [TOTAL], [ESTADO]) VALUES (38, 38, N'1025      ', N'Venta realizada el dìa 09/02/2023', CAST(300.00 AS Decimal(6, 2)), N'1')
GO
INSERT [dbo].[EGRESO] ([IDEGRESO], [IDVENTAS], [NUMRECIBO], [DETALLE], [TOTAL], [ESTADO]) VALUES (39, 39, N'1026      ', N'Venta realizada el dìa 10/02/2023', CAST(72.00 AS Decimal(6, 2)), N'1')
GO
INSERT [dbo].[EGRESO] ([IDEGRESO], [IDVENTAS], [NUMRECIBO], [DETALLE], [TOTAL], [ESTADO]) VALUES (40, 40, N'1027      ', N'Venta realizada el dìa 11/02/2023', CAST(21.00 AS Decimal(6, 2)), N'1')
GO
INSERT [dbo].[EGRESO] ([IDEGRESO], [IDVENTAS], [NUMRECIBO], [DETALLE], [TOTAL], [ESTADO]) VALUES (41, 41, N'1028      ', N'Venta realizada el dìa 12/02/2023', CAST(26.00 AS Decimal(6, 2)), N'1')
GO
INSERT [dbo].[EGRESO] ([IDEGRESO], [IDVENTAS], [NUMRECIBO], [DETALLE], [TOTAL], [ESTADO]) VALUES (42, 42, N'1029      ', N'Venta realizada el dìa 13/02/2023', CAST(40.00 AS Decimal(6, 2)), N'1')
GO
INSERT [dbo].[EGRESO] ([IDEGRESO], [IDVENTAS], [NUMRECIBO], [DETALLE], [TOTAL], [ESTADO]) VALUES (43, 43, N'1030      ', N'Venta realizada el dìa 14/02/2023', CAST(105.00 AS Decimal(6, 2)), N'1')
GO
INSERT [dbo].[EGRESO] ([IDEGRESO], [IDVENTAS], [NUMRECIBO], [DETALLE], [TOTAL], [ESTADO]) VALUES (44, 44, N'1031      ', N'Venta realizada el dìa15/02/2023', CAST(322.00 AS Decimal(6, 2)), N'1')
GO
INSERT [dbo].[EGRESO] ([IDEGRESO], [IDVENTAS], [NUMRECIBO], [DETALLE], [TOTAL], [ESTADO]) VALUES (45, 45, N'1032      ', N'Venta realizada el dìa 16/02/2023', CAST(48.00 AS Decimal(6, 2)), N'1')
GO
INSERT [dbo].[EGRESO] ([IDEGRESO], [IDVENTAS], [NUMRECIBO], [DETALLE], [TOTAL], [ESTADO]) VALUES (46, 46, N'1033      ', N'Venta realizada el dìa 17/02/2023', CAST(44.00 AS Decimal(6, 2)), N'1')
GO
INSERT [dbo].[EGRESO] ([IDEGRESO], [IDVENTAS], [NUMRECIBO], [DETALLE], [TOTAL], [ESTADO]) VALUES (47, 47, N'1034      ', N'Venta realizada el dìa 18/02/2023', CAST(51.00 AS Decimal(6, 2)), N'1')
GO
INSERT [dbo].[EGRESO] ([IDEGRESO], [IDVENTAS], [NUMRECIBO], [DETALLE], [TOTAL], [ESTADO]) VALUES (48, 48, N'1035      ', N'Venta realizada el dìa 19/02/2023', CAST(48.00 AS Decimal(6, 2)), N'1')
GO
INSERT [dbo].[EGRESO] ([IDEGRESO], [IDVENTAS], [NUMRECIBO], [DETALLE], [TOTAL], [ESTADO]) VALUES (49, 49, N'1036      ', N'Venta realizada el dìa 20/02/2023', CAST(15.00 AS Decimal(6, 2)), N'1')
GO
INSERT [dbo].[EGRESO] ([IDEGRESO], [IDVENTAS], [NUMRECIBO], [DETALLE], [TOTAL], [ESTADO]) VALUES (50, 50, N'1037      ', N'Venta realizada el dìa 21/02/2023', CAST(9.00 AS Decimal(6, 2)), N'1')
GO
SET IDENTITY_INSERT [dbo].[EGRESO] OFF
GO
SET IDENTITY_INSERT [dbo].[EMPLEADO] ON 
GO
INSERT [dbo].[EMPLEADO] ([IDEMPLEADO], [IDPERSONA], [IDCONTRATO], [IDCARGO], [SALARIO], [TURNO], [ESTADO]) VALUES (1, 12, 2, 5, CAST(2100.00 AS Decimal(6, 2)), N'Mañana', N'1')
GO
INSERT [dbo].[EMPLEADO] ([IDEMPLEADO], [IDPERSONA], [IDCONTRATO], [IDCARGO], [SALARIO], [TURNO], [ESTADO]) VALUES (2, 45, 2, 2, CAST(984.00 AS Decimal(6, 2)), N'Mañana', N'1')
GO
INSERT [dbo].[EMPLEADO] ([IDEMPLEADO], [IDPERSONA], [IDCONTRATO], [IDCARGO], [SALARIO], [TURNO], [ESTADO]) VALUES (3, 3, 2, 3, CAST(908.00 AS Decimal(6, 2)), N'Mañana', N'1')
GO
INSERT [dbo].[EMPLEADO] ([IDEMPLEADO], [IDPERSONA], [IDCONTRATO], [IDCARGO], [SALARIO], [TURNO], [ESTADO]) VALUES (4, 67, 3, 4, CAST(855.00 AS Decimal(6, 2)), N'Mañana,Tarde', N'1')
GO
INSERT [dbo].[EMPLEADO] ([IDEMPLEADO], [IDPERSONA], [IDCONTRATO], [IDCARGO], [SALARIO], [TURNO], [ESTADO]) VALUES (5, 23, 2, 6, CAST(1250.00 AS Decimal(6, 2)), N'Mañana,Tarde', N'1')
GO
INSERT [dbo].[EMPLEADO] ([IDEMPLEADO], [IDPERSONA], [IDCONTRATO], [IDCARGO], [SALARIO], [TURNO], [ESTADO]) VALUES (6, 51, 4, 7, CAST(955.00 AS Decimal(6, 2)), N'Mañana,Tarde', N'1')
GO
INSERT [dbo].[EMPLEADO] ([IDEMPLEADO], [IDPERSONA], [IDCONTRATO], [IDCARGO], [SALARIO], [TURNO], [ESTADO]) VALUES (7, 10, 1, 1, CAST(1233.00 AS Decimal(6, 2)), N'Mañana,Tarde ', N'1')
GO
INSERT [dbo].[EMPLEADO] ([IDEMPLEADO], [IDPERSONA], [IDCONTRATO], [IDCARGO], [SALARIO], [TURNO], [ESTADO]) VALUES (8, 33, 2, 7, CAST(1200.00 AS Decimal(6, 2)), N'Mañana,Tarde', N'1')
GO
INSERT [dbo].[EMPLEADO] ([IDEMPLEADO], [IDPERSONA], [IDCONTRATO], [IDCARGO], [SALARIO], [TURNO], [ESTADO]) VALUES (9, 60, 2, 2, CAST(984.00 AS Decimal(6, 2)), N'Mañana,Tarde', N'1')
GO
INSERT [dbo].[EMPLEADO] ([IDEMPLEADO], [IDPERSONA], [IDCONTRATO], [IDCARGO], [SALARIO], [TURNO], [ESTADO]) VALUES (10, 19, 2, 3, CAST(908.00 AS Decimal(6, 2)), N'Tarde', N'1')
GO
INSERT [dbo].[EMPLEADO] ([IDEMPLEADO], [IDPERSONA], [IDCONTRATO], [IDCARGO], [SALARIO], [TURNO], [ESTADO]) VALUES (11, 5, 3, 4, CAST(855.00 AS Decimal(6, 2)), N'Tarde', N'1')
GO
INSERT [dbo].[EMPLEADO] ([IDEMPLEADO], [IDPERSONA], [IDCONTRATO], [IDCARGO], [SALARIO], [TURNO], [ESTADO]) VALUES (12, 38, 2, 5, CAST(2082.00 AS Decimal(6, 2)), N'Tarde', N'1')
GO
INSERT [dbo].[EMPLEADO] ([IDEMPLEADO], [IDPERSONA], [IDCONTRATO], [IDCARGO], [SALARIO], [TURNO], [ESTADO]) VALUES (13, 58, 5, 2, CAST(930.00 AS Decimal(6, 2)), N'Tarde,Noche', N'1')
GO
INSERT [dbo].[EMPLEADO] ([IDEMPLEADO], [IDPERSONA], [IDCONTRATO], [IDCARGO], [SALARIO], [TURNO], [ESTADO]) VALUES (14, 7, 2, 6, CAST(1233.00 AS Decimal(6, 2)), N'Noche', N'1')
GO
INSERT [dbo].[EMPLEADO] ([IDEMPLEADO], [IDPERSONA], [IDCONTRATO], [IDCARGO], [SALARIO], [TURNO], [ESTADO]) VALUES (15, 64, 1, 4, CAST(1100.00 AS Decimal(6, 2)), N'Mañana,Tarde ', N'1')
GO
INSERT [dbo].[EMPLEADO] ([IDEMPLEADO], [IDPERSONA], [IDCONTRATO], [IDCARGO], [SALARIO], [TURNO], [ESTADO]) VALUES (16, 29, 4, 7, CAST(955.00 AS Decimal(6, 2)), N'Tarde', N'1')
GO
INSERT [dbo].[EMPLEADO] ([IDEMPLEADO], [IDPERSONA], [IDCONTRATO], [IDCARGO], [SALARIO], [TURNO], [ESTADO]) VALUES (17, 14, 2, 2, CAST(984.00 AS Decimal(6, 2)), N'Noche', N'1')
GO
INSERT [dbo].[EMPLEADO] ([IDEMPLEADO], [IDPERSONA], [IDCONTRATO], [IDCARGO], [SALARIO], [TURNO], [ESTADO]) VALUES (18, 41, 2, 3, CAST(908.00 AS Decimal(6, 2)), N'Noche', N'1')
GO
INSERT [dbo].[EMPLEADO] ([IDEMPLEADO], [IDPERSONA], [IDCONTRATO], [IDCARGO], [SALARIO], [TURNO], [ESTADO]) VALUES (19, 50, 2, 5, CAST(2082.00 AS Decimal(6, 2)), N'Noche', N'1')
GO
INSERT [dbo].[EMPLEADO] ([IDEMPLEADO], [IDPERSONA], [IDCONTRATO], [IDCARGO], [SALARIO], [TURNO], [ESTADO]) VALUES (20, 17, 3, 7, CAST(955.00 AS Decimal(6, 2)), N'Tarde,Noche', N'1')
GO
SET IDENTITY_INSERT [dbo].[EMPLEADO] OFF
GO
SET IDENTITY_INSERT [dbo].[EMPRESA] ON 
GO
INSERT [dbo].[EMPRESA] ([IDEMPRESA], [RUC], [RAZON_SOCIAL], [DIRECCION], [TELEFONO], [ESTADO]) VALUES (1, N'12345678901', N'Innovatech S.A', N'Calle principal, 123', N'912345678 ', N'1')
GO
INSERT [dbo].[EMPRESA] ([IDEMPRESA], [RUC], [RAZON_SOCIAL], [DIRECCION], [TELEFONO], [ESTADO]) VALUES (2, N'23456789012', N'TecnoSoluciones Ltda', N'Avenida central, 456', N'987654321 ', N'1')
GO
INSERT [dbo].[EMPRESA] ([IDEMPRESA], [RUC], [RAZON_SOCIAL], [DIRECCION], [TELEFONO], [ESTADO]) VALUES (3, N'34567890123', N'EnergiCorp S.A.C', N'Calle Secundaria, 789', N'923456789 ', N'1')
GO
INSERT [dbo].[EMPRESA] ([IDEMPRESA], [RUC], [RAZON_SOCIAL], [DIRECCION], [TELEFONO], [ESTADO]) VALUES (4, N'45678901234', N'ServiRedes E.I.R.L', N'Avenida principal, 567', N'967890123 ', N'1')
GO
INSERT [dbo].[EMPRESA] ([IDEMPRESA], [RUC], [RAZON_SOCIAL], [DIRECCION], [TELEFONO], [ESTADO]) VALUES (5, N'56789012345', N'ConstruMax S.A', N'Calle central, 890', N'956789012 ', N'1')
GO
INSERT [dbo].[EMPRESA] ([IDEMPRESA], [RUC], [RAZON_SOCIAL], [DIRECCION], [TELEFONO], [ESTADO]) VALUES (6, N'67890123456', N'GlobalTech Ltda', N'Avenida secundaria, 901', N'932109876 ', N'1')
GO
INSERT [dbo].[EMPRESA] ([IDEMPRESA], [RUC], [RAZON_SOCIAL], [DIRECCION], [TELEFONO], [ESTADO]) VALUES (7, N'78901234567', N'EcoSoluciones S.A.C', N'Calle principal, 234', N'945678901 ', N'1')
GO
INSERT [dbo].[EMPRESA] ([IDEMPRESA], [RUC], [RAZON_SOCIAL], [DIRECCION], [TELEFONO], [ESTADO]) VALUES (8, N'89012345678', N'MegaSoft E.I.R.L', N'Avenida central, 567', N'978901234 ', N'1')
GO
INSERT [dbo].[EMPRESA] ([IDEMPRESA], [RUC], [RAZON_SOCIAL], [DIRECCION], [TELEFONO], [ESTADO]) VALUES (9, N'90123456789', N'AutoMax S.A', N'Calle secundaria, 890', N'926543210 ', N'1')
GO
INSERT [dbo].[EMPRESA] ([IDEMPRESA], [RUC], [RAZON_SOCIAL], [DIRECCION], [TELEFONO], [ESTADO]) VALUES (10, N'21234567890', N'AlfaIngenieron Ltda', N'Avenida principal, 123', N'953210987 ', N'1')
GO
INSERT [dbo].[EMPRESA] ([IDEMPRESA], [RUC], [RAZON_SOCIAL], [DIRECCION], [TELEFONO], [ESTADO]) VALUES (11, N'21436587091', N'SolucionesIntegrales S.A.C', N'Calle central, 456', N'946543210 ', N'1')
GO
INSERT [dbo].[EMPRESA] ([IDEMPRESA], [RUC], [RAZON_SOCIAL], [DIRECCION], [TELEFONO], [ESTADO]) VALUES (12, N'19876537618', N'Tecno Max E.I.R.L', N'Avenida secundaria, 789', N'985432109 ', N'1')
GO
INSERT [dbo].[EMPRESA] ([IDEMPRESA], [RUC], [RAZON_SOCIAL], [DIRECCION], [TELEFONO], [ESTADO]) VALUES (13, N'19123982101', N'ServiSoft S.A', N'Calle principal, 812', N'918765432 ', N'1')
GO
INSERT [dbo].[EMPRESA] ([IDEMPRESA], [RUC], [RAZON_SOCIAL], [DIRECCION], [TELEFONO], [ESTADO]) VALUES (14, N'98793647816', N'EnergySolutions Ltda', N'Avenida central, 234', N'903210987 ', N'1')
GO
INSERT [dbo].[EMPRESA] ([IDEMPRESA], [RUC], [RAZON_SOCIAL], [DIRECCION], [TELEFONO], [ESTADO]) VALUES (15, N'92738171721', N'ConstruProyectos S.A.C', N'Calle secundaria, 612', N'976543210 ', N'1')
GO
INSERT [dbo].[EMPRESA] ([IDEMPRESA], [RUC], [RAZON_SOCIAL], [DIRECCION], [TELEFONO], [ESTADO]) VALUES (16, N'78623012389', N'GlobalSoft E.I.R.L', N'Avenida principal, 512', N'931098765 ', N'1')
GO
INSERT [dbo].[EMPRESA] ([IDEMPRESA], [RUC], [RAZON_SOCIAL], [DIRECCION], [TELEFONO], [ESTADO]) VALUES (17, N'84731298373', N'EcoInnovación S.A', N'Calle central, 412', N'964321098 ', N'1')
GO
INSERT [dbo].[EMPRESA] ([IDEMPRESA], [RUC], [RAZON_SOCIAL], [DIRECCION], [TELEFONO], [ESTADO]) VALUES (18, N'14253874901', N'MegaProyectos Ltda', N'Avenida secundaria, 124', N'990123456 ', N'1')
GO
INSERT [dbo].[EMPRESA] ([IDEMPRESA], [RUC], [RAZON_SOCIAL], [DIRECCION], [TELEFONO], [ESTADO]) VALUES (19, N'91827364571', N'AutoTech S.A.C', N'Calle principal, 421', N'911234567 ', N'1')
GO
INSERT [dbo].[EMPRESA] ([IDEMPRESA], [RUC], [RAZON_SOCIAL], [DIRECCION], [TELEFONO], [ESTADO]) VALUES (20, N'12394012112', N'AlfaSoluciones E.I.R.L', N'Avenida central, 389', N'937890123 ', N'1')
GO
INSERT [dbo].[EMPRESA] ([IDEMPRESA], [RUC], [RAZON_SOCIAL], [DIRECCION], [TELEFONO], [ESTADO]) VALUES (21, N'42916253791', N'TechnoMax S.A', N'Calle principal, 456', N'929876543 ', N'1')
GO
INSERT [dbo].[EMPRESA] ([IDEMPRESA], [RUC], [RAZON_SOCIAL], [DIRECCION], [TELEFONO], [ESTADO]) VALUES (22, N'43719212113', N'InnovaciónDigital ltda', N'Avenida central, 254', N'968901234 ', N'1')
GO
INSERT [dbo].[EMPRESA] ([IDEMPRESA], [RUC], [RAZON_SOCIAL], [DIRECCION], [TELEFONO], [ESTADO]) VALUES (23, N'68912391212', N'EnergiTech S.A.C', N'Calle secundaria, 535', N'946789012 ', N'1')
GO
INSERT [dbo].[EMPRESA] ([IDEMPRESA], [RUC], [RAZON_SOCIAL], [DIRECCION], [TELEFONO], [ESTADO]) VALUES (24, N'92810127812', N'ServiPro S.R.L', N'Avenida principal , 623', N'925678901 ', N'1')
GO
INSERT [dbo].[EMPRESA] ([IDEMPRESA], [RUC], [RAZON_SOCIAL], [DIRECCION], [TELEFONO], [ESTADO]) VALUES (25, N'49216312710', N'ConstructaMax S.A', N'Calle central, 712', N'953210987 ', N'1')
GO
INSERT [dbo].[EMPRESA] ([IDEMPRESA], [RUC], [RAZON_SOCIAL], [DIRECCION], [TELEFONO], [ESTADO]) VALUES (26, N'45467910124', N'GlobalInnova Ltda', N'Avenida secundaria, 742', N'948765432 ', N'1')
GO
INSERT [dbo].[EMPRESA] ([IDEMPRESA], [RUC], [RAZON_SOCIAL], [DIRECCION], [TELEFONO], [ESTADO]) VALUES (27, N'32140152312', N'EcoSol S.A.C', N'Calle principal, 214', N'971098765 ', N'1')
GO
INSERT [dbo].[EMPRESA] ([IDEMPRESA], [RUC], [RAZON_SOCIAL], [DIRECCION], [TELEFONO], [ESTADO]) VALUES (28, N'71283219823', N'MegaTech E.I.R.L', N'Avenida central, 143', N'939876543 ', N'1')
GO
INSERT [dbo].[EMPRESA] ([IDEMPRESA], [RUC], [RAZON_SOCIAL], [DIRECCION], [TELEFONO], [ESTADO]) VALUES (29, N'12390129142', N'AutoProyectos S.A', N'Calle secundaria, 243', N'935432109 ', N'1')
GO
INSERT [dbo].[EMPRESA] ([IDEMPRESA], [RUC], [RAZON_SOCIAL], [DIRECCION], [TELEFONO], [ESTADO]) VALUES (30, N'17262392139', N'AlfaTech Ltda', N'Avenida principal, 981', N'942109876 ', N'1')
GO
INSERT [dbo].[EMPRESA] ([IDEMPRESA], [RUC], [RAZON_SOCIAL], [DIRECCION], [TELEFONO], [ESTADO]) VALUES (31, N'84162983211', N'InnovaSoft S.A', N'Calle central, 565', N'981234567 ', N'1')
GO
INSERT [dbo].[EMPRESA] ([IDEMPRESA], [RUC], [RAZON_SOCIAL], [DIRECCION], [TELEFONO], [ESTADO]) VALUES (32, N'61273129121', N'TecnoServicios E.I.R.L', N'Avenida secundaria, 898', N'917890123 ', N'1')
GO
INSERT [dbo].[EMPRESA] ([IDEMPRESA], [RUC], [RAZON_SOCIAL], [DIRECCION], [TELEFONO], [ESTADO]) VALUES (33, N'54123298213', N'EnergiPro S.A.C', N'Calle principal, 765', N'976543210 ', N'1')
GO
INSERT [dbo].[EMPRESA] ([IDEMPRESA], [RUC], [RAZON_SOCIAL], [DIRECCION], [TELEFONO], [ESTADO]) VALUES (34, N'61257842181', N'ServiMax Ltda', N'Avenida central, 712', N'943210987 ', N'1')
GO
INSERT [dbo].[EMPRESA] ([IDEMPRESA], [RUC], [RAZON_SOCIAL], [DIRECCION], [TELEFONO], [ESTADO]) VALUES (35, N'15871239121', N'Constructech S.A', N'Calle secundaria, 888', N'961098765 ', N'1')
GO
INSERT [dbo].[EMPRESA] ([IDEMPRESA], [RUC], [RAZON_SOCIAL], [DIRECCION], [TELEFONO], [ESTADO]) VALUES (36, N'56317292131', N'GlobaProyectos E.I.R.L', N'Avenida principal, 777', N'964321098 ', N'1')
GO
INSERT [dbo].[EMPRESA] ([IDEMPRESA], [RUC], [RAZON_SOCIAL], [DIRECCION], [TELEFONO], [ESTADO]) VALUES (37, N'24912309120', N'EcoTech S.A.C', N'Calle central, 655', N'994567890 ', N'1')
GO
INSERT [dbo].[EMPRESA] ([IDEMPRESA], [RUC], [RAZON_SOCIAL], [DIRECCION], [TELEFONO], [ESTADO]) VALUES (38, N'56123911221', N'MegaServicios Ltda', N'Avenida secundaria, 141', N'911234567 ', N'1')
GO
INSERT [dbo].[EMPRESA] ([IDEMPRESA], [RUC], [RAZON_SOCIAL], [DIRECCION], [TELEFONO], [ESTADO]) VALUES (39, N'77512839123', N'AutoInnovación S.A', N'Calle principal, 540', N'968901234 ', N'1')
GO
INSERT [dbo].[EMPRESA] ([IDEMPRESA], [RUC], [RAZON_SOCIAL], [DIRECCION], [TELEFONO], [ESTADO]) VALUES (40, N'89421891287', N'AlfaProyectos E.I.R.L', N'Avenida central, 999', N'925678901 ', N'1')
GO
INSERT [dbo].[EMPRESA] ([IDEMPRESA], [RUC], [RAZON_SOCIAL], [DIRECCION], [TELEFONO], [ESTADO]) VALUES (41, N'67142932131', N'TechnoServ S.A', N'Calle secundaria, 212', N'954321098 ', N'1')
GO
INSERT [dbo].[EMPRESA] ([IDEMPRESA], [RUC], [RAZON_SOCIAL], [DIRECCION], [TELEFONO], [ESTADO]) VALUES (42, N'81247612912', N'InnovaMax Ltda', N'Avenida principal, 111', N'946789012 ', N'1')
GO
INSERT [dbo].[EMPRESA] ([IDEMPRESA], [RUC], [RAZON_SOCIAL], [DIRECCION], [TELEFONO], [ESTADO]) VALUES (43, N'62174712812', N'EnergiInnova S.A.C', N'Calle central, 760', N'931098765 ', N'1')
GO
INSERT [dbo].[EMPRESA] ([IDEMPRESA], [RUC], [RAZON_SOCIAL], [DIRECCION], [TELEFONO], [ESTADO]) VALUES (44, N'67841912213', N'ServiTech E.I.R.L', N'Avenida secundaria, 126', N'929876543 ', N'1')
GO
INSERT [dbo].[EMPRESA] ([IDEMPRESA], [RUC], [RAZON_SOCIAL], [DIRECCION], [TELEFONO], [ESTADO]) VALUES (45, N'12724189321', N'ConstructaPro S.A', N'Calle principal, 700', N'953210987 ', N'1')
GO
INSERT [dbo].[EMPRESA] ([IDEMPRESA], [RUC], [RAZON_SOCIAL], [DIRECCION], [TELEFONO], [ESTADO]) VALUES (46, N'34327138121', N'GlobalSoft Ltda', N'Avenida central, 100', N'948765432 ', N'1')
GO
INSERT [dbo].[EMPRESA] ([IDEMPRESA], [RUC], [RAZON_SOCIAL], [DIRECCION], [TELEFONO], [ESTADO]) VALUES (47, N'12381838912', N'EcoInnovación S.A.C', N'Calle secundaria, 647', N'913456789 ', N'1')
GO
INSERT [dbo].[EMPRESA] ([IDEMPRESA], [RUC], [RAZON_SOCIAL], [DIRECCION], [TELEFONO], [ESTADO]) VALUES (48, N'27263921911', N'MegaMax E.I.R.L', N'Avenida principal, 551', N'927890123 ', N'1')
GO
INSERT [dbo].[EMPRESA] ([IDEMPRESA], [RUC], [RAZON_SOCIAL], [DIRECCION], [TELEFONO], [ESTADO]) VALUES (49, N'12312414553', N'AutoTech S.A', N'Calle central, 718', N'981234567 ', N'1')
GO
INSERT [dbo].[EMPRESA] ([IDEMPRESA], [RUC], [RAZON_SOCIAL], [DIRECCION], [TELEFONO], [ESTADO]) VALUES (50, N'93489130121', N'AlfaInnova Ltda', N'Avenida secundaria, 819', N'935432109 ', N'1')
GO
SET IDENTITY_INSERT [dbo].[EMPRESA] OFF
GO
SET IDENTITY_INSERT [dbo].[FACTURA] ON 
GO
INSERT [dbo].[FACTURA] ([IDFACTURA], [IDVENTAS], [FECHAEMISION], [NUMERO], [SERIE], [ESTADO]) VALUES (1, 71, CAST(N'2023-03-14T00:00:00.000' AS DateTime), N'71  ', N'A076  ', N'1')
GO
INSERT [dbo].[FACTURA] ([IDFACTURA], [IDVENTAS], [FECHAEMISION], [NUMERO], [SERIE], [ESTADO]) VALUES (2, 72, CAST(N'2023-03-15T00:00:00.000' AS DateTime), N'72  ', N'A077  ', N'1')
GO
INSERT [dbo].[FACTURA] ([IDFACTURA], [IDVENTAS], [FECHAEMISION], [NUMERO], [SERIE], [ESTADO]) VALUES (3, 73, CAST(N'2023-03-16T00:00:00.000' AS DateTime), N'73  ', N'A078  ', N'1')
GO
INSERT [dbo].[FACTURA] ([IDFACTURA], [IDVENTAS], [FECHAEMISION], [NUMERO], [SERIE], [ESTADO]) VALUES (4, 74, CAST(N'2023-03-17T00:00:00.000' AS DateTime), N'74  ', N'A079  ', N'1')
GO
INSERT [dbo].[FACTURA] ([IDFACTURA], [IDVENTAS], [FECHAEMISION], [NUMERO], [SERIE], [ESTADO]) VALUES (5, 75, CAST(N'2023-03-18T00:00:00.000' AS DateTime), N'75  ', N'A080  ', N'1')
GO
INSERT [dbo].[FACTURA] ([IDFACTURA], [IDVENTAS], [FECHAEMISION], [NUMERO], [SERIE], [ESTADO]) VALUES (6, 76, CAST(N'2023-03-19T00:00:00.000' AS DateTime), N'76  ', N'A081  ', N'1')
GO
INSERT [dbo].[FACTURA] ([IDFACTURA], [IDVENTAS], [FECHAEMISION], [NUMERO], [SERIE], [ESTADO]) VALUES (7, 77, CAST(N'2023-03-20T00:00:00.000' AS DateTime), N'77  ', N'A082  ', N'1')
GO
INSERT [dbo].[FACTURA] ([IDFACTURA], [IDVENTAS], [FECHAEMISION], [NUMERO], [SERIE], [ESTADO]) VALUES (8, 78, CAST(N'2023-03-21T00:00:00.000' AS DateTime), N'78  ', N'A083  ', N'1')
GO
INSERT [dbo].[FACTURA] ([IDFACTURA], [IDVENTAS], [FECHAEMISION], [NUMERO], [SERIE], [ESTADO]) VALUES (9, 79, CAST(N'2023-03-22T00:00:00.000' AS DateTime), N'79  ', N'A084  ', N'1')
GO
INSERT [dbo].[FACTURA] ([IDFACTURA], [IDVENTAS], [FECHAEMISION], [NUMERO], [SERIE], [ESTADO]) VALUES (10, 80, CAST(N'2023-03-23T00:00:00.000' AS DateTime), N'80  ', N'A085  ', N'1')
GO
INSERT [dbo].[FACTURA] ([IDFACTURA], [IDVENTAS], [FECHAEMISION], [NUMERO], [SERIE], [ESTADO]) VALUES (11, 81, CAST(N'2023-03-24T00:00:00.000' AS DateTime), N'81  ', N'A086  ', N'1')
GO
INSERT [dbo].[FACTURA] ([IDFACTURA], [IDVENTAS], [FECHAEMISION], [NUMERO], [SERIE], [ESTADO]) VALUES (12, 82, CAST(N'2023-03-25T00:00:00.000' AS DateTime), N'82  ', N'A087  ', N'1')
GO
INSERT [dbo].[FACTURA] ([IDFACTURA], [IDVENTAS], [FECHAEMISION], [NUMERO], [SERIE], [ESTADO]) VALUES (13, 83, CAST(N'2023-03-26T00:00:00.000' AS DateTime), N'83  ', N'A088  ', N'1')
GO
INSERT [dbo].[FACTURA] ([IDFACTURA], [IDVENTAS], [FECHAEMISION], [NUMERO], [SERIE], [ESTADO]) VALUES (14, 84, CAST(N'2023-03-27T00:00:00.000' AS DateTime), N'84  ', N'A089  ', N'1')
GO
INSERT [dbo].[FACTURA] ([IDFACTURA], [IDVENTAS], [FECHAEMISION], [NUMERO], [SERIE], [ESTADO]) VALUES (15, 85, CAST(N'2023-03-28T00:00:00.000' AS DateTime), N'85  ', N'A090  ', N'1')
GO
INSERT [dbo].[FACTURA] ([IDFACTURA], [IDVENTAS], [FECHAEMISION], [NUMERO], [SERIE], [ESTADO]) VALUES (16, 86, CAST(N'2023-03-29T00:00:00.000' AS DateTime), N'86  ', N'A091  ', N'1')
GO
INSERT [dbo].[FACTURA] ([IDFACTURA], [IDVENTAS], [FECHAEMISION], [NUMERO], [SERIE], [ESTADO]) VALUES (17, 87, CAST(N'2023-03-30T00:00:00.000' AS DateTime), N'87  ', N'A092  ', N'1')
GO
INSERT [dbo].[FACTURA] ([IDFACTURA], [IDVENTAS], [FECHAEMISION], [NUMERO], [SERIE], [ESTADO]) VALUES (18, 88, CAST(N'2023-03-31T00:00:00.000' AS DateTime), N'88  ', N'A093  ', N'1')
GO
INSERT [dbo].[FACTURA] ([IDFACTURA], [IDVENTAS], [FECHAEMISION], [NUMERO], [SERIE], [ESTADO]) VALUES (19, 89, CAST(N'2023-04-01T00:00:00.000' AS DateTime), N'89  ', N'A094  ', N'1')
GO
INSERT [dbo].[FACTURA] ([IDFACTURA], [IDVENTAS], [FECHAEMISION], [NUMERO], [SERIE], [ESTADO]) VALUES (20, 90, CAST(N'2023-04-02T00:00:00.000' AS DateTime), N'90  ', N'A095  ', N'1')
GO
INSERT [dbo].[FACTURA] ([IDFACTURA], [IDVENTAS], [FECHAEMISION], [NUMERO], [SERIE], [ESTADO]) VALUES (21, 91, CAST(N'2023-04-03T00:00:00.000' AS DateTime), N'91  ', N'A096  ', N'1')
GO
INSERT [dbo].[FACTURA] ([IDFACTURA], [IDVENTAS], [FECHAEMISION], [NUMERO], [SERIE], [ESTADO]) VALUES (22, 92, CAST(N'2023-04-04T00:00:00.000' AS DateTime), N'92  ', N'A097  ', N'1')
GO
INSERT [dbo].[FACTURA] ([IDFACTURA], [IDVENTAS], [FECHAEMISION], [NUMERO], [SERIE], [ESTADO]) VALUES (23, 93, CAST(N'2023-04-05T00:00:00.000' AS DateTime), N'93  ', N'A098  ', N'1')
GO
INSERT [dbo].[FACTURA] ([IDFACTURA], [IDVENTAS], [FECHAEMISION], [NUMERO], [SERIE], [ESTADO]) VALUES (24, 94, CAST(N'2023-04-06T00:00:00.000' AS DateTime), N'94  ', N'A099  ', N'1')
GO
INSERT [dbo].[FACTURA] ([IDFACTURA], [IDVENTAS], [FECHAEMISION], [NUMERO], [SERIE], [ESTADO]) VALUES (25, 95, CAST(N'2023-04-07T00:00:00.000' AS DateTime), N'95  ', N'A100  ', N'1')
GO
INSERT [dbo].[FACTURA] ([IDFACTURA], [IDVENTAS], [FECHAEMISION], [NUMERO], [SERIE], [ESTADO]) VALUES (26, 96, CAST(N'2023-04-08T00:00:00.000' AS DateTime), N'96  ', N'A101  ', N'1')
GO
INSERT [dbo].[FACTURA] ([IDFACTURA], [IDVENTAS], [FECHAEMISION], [NUMERO], [SERIE], [ESTADO]) VALUES (27, 97, CAST(N'2023-04-09T00:00:00.000' AS DateTime), N'97  ', N'A102  ', N'1')
GO
INSERT [dbo].[FACTURA] ([IDFACTURA], [IDVENTAS], [FECHAEMISION], [NUMERO], [SERIE], [ESTADO]) VALUES (28, 98, CAST(N'2023-04-10T00:00:00.000' AS DateTime), N'98  ', N'A103  ', N'1')
GO
INSERT [dbo].[FACTURA] ([IDFACTURA], [IDVENTAS], [FECHAEMISION], [NUMERO], [SERIE], [ESTADO]) VALUES (29, 99, CAST(N'2023-04-11T00:00:00.000' AS DateTime), N'99  ', N'A104  ', N'1')
GO
INSERT [dbo].[FACTURA] ([IDFACTURA], [IDVENTAS], [FECHAEMISION], [NUMERO], [SERIE], [ESTADO]) VALUES (30, 100, CAST(N'2023-04-12T00:00:00.000' AS DateTime), N'100 ', N'A105  ', N'1')
GO
INSERT [dbo].[FACTURA] ([IDFACTURA], [IDVENTAS], [FECHAEMISION], [NUMERO], [SERIE], [ESTADO]) VALUES (31, 101, CAST(N'2023-04-13T00:00:00.000' AS DateTime), N'101 ', N'A106  ', N'1')
GO
INSERT [dbo].[FACTURA] ([IDFACTURA], [IDVENTAS], [FECHAEMISION], [NUMERO], [SERIE], [ESTADO]) VALUES (32, 102, CAST(N'2023-04-14T00:00:00.000' AS DateTime), N'102 ', N'A107  ', N'1')
GO
INSERT [dbo].[FACTURA] ([IDFACTURA], [IDVENTAS], [FECHAEMISION], [NUMERO], [SERIE], [ESTADO]) VALUES (33, 103, CAST(N'2023-04-15T00:00:00.000' AS DateTime), N'103 ', N'A108  ', N'1')
GO
INSERT [dbo].[FACTURA] ([IDFACTURA], [IDVENTAS], [FECHAEMISION], [NUMERO], [SERIE], [ESTADO]) VALUES (34, 104, CAST(N'2023-04-16T00:00:00.000' AS DateTime), N'104 ', N'A109  ', N'1')
GO
INSERT [dbo].[FACTURA] ([IDFACTURA], [IDVENTAS], [FECHAEMISION], [NUMERO], [SERIE], [ESTADO]) VALUES (35, 105, CAST(N'2023-04-17T00:00:00.000' AS DateTime), N'105 ', N'A110  ', N'1')
GO
INSERT [dbo].[FACTURA] ([IDFACTURA], [IDVENTAS], [FECHAEMISION], [NUMERO], [SERIE], [ESTADO]) VALUES (36, 106, CAST(N'2023-04-18T00:00:00.000' AS DateTime), N'106 ', N'A111  ', N'1')
GO
INSERT [dbo].[FACTURA] ([IDFACTURA], [IDVENTAS], [FECHAEMISION], [NUMERO], [SERIE], [ESTADO]) VALUES (37, 107, CAST(N'2023-04-19T00:00:00.000' AS DateTime), N'107 ', N'A112  ', N'1')
GO
INSERT [dbo].[FACTURA] ([IDFACTURA], [IDVENTAS], [FECHAEMISION], [NUMERO], [SERIE], [ESTADO]) VALUES (38, 108, CAST(N'2023-04-20T00:00:00.000' AS DateTime), N'108 ', N'A113  ', N'1')
GO
INSERT [dbo].[FACTURA] ([IDFACTURA], [IDVENTAS], [FECHAEMISION], [NUMERO], [SERIE], [ESTADO]) VALUES (39, 109, CAST(N'2023-04-21T00:00:00.000' AS DateTime), N'109 ', N'A114  ', N'1')
GO
INSERT [dbo].[FACTURA] ([IDFACTURA], [IDVENTAS], [FECHAEMISION], [NUMERO], [SERIE], [ESTADO]) VALUES (40, 110, CAST(N'2023-04-22T00:00:00.000' AS DateTime), N'110 ', N'A115  ', N'1')
GO
INSERT [dbo].[FACTURA] ([IDFACTURA], [IDVENTAS], [FECHAEMISION], [NUMERO], [SERIE], [ESTADO]) VALUES (41, 111, CAST(N'2023-04-23T00:00:00.000' AS DateTime), N'111 ', N'A116  ', N'1')
GO
INSERT [dbo].[FACTURA] ([IDFACTURA], [IDVENTAS], [FECHAEMISION], [NUMERO], [SERIE], [ESTADO]) VALUES (42, 112, CAST(N'2023-04-24T00:00:00.000' AS DateTime), N'112 ', N'A117  ', N'1')
GO
INSERT [dbo].[FACTURA] ([IDFACTURA], [IDVENTAS], [FECHAEMISION], [NUMERO], [SERIE], [ESTADO]) VALUES (43, 113, CAST(N'2023-04-25T00:00:00.000' AS DateTime), N'113 ', N'A118  ', N'1')
GO
INSERT [dbo].[FACTURA] ([IDFACTURA], [IDVENTAS], [FECHAEMISION], [NUMERO], [SERIE], [ESTADO]) VALUES (44, 114, CAST(N'2023-04-26T00:00:00.000' AS DateTime), N'114 ', N'A119  ', N'1')
GO
INSERT [dbo].[FACTURA] ([IDFACTURA], [IDVENTAS], [FECHAEMISION], [NUMERO], [SERIE], [ESTADO]) VALUES (45, 115, CAST(N'2023-04-27T00:00:00.000' AS DateTime), N'115 ', N'A120  ', N'1')
GO
INSERT [dbo].[FACTURA] ([IDFACTURA], [IDVENTAS], [FECHAEMISION], [NUMERO], [SERIE], [ESTADO]) VALUES (46, 116, CAST(N'2023-04-28T00:00:00.000' AS DateTime), N'116 ', N'A121  ', N'1')
GO
INSERT [dbo].[FACTURA] ([IDFACTURA], [IDVENTAS], [FECHAEMISION], [NUMERO], [SERIE], [ESTADO]) VALUES (47, 117, CAST(N'2023-04-29T00:00:00.000' AS DateTime), N'117 ', N'A122  ', N'1')
GO
INSERT [dbo].[FACTURA] ([IDFACTURA], [IDVENTAS], [FECHAEMISION], [NUMERO], [SERIE], [ESTADO]) VALUES (48, 118, CAST(N'2023-04-30T00:00:00.000' AS DateTime), N'118 ', N'A123  ', N'1')
GO
INSERT [dbo].[FACTURA] ([IDFACTURA], [IDVENTAS], [FECHAEMISION], [NUMERO], [SERIE], [ESTADO]) VALUES (49, 119, CAST(N'2023-05-01T00:00:00.000' AS DateTime), N'119 ', N'A124  ', N'1')
GO
INSERT [dbo].[FACTURA] ([IDFACTURA], [IDVENTAS], [FECHAEMISION], [NUMERO], [SERIE], [ESTADO]) VALUES (50, 120, CAST(N'2023-05-02T00:00:00.000' AS DateTime), N'120 ', N'A125  ', N'1')
GO
SET IDENTITY_INSERT [dbo].[FACTURA] OFF
GO
SET IDENTITY_INSERT [dbo].[INGRESO] ON 
GO
INSERT [dbo].[INGRESO] ([IDINGRESO], [IDDEUDA_GENERADA], [IDBANCO], [FECHAPAGO], [ESTADO]) VALUES (1, 1, 1, CAST(N'2023-01-01' AS Date), N'1')
GO
INSERT [dbo].[INGRESO] ([IDINGRESO], [IDDEUDA_GENERADA], [IDBANCO], [FECHAPAGO], [ESTADO]) VALUES (2, 2, 2, CAST(N'2023-01-03' AS Date), N'1')
GO
INSERT [dbo].[INGRESO] ([IDINGRESO], [IDDEUDA_GENERADA], [IDBANCO], [FECHAPAGO], [ESTADO]) VALUES (3, 3, 6, CAST(N'2023-01-05' AS Date), N'1')
GO
INSERT [dbo].[INGRESO] ([IDINGRESO], [IDDEUDA_GENERADA], [IDBANCO], [FECHAPAGO], [ESTADO]) VALUES (4, 4, 5, CAST(N'2023-01-06' AS Date), N'1')
GO
INSERT [dbo].[INGRESO] ([IDINGRESO], [IDDEUDA_GENERADA], [IDBANCO], [FECHAPAGO], [ESTADO]) VALUES (5, 5, 7, CAST(N'2023-01-07' AS Date), N'1')
GO
INSERT [dbo].[INGRESO] ([IDINGRESO], [IDDEUDA_GENERADA], [IDBANCO], [FECHAPAGO], [ESTADO]) VALUES (6, 6, 4, CAST(N'2023-01-08' AS Date), N'1')
GO
INSERT [dbo].[INGRESO] ([IDINGRESO], [IDDEUDA_GENERADA], [IDBANCO], [FECHAPAGO], [ESTADO]) VALUES (7, 7, 2, CAST(N'2023-01-09' AS Date), N'1')
GO
INSERT [dbo].[INGRESO] ([IDINGRESO], [IDDEUDA_GENERADA], [IDBANCO], [FECHAPAGO], [ESTADO]) VALUES (8, 8, 4, CAST(N'2023-01-10' AS Date), N'1')
GO
INSERT [dbo].[INGRESO] ([IDINGRESO], [IDDEUDA_GENERADA], [IDBANCO], [FECHAPAGO], [ESTADO]) VALUES (9, 9, 6, CAST(N'2023-01-11' AS Date), N'1')
GO
INSERT [dbo].[INGRESO] ([IDINGRESO], [IDDEUDA_GENERADA], [IDBANCO], [FECHAPAGO], [ESTADO]) VALUES (10, 10, 2, CAST(N'2023-01-12' AS Date), N'1')
GO
INSERT [dbo].[INGRESO] ([IDINGRESO], [IDDEUDA_GENERADA], [IDBANCO], [FECHAPAGO], [ESTADO]) VALUES (11, 11, 1, CAST(N'2023-01-13' AS Date), N'1')
GO
INSERT [dbo].[INGRESO] ([IDINGRESO], [IDDEUDA_GENERADA], [IDBANCO], [FECHAPAGO], [ESTADO]) VALUES (12, 12, 3, CAST(N'2023-01-14' AS Date), N'1')
GO
INSERT [dbo].[INGRESO] ([IDINGRESO], [IDDEUDA_GENERADA], [IDBANCO], [FECHAPAGO], [ESTADO]) VALUES (13, 13, 4, CAST(N'2023-01-15' AS Date), N'1')
GO
INSERT [dbo].[INGRESO] ([IDINGRESO], [IDDEUDA_GENERADA], [IDBANCO], [FECHAPAGO], [ESTADO]) VALUES (14, 14, 5, CAST(N'2023-01-16' AS Date), N'1')
GO
INSERT [dbo].[INGRESO] ([IDINGRESO], [IDDEUDA_GENERADA], [IDBANCO], [FECHAPAGO], [ESTADO]) VALUES (15, 15, 2, CAST(N'2023-01-17' AS Date), N'1')
GO
INSERT [dbo].[INGRESO] ([IDINGRESO], [IDDEUDA_GENERADA], [IDBANCO], [FECHAPAGO], [ESTADO]) VALUES (16, 16, 6, CAST(N'2023-01-18' AS Date), N'1')
GO
INSERT [dbo].[INGRESO] ([IDINGRESO], [IDDEUDA_GENERADA], [IDBANCO], [FECHAPAGO], [ESTADO]) VALUES (17, 17, 2, CAST(N'2023-01-19' AS Date), N'1')
GO
INSERT [dbo].[INGRESO] ([IDINGRESO], [IDDEUDA_GENERADA], [IDBANCO], [FECHAPAGO], [ESTADO]) VALUES (18, 18, 4, CAST(N'2023-01-20' AS Date), N'1')
GO
INSERT [dbo].[INGRESO] ([IDINGRESO], [IDDEUDA_GENERADA], [IDBANCO], [FECHAPAGO], [ESTADO]) VALUES (19, 19, 5, CAST(N'2023-01-21' AS Date), N'1')
GO
INSERT [dbo].[INGRESO] ([IDINGRESO], [IDDEUDA_GENERADA], [IDBANCO], [FECHAPAGO], [ESTADO]) VALUES (20, 20, 6, CAST(N'2023-01-22' AS Date), N'1')
GO
INSERT [dbo].[INGRESO] ([IDINGRESO], [IDDEUDA_GENERADA], [IDBANCO], [FECHAPAGO], [ESTADO]) VALUES (21, 21, 1, CAST(N'2023-01-23' AS Date), N'1')
GO
INSERT [dbo].[INGRESO] ([IDINGRESO], [IDDEUDA_GENERADA], [IDBANCO], [FECHAPAGO], [ESTADO]) VALUES (22, 22, 3, CAST(N'2023-01-24' AS Date), N'1')
GO
INSERT [dbo].[INGRESO] ([IDINGRESO], [IDDEUDA_GENERADA], [IDBANCO], [FECHAPAGO], [ESTADO]) VALUES (23, 23, 4, CAST(N'2023-01-25' AS Date), N'1')
GO
INSERT [dbo].[INGRESO] ([IDINGRESO], [IDDEUDA_GENERADA], [IDBANCO], [FECHAPAGO], [ESTADO]) VALUES (24, 24, 5, CAST(N'2023-01-26' AS Date), N'1')
GO
INSERT [dbo].[INGRESO] ([IDINGRESO], [IDDEUDA_GENERADA], [IDBANCO], [FECHAPAGO], [ESTADO]) VALUES (25, 25, 2, CAST(N'2023-01-27' AS Date), N'1')
GO
INSERT [dbo].[INGRESO] ([IDINGRESO], [IDDEUDA_GENERADA], [IDBANCO], [FECHAPAGO], [ESTADO]) VALUES (26, 26, 1, CAST(N'2023-01-28' AS Date), N'1')
GO
INSERT [dbo].[INGRESO] ([IDINGRESO], [IDDEUDA_GENERADA], [IDBANCO], [FECHAPAGO], [ESTADO]) VALUES (27, 27, 2, CAST(N'2023-01-29' AS Date), N'1')
GO
INSERT [dbo].[INGRESO] ([IDINGRESO], [IDDEUDA_GENERADA], [IDBANCO], [FECHAPAGO], [ESTADO]) VALUES (28, 28, 7, CAST(N'2023-01-30' AS Date), N'1')
GO
INSERT [dbo].[INGRESO] ([IDINGRESO], [IDDEUDA_GENERADA], [IDBANCO], [FECHAPAGO], [ESTADO]) VALUES (29, 29, 5, CAST(N'2023-01-31' AS Date), N'1')
GO
INSERT [dbo].[INGRESO] ([IDINGRESO], [IDDEUDA_GENERADA], [IDBANCO], [FECHAPAGO], [ESTADO]) VALUES (30, 30, 2, CAST(N'2023-02-01' AS Date), N'1')
GO
INSERT [dbo].[INGRESO] ([IDINGRESO], [IDDEUDA_GENERADA], [IDBANCO], [FECHAPAGO], [ESTADO]) VALUES (31, 31, 1, CAST(N'2023-02-02' AS Date), N'1')
GO
INSERT [dbo].[INGRESO] ([IDINGRESO], [IDDEUDA_GENERADA], [IDBANCO], [FECHAPAGO], [ESTADO]) VALUES (32, 32, 2, CAST(N'2023-02-03' AS Date), N'1')
GO
INSERT [dbo].[INGRESO] ([IDINGRESO], [IDDEUDA_GENERADA], [IDBANCO], [FECHAPAGO], [ESTADO]) VALUES (33, 33, 6, CAST(N'2023-02-04' AS Date), N'1')
GO
INSERT [dbo].[INGRESO] ([IDINGRESO], [IDDEUDA_GENERADA], [IDBANCO], [FECHAPAGO], [ESTADO]) VALUES (34, 34, 5, CAST(N'2023-02-05' AS Date), N'1')
GO
INSERT [dbo].[INGRESO] ([IDINGRESO], [IDDEUDA_GENERADA], [IDBANCO], [FECHAPAGO], [ESTADO]) VALUES (35, 35, 2, CAST(N'2023-02-06' AS Date), N'1')
GO
INSERT [dbo].[INGRESO] ([IDINGRESO], [IDDEUDA_GENERADA], [IDBANCO], [FECHAPAGO], [ESTADO]) VALUES (36, 36, 1, CAST(N'2023-02-07' AS Date), N'1')
GO
INSERT [dbo].[INGRESO] ([IDINGRESO], [IDDEUDA_GENERADA], [IDBANCO], [FECHAPAGO], [ESTADO]) VALUES (37, 37, 2, CAST(N'2023-02-08' AS Date), N'1')
GO
INSERT [dbo].[INGRESO] ([IDINGRESO], [IDDEUDA_GENERADA], [IDBANCO], [FECHAPAGO], [ESTADO]) VALUES (38, 38, 6, CAST(N'2023-02-09' AS Date), N'1')
GO
INSERT [dbo].[INGRESO] ([IDINGRESO], [IDDEUDA_GENERADA], [IDBANCO], [FECHAPAGO], [ESTADO]) VALUES (39, 39, 5, CAST(N'2023-02-10' AS Date), N'1')
GO
INSERT [dbo].[INGRESO] ([IDINGRESO], [IDDEUDA_GENERADA], [IDBANCO], [FECHAPAGO], [ESTADO]) VALUES (40, 40, 7, CAST(N'2023-02-11' AS Date), N'1')
GO
INSERT [dbo].[INGRESO] ([IDINGRESO], [IDDEUDA_GENERADA], [IDBANCO], [FECHAPAGO], [ESTADO]) VALUES (41, 41, 1, CAST(N'2023-02-12' AS Date), N'1')
GO
INSERT [dbo].[INGRESO] ([IDINGRESO], [IDDEUDA_GENERADA], [IDBANCO], [FECHAPAGO], [ESTADO]) VALUES (42, 42, 2, CAST(N'2023-02-13' AS Date), N'1')
GO
INSERT [dbo].[INGRESO] ([IDINGRESO], [IDDEUDA_GENERADA], [IDBANCO], [FECHAPAGO], [ESTADO]) VALUES (43, 43, 7, CAST(N'2023-02-14' AS Date), N'1')
GO
INSERT [dbo].[INGRESO] ([IDINGRESO], [IDDEUDA_GENERADA], [IDBANCO], [FECHAPAGO], [ESTADO]) VALUES (44, 44, 6, CAST(N'2023-02-15' AS Date), N'1')
GO
INSERT [dbo].[INGRESO] ([IDINGRESO], [IDDEUDA_GENERADA], [IDBANCO], [FECHAPAGO], [ESTADO]) VALUES (45, 45, 2, CAST(N'2023-02-16' AS Date), N'1')
GO
INSERT [dbo].[INGRESO] ([IDINGRESO], [IDDEUDA_GENERADA], [IDBANCO], [FECHAPAGO], [ESTADO]) VALUES (46, 46, 7, CAST(N'2023-02-17' AS Date), N'1')
GO
INSERT [dbo].[INGRESO] ([IDINGRESO], [IDDEUDA_GENERADA], [IDBANCO], [FECHAPAGO], [ESTADO]) VALUES (47, 47, 2, CAST(N'2023-02-18' AS Date), N'1')
GO
INSERT [dbo].[INGRESO] ([IDINGRESO], [IDDEUDA_GENERADA], [IDBANCO], [FECHAPAGO], [ESTADO]) VALUES (48, 48, 7, CAST(N'2023-02-19' AS Date), N'1')
GO
INSERT [dbo].[INGRESO] ([IDINGRESO], [IDDEUDA_GENERADA], [IDBANCO], [FECHAPAGO], [ESTADO]) VALUES (49, 49, 5, CAST(N'2023-02-20' AS Date), N'1')
GO
INSERT [dbo].[INGRESO] ([IDINGRESO], [IDDEUDA_GENERADA], [IDBANCO], [FECHAPAGO], [ESTADO]) VALUES (50, 50, 2, CAST(N'2023-02-21' AS Date), N'1')
GO
INSERT [dbo].[INGRESO] ([IDINGRESO], [IDDEUDA_GENERADA], [IDBANCO], [FECHAPAGO], [ESTADO]) VALUES (51, 51, 1, CAST(N'2023-02-22' AS Date), N'1')
GO
INSERT [dbo].[INGRESO] ([IDINGRESO], [IDDEUDA_GENERADA], [IDBANCO], [FECHAPAGO], [ESTADO]) VALUES (52, 52, 2, CAST(N'2023-02-23' AS Date), N'1')
GO
INSERT [dbo].[INGRESO] ([IDINGRESO], [IDDEUDA_GENERADA], [IDBANCO], [FECHAPAGO], [ESTADO]) VALUES (53, 53, 3, CAST(N'2023-02-24' AS Date), N'1')
GO
INSERT [dbo].[INGRESO] ([IDINGRESO], [IDDEUDA_GENERADA], [IDBANCO], [FECHAPAGO], [ESTADO]) VALUES (54, 54, 5, CAST(N'2023-02-25' AS Date), N'1')
GO
INSERT [dbo].[INGRESO] ([IDINGRESO], [IDDEUDA_GENERADA], [IDBANCO], [FECHAPAGO], [ESTADO]) VALUES (55, 55, 2, CAST(N'2023-02-26' AS Date), N'1')
GO
INSERT [dbo].[INGRESO] ([IDINGRESO], [IDDEUDA_GENERADA], [IDBANCO], [FECHAPAGO], [ESTADO]) VALUES (56, 56, 7, CAST(N'2023-02-27' AS Date), N'1')
GO
INSERT [dbo].[INGRESO] ([IDINGRESO], [IDDEUDA_GENERADA], [IDBANCO], [FECHAPAGO], [ESTADO]) VALUES (57, 57, 2, CAST(N'2023-02-28' AS Date), N'1')
GO
INSERT [dbo].[INGRESO] ([IDINGRESO], [IDDEUDA_GENERADA], [IDBANCO], [FECHAPAGO], [ESTADO]) VALUES (58, 58, 7, CAST(N'2023-03-01' AS Date), N'1')
GO
INSERT [dbo].[INGRESO] ([IDINGRESO], [IDDEUDA_GENERADA], [IDBANCO], [FECHAPAGO], [ESTADO]) VALUES (59, 59, 5, CAST(N'2023-03-02' AS Date), N'1')
GO
INSERT [dbo].[INGRESO] ([IDINGRESO], [IDDEUDA_GENERADA], [IDBANCO], [FECHAPAGO], [ESTADO]) VALUES (60, 60, 2, CAST(N'2023-03-03' AS Date), N'1')
GO
INSERT [dbo].[INGRESO] ([IDINGRESO], [IDDEUDA_GENERADA], [IDBANCO], [FECHAPAGO], [ESTADO]) VALUES (61, 61, 1, CAST(N'2023-03-04' AS Date), N'1')
GO
INSERT [dbo].[INGRESO] ([IDINGRESO], [IDDEUDA_GENERADA], [IDBANCO], [FECHAPAGO], [ESTADO]) VALUES (62, 62, 2, CAST(N'2023-03-05' AS Date), N'1')
GO
INSERT [dbo].[INGRESO] ([IDINGRESO], [IDDEUDA_GENERADA], [IDBANCO], [FECHAPAGO], [ESTADO]) VALUES (63, 63, 3, CAST(N'2023-03-06' AS Date), N'1')
GO
INSERT [dbo].[INGRESO] ([IDINGRESO], [IDDEUDA_GENERADA], [IDBANCO], [FECHAPAGO], [ESTADO]) VALUES (64, 64, 5, CAST(N'2023-03-07' AS Date), N'1')
GO
INSERT [dbo].[INGRESO] ([IDINGRESO], [IDDEUDA_GENERADA], [IDBANCO], [FECHAPAGO], [ESTADO]) VALUES (65, 65, 2, CAST(N'2023-03-08' AS Date), N'1')
GO
INSERT [dbo].[INGRESO] ([IDINGRESO], [IDDEUDA_GENERADA], [IDBANCO], [FECHAPAGO], [ESTADO]) VALUES (66, 66, 1, CAST(N'2023-03-09' AS Date), N'1')
GO
INSERT [dbo].[INGRESO] ([IDINGRESO], [IDDEUDA_GENERADA], [IDBANCO], [FECHAPAGO], [ESTADO]) VALUES (67, 67, 2, CAST(N'2023-03-10' AS Date), N'1')
GO
INSERT [dbo].[INGRESO] ([IDINGRESO], [IDDEUDA_GENERADA], [IDBANCO], [FECHAPAGO], [ESTADO]) VALUES (68, 68, 3, CAST(N'2023-03-11' AS Date), N'1')
GO
INSERT [dbo].[INGRESO] ([IDINGRESO], [IDDEUDA_GENERADA], [IDBANCO], [FECHAPAGO], [ESTADO]) VALUES (69, 69, 5, CAST(N'2023-03-12' AS Date), N'1')
GO
INSERT [dbo].[INGRESO] ([IDINGRESO], [IDDEUDA_GENERADA], [IDBANCO], [FECHAPAGO], [ESTADO]) VALUES (70, 70, 2, CAST(N'2023-03-13' AS Date), N'1')
GO
INSERT [dbo].[INGRESO] ([IDINGRESO], [IDDEUDA_GENERADA], [IDBANCO], [FECHAPAGO], [ESTADO]) VALUES (71, 71, 1, CAST(N'2023-03-14' AS Date), N'1')
GO
INSERT [dbo].[INGRESO] ([IDINGRESO], [IDDEUDA_GENERADA], [IDBANCO], [FECHAPAGO], [ESTADO]) VALUES (72, 72, 6, CAST(N'2023-03-15' AS Date), N'1')
GO
INSERT [dbo].[INGRESO] ([IDINGRESO], [IDDEUDA_GENERADA], [IDBANCO], [FECHAPAGO], [ESTADO]) VALUES (73, 73, 3, CAST(N'2023-03-16' AS Date), N'1')
GO
INSERT [dbo].[INGRESO] ([IDINGRESO], [IDDEUDA_GENERADA], [IDBANCO], [FECHAPAGO], [ESTADO]) VALUES (74, 74, 5, CAST(N'2023-03-17' AS Date), N'1')
GO
INSERT [dbo].[INGRESO] ([IDINGRESO], [IDDEUDA_GENERADA], [IDBANCO], [FECHAPAGO], [ESTADO]) VALUES (75, 75, 2, CAST(N'2023-03-18' AS Date), N'1')
GO
INSERT [dbo].[INGRESO] ([IDINGRESO], [IDDEUDA_GENERADA], [IDBANCO], [FECHAPAGO], [ESTADO]) VALUES (76, 76, 1, CAST(N'2023-03-19' AS Date), N'1')
GO
INSERT [dbo].[INGRESO] ([IDINGRESO], [IDDEUDA_GENERADA], [IDBANCO], [FECHAPAGO], [ESTADO]) VALUES (77, 77, 2, CAST(N'2023-03-20' AS Date), N'1')
GO
INSERT [dbo].[INGRESO] ([IDINGRESO], [IDDEUDA_GENERADA], [IDBANCO], [FECHAPAGO], [ESTADO]) VALUES (78, 78, 3, CAST(N'2023-03-21' AS Date), N'1')
GO
INSERT [dbo].[INGRESO] ([IDINGRESO], [IDDEUDA_GENERADA], [IDBANCO], [FECHAPAGO], [ESTADO]) VALUES (79, 79, 5, CAST(N'2023-03-22' AS Date), N'1')
GO
INSERT [dbo].[INGRESO] ([IDINGRESO], [IDDEUDA_GENERADA], [IDBANCO], [FECHAPAGO], [ESTADO]) VALUES (80, 80, 2, CAST(N'2023-03-23' AS Date), N'1')
GO
INSERT [dbo].[INGRESO] ([IDINGRESO], [IDDEUDA_GENERADA], [IDBANCO], [FECHAPAGO], [ESTADO]) VALUES (81, 81, 1, CAST(N'2023-03-24' AS Date), N'1')
GO
INSERT [dbo].[INGRESO] ([IDINGRESO], [IDDEUDA_GENERADA], [IDBANCO], [FECHAPAGO], [ESTADO]) VALUES (82, 82, 6, CAST(N'2023-03-25' AS Date), N'1')
GO
INSERT [dbo].[INGRESO] ([IDINGRESO], [IDDEUDA_GENERADA], [IDBANCO], [FECHAPAGO], [ESTADO]) VALUES (83, 83, 3, CAST(N'2023-03-26' AS Date), N'1')
GO
INSERT [dbo].[INGRESO] ([IDINGRESO], [IDDEUDA_GENERADA], [IDBANCO], [FECHAPAGO], [ESTADO]) VALUES (84, 84, 5, CAST(N'2023-03-27' AS Date), N'1')
GO
INSERT [dbo].[INGRESO] ([IDINGRESO], [IDDEUDA_GENERADA], [IDBANCO], [FECHAPAGO], [ESTADO]) VALUES (85, 85, 2, CAST(N'2023-03-28' AS Date), N'1')
GO
INSERT [dbo].[INGRESO] ([IDINGRESO], [IDDEUDA_GENERADA], [IDBANCO], [FECHAPAGO], [ESTADO]) VALUES (86, 86, 1, CAST(N'2023-03-29' AS Date), N'1')
GO
INSERT [dbo].[INGRESO] ([IDINGRESO], [IDDEUDA_GENERADA], [IDBANCO], [FECHAPAGO], [ESTADO]) VALUES (87, 87, 2, CAST(N'2023-03-30' AS Date), N'1')
GO
INSERT [dbo].[INGRESO] ([IDINGRESO], [IDDEUDA_GENERADA], [IDBANCO], [FECHAPAGO], [ESTADO]) VALUES (88, 88, 3, CAST(N'2023-03-31' AS Date), N'1')
GO
INSERT [dbo].[INGRESO] ([IDINGRESO], [IDDEUDA_GENERADA], [IDBANCO], [FECHAPAGO], [ESTADO]) VALUES (89, 89, 5, CAST(N'2023-04-01' AS Date), N'1')
GO
INSERT [dbo].[INGRESO] ([IDINGRESO], [IDDEUDA_GENERADA], [IDBANCO], [FECHAPAGO], [ESTADO]) VALUES (90, 90, 2, CAST(N'2023-04-02' AS Date), N'1')
GO
INSERT [dbo].[INGRESO] ([IDINGRESO], [IDDEUDA_GENERADA], [IDBANCO], [FECHAPAGO], [ESTADO]) VALUES (91, 91, 1, CAST(N'2023-04-03' AS Date), N'1')
GO
INSERT [dbo].[INGRESO] ([IDINGRESO], [IDDEUDA_GENERADA], [IDBANCO], [FECHAPAGO], [ESTADO]) VALUES (92, 92, 2, CAST(N'2023-04-04' AS Date), N'1')
GO
INSERT [dbo].[INGRESO] ([IDINGRESO], [IDDEUDA_GENERADA], [IDBANCO], [FECHAPAGO], [ESTADO]) VALUES (93, 93, 3, CAST(N'2023-04-05' AS Date), N'1')
GO
INSERT [dbo].[INGRESO] ([IDINGRESO], [IDDEUDA_GENERADA], [IDBANCO], [FECHAPAGO], [ESTADO]) VALUES (94, 94, 5, CAST(N'2023-04-06' AS Date), N'1')
GO
INSERT [dbo].[INGRESO] ([IDINGRESO], [IDDEUDA_GENERADA], [IDBANCO], [FECHAPAGO], [ESTADO]) VALUES (95, 95, 2, CAST(N'2023-04-07' AS Date), N'1')
GO
INSERT [dbo].[INGRESO] ([IDINGRESO], [IDDEUDA_GENERADA], [IDBANCO], [FECHAPAGO], [ESTADO]) VALUES (96, 96, 1, CAST(N'2023-04-08' AS Date), N'1')
GO
INSERT [dbo].[INGRESO] ([IDINGRESO], [IDDEUDA_GENERADA], [IDBANCO], [FECHAPAGO], [ESTADO]) VALUES (97, 97, 2, CAST(N'2023-04-09' AS Date), N'1')
GO
INSERT [dbo].[INGRESO] ([IDINGRESO], [IDDEUDA_GENERADA], [IDBANCO], [FECHAPAGO], [ESTADO]) VALUES (98, 98, 3, CAST(N'2023-04-10' AS Date), N'1')
GO
INSERT [dbo].[INGRESO] ([IDINGRESO], [IDDEUDA_GENERADA], [IDBANCO], [FECHAPAGO], [ESTADO]) VALUES (99, 99, 5, CAST(N'2023-04-11' AS Date), N'1')
GO
INSERT [dbo].[INGRESO] ([IDINGRESO], [IDDEUDA_GENERADA], [IDBANCO], [FECHAPAGO], [ESTADO]) VALUES (100, 100, 7, CAST(N'2023-04-12' AS Date), N'1')
GO
INSERT [dbo].[INGRESO] ([IDINGRESO], [IDDEUDA_GENERADA], [IDBANCO], [FECHAPAGO], [ESTADO]) VALUES (101, 101, 1, CAST(N'2023-04-13' AS Date), N'1')
GO
INSERT [dbo].[INGRESO] ([IDINGRESO], [IDDEUDA_GENERADA], [IDBANCO], [FECHAPAGO], [ESTADO]) VALUES (102, 102, 6, CAST(N'2023-04-14' AS Date), N'1')
GO
INSERT [dbo].[INGRESO] ([IDINGRESO], [IDDEUDA_GENERADA], [IDBANCO], [FECHAPAGO], [ESTADO]) VALUES (103, 103, 3, CAST(N'2023-04-15' AS Date), N'1')
GO
INSERT [dbo].[INGRESO] ([IDINGRESO], [IDDEUDA_GENERADA], [IDBANCO], [FECHAPAGO], [ESTADO]) VALUES (104, 104, 6, CAST(N'2023-04-16' AS Date), N'1')
GO
INSERT [dbo].[INGRESO] ([IDINGRESO], [IDDEUDA_GENERADA], [IDBANCO], [FECHAPAGO], [ESTADO]) VALUES (105, 105, 2, CAST(N'2023-04-17' AS Date), N'1')
GO
INSERT [dbo].[INGRESO] ([IDINGRESO], [IDDEUDA_GENERADA], [IDBANCO], [FECHAPAGO], [ESTADO]) VALUES (106, 106, 1, CAST(N'2023-04-18' AS Date), N'1')
GO
INSERT [dbo].[INGRESO] ([IDINGRESO], [IDDEUDA_GENERADA], [IDBANCO], [FECHAPAGO], [ESTADO]) VALUES (107, 107, 2, CAST(N'2023-04-19' AS Date), N'1')
GO
INSERT [dbo].[INGRESO] ([IDINGRESO], [IDDEUDA_GENERADA], [IDBANCO], [FECHAPAGO], [ESTADO]) VALUES (108, 108, 3, CAST(N'2023-04-20' AS Date), N'1')
GO
INSERT [dbo].[INGRESO] ([IDINGRESO], [IDDEUDA_GENERADA], [IDBANCO], [FECHAPAGO], [ESTADO]) VALUES (109, 109, 5, CAST(N'2023-04-21' AS Date), N'1')
GO
INSERT [dbo].[INGRESO] ([IDINGRESO], [IDDEUDA_GENERADA], [IDBANCO], [FECHAPAGO], [ESTADO]) VALUES (110, 110, 6, CAST(N'2023-04-22' AS Date), N'1')
GO
INSERT [dbo].[INGRESO] ([IDINGRESO], [IDDEUDA_GENERADA], [IDBANCO], [FECHAPAGO], [ESTADO]) VALUES (111, 111, 1, CAST(N'2023-04-23' AS Date), N'1')
GO
INSERT [dbo].[INGRESO] ([IDINGRESO], [IDDEUDA_GENERADA], [IDBANCO], [FECHAPAGO], [ESTADO]) VALUES (112, 112, 2, CAST(N'2023-04-24' AS Date), N'1')
GO
INSERT [dbo].[INGRESO] ([IDINGRESO], [IDDEUDA_GENERADA], [IDBANCO], [FECHAPAGO], [ESTADO]) VALUES (113, 113, 3, CAST(N'2023-04-25' AS Date), N'1')
GO
INSERT [dbo].[INGRESO] ([IDINGRESO], [IDDEUDA_GENERADA], [IDBANCO], [FECHAPAGO], [ESTADO]) VALUES (114, 114, 5, CAST(N'2023-04-26' AS Date), N'1')
GO
INSERT [dbo].[INGRESO] ([IDINGRESO], [IDDEUDA_GENERADA], [IDBANCO], [FECHAPAGO], [ESTADO]) VALUES (115, 115, 2, CAST(N'2023-04-27' AS Date), N'1')
GO
INSERT [dbo].[INGRESO] ([IDINGRESO], [IDDEUDA_GENERADA], [IDBANCO], [FECHAPAGO], [ESTADO]) VALUES (116, 116, 1, CAST(N'2023-04-28' AS Date), N'1')
GO
INSERT [dbo].[INGRESO] ([IDINGRESO], [IDDEUDA_GENERADA], [IDBANCO], [FECHAPAGO], [ESTADO]) VALUES (117, 117, 2, CAST(N'2023-04-29' AS Date), N'1')
GO
INSERT [dbo].[INGRESO] ([IDINGRESO], [IDDEUDA_GENERADA], [IDBANCO], [FECHAPAGO], [ESTADO]) VALUES (118, 118, 7, CAST(N'2023-04-30' AS Date), N'1')
GO
INSERT [dbo].[INGRESO] ([IDINGRESO], [IDDEUDA_GENERADA], [IDBANCO], [FECHAPAGO], [ESTADO]) VALUES (119, 119, 5, CAST(N'2023-05-01' AS Date), N'1')
GO
INSERT [dbo].[INGRESO] ([IDINGRESO], [IDDEUDA_GENERADA], [IDBANCO], [FECHAPAGO], [ESTADO]) VALUES (120, 120, 2, CAST(N'2023-05-02' AS Date), N'1')
GO
SET IDENTITY_INSERT [dbo].[INGRESO] OFF
GO
SET IDENTITY_INSERT [dbo].[MESAS] ON 
GO
INSERT [dbo].[MESAS] ([IDMESA], [NUMPISO], [NUNMESA], [ESTADO]) VALUES (1, N'1 ', N'1 ', N'1')
GO
INSERT [dbo].[MESAS] ([IDMESA], [NUMPISO], [NUNMESA], [ESTADO]) VALUES (2, N'1 ', N'2 ', N'1')
GO
INSERT [dbo].[MESAS] ([IDMESA], [NUMPISO], [NUNMESA], [ESTADO]) VALUES (3, N'1 ', N'3 ', N'1')
GO
INSERT [dbo].[MESAS] ([IDMESA], [NUMPISO], [NUNMESA], [ESTADO]) VALUES (4, N'1 ', N'4 ', N'1')
GO
INSERT [dbo].[MESAS] ([IDMESA], [NUMPISO], [NUNMESA], [ESTADO]) VALUES (5, N'1 ', N'5 ', N'1')
GO
INSERT [dbo].[MESAS] ([IDMESA], [NUMPISO], [NUNMESA], [ESTADO]) VALUES (6, N'1 ', N'6 ', N'1')
GO
INSERT [dbo].[MESAS] ([IDMESA], [NUMPISO], [NUNMESA], [ESTADO]) VALUES (7, N'1 ', N'7 ', N'1')
GO
INSERT [dbo].[MESAS] ([IDMESA], [NUMPISO], [NUNMESA], [ESTADO]) VALUES (8, N'1 ', N'8 ', N'1')
GO
INSERT [dbo].[MESAS] ([IDMESA], [NUMPISO], [NUNMESA], [ESTADO]) VALUES (9, N'1 ', N'9 ', N'1')
GO
INSERT [dbo].[MESAS] ([IDMESA], [NUMPISO], [NUNMESA], [ESTADO]) VALUES (10, N'1 ', N'10', N'1')
GO
INSERT [dbo].[MESAS] ([IDMESA], [NUMPISO], [NUNMESA], [ESTADO]) VALUES (11, N'2 ', N'11', N'1')
GO
INSERT [dbo].[MESAS] ([IDMESA], [NUMPISO], [NUNMESA], [ESTADO]) VALUES (12, N'2 ', N'12', N'1')
GO
INSERT [dbo].[MESAS] ([IDMESA], [NUMPISO], [NUNMESA], [ESTADO]) VALUES (13, N'2 ', N'13', N'1')
GO
INSERT [dbo].[MESAS] ([IDMESA], [NUMPISO], [NUNMESA], [ESTADO]) VALUES (14, N'2 ', N'14', N'1')
GO
INSERT [dbo].[MESAS] ([IDMESA], [NUMPISO], [NUNMESA], [ESTADO]) VALUES (15, N'2 ', N'15', N'1')
GO
INSERT [dbo].[MESAS] ([IDMESA], [NUMPISO], [NUNMESA], [ESTADO]) VALUES (16, N'2 ', N'16', N'1')
GO
INSERT [dbo].[MESAS] ([IDMESA], [NUMPISO], [NUNMESA], [ESTADO]) VALUES (17, N'2 ', N'17', N'1')
GO
INSERT [dbo].[MESAS] ([IDMESA], [NUMPISO], [NUNMESA], [ESTADO]) VALUES (18, N'2 ', N'18', N'1')
GO
INSERT [dbo].[MESAS] ([IDMESA], [NUMPISO], [NUNMESA], [ESTADO]) VALUES (19, N'2 ', N'19', N'1')
GO
INSERT [dbo].[MESAS] ([IDMESA], [NUMPISO], [NUNMESA], [ESTADO]) VALUES (20, N'2 ', N'20', N'1')
GO
INSERT [dbo].[MESAS] ([IDMESA], [NUMPISO], [NUNMESA], [ESTADO]) VALUES (21, N'3 ', N'21', N'1')
GO
INSERT [dbo].[MESAS] ([IDMESA], [NUMPISO], [NUNMESA], [ESTADO]) VALUES (22, N'3 ', N'22', N'1')
GO
INSERT [dbo].[MESAS] ([IDMESA], [NUMPISO], [NUNMESA], [ESTADO]) VALUES (23, N'3 ', N'23', N'1')
GO
INSERT [dbo].[MESAS] ([IDMESA], [NUMPISO], [NUNMESA], [ESTADO]) VALUES (24, N'3 ', N'24', N'1')
GO
INSERT [dbo].[MESAS] ([IDMESA], [NUMPISO], [NUNMESA], [ESTADO]) VALUES (25, N'3 ', N'25', N'1')
GO
INSERT [dbo].[MESAS] ([IDMESA], [NUMPISO], [NUNMESA], [ESTADO]) VALUES (26, N'3 ', N'26', N'1')
GO
INSERT [dbo].[MESAS] ([IDMESA], [NUMPISO], [NUNMESA], [ESTADO]) VALUES (27, N'3 ', N'27', N'1')
GO
INSERT [dbo].[MESAS] ([IDMESA], [NUMPISO], [NUNMESA], [ESTADO]) VALUES (28, N'3 ', N'28', N'1')
GO
INSERT [dbo].[MESAS] ([IDMESA], [NUMPISO], [NUNMESA], [ESTADO]) VALUES (29, N'3 ', N'29', N'1')
GO
INSERT [dbo].[MESAS] ([IDMESA], [NUMPISO], [NUNMESA], [ESTADO]) VALUES (30, N'3 ', N'30', N'1')
GO
SET IDENTITY_INSERT [dbo].[MESAS] OFF
GO
SET IDENTITY_INSERT [dbo].[METODO_PAGO] ON 
GO
INSERT [dbo].[METODO_PAGO] ([IDMETODO_PAGO], [NOMMETODO], [ESTADO]) VALUES (1, N'Yape', N'1')
GO
INSERT [dbo].[METODO_PAGO] ([IDMETODO_PAGO], [NOMMETODO], [ESTADO]) VALUES (2, N'Plim', N'1')
GO
INSERT [dbo].[METODO_PAGO] ([IDMETODO_PAGO], [NOMMETODO], [ESTADO]) VALUES (3, N'BIM', N'1')
GO
INSERT [dbo].[METODO_PAGO] ([IDMETODO_PAGO], [NOMMETODO], [ESTADO]) VALUES (4, N'Fpay Peru', N'1')
GO
INSERT [dbo].[METODO_PAGO] ([IDMETODO_PAGO], [NOMMETODO], [ESTADO]) VALUES (5, N'Banca Movil BCP', N'1')
GO
INSERT [dbo].[METODO_PAGO] ([IDMETODO_PAGO], [NOMMETODO], [ESTADO]) VALUES (6, N'Efectivo', N'1')
GO
SET IDENTITY_INSERT [dbo].[METODO_PAGO] OFF
GO
SET IDENTITY_INSERT [dbo].[PEDIDOS] ON 
GO
INSERT [dbo].[PEDIDOS] ([IDPEDIDO], [IDMESA], [FECHA], [ESTADO]) VALUES (1, 2, CAST(N'2023-01-01' AS Date), N'1')
GO
INSERT [dbo].[PEDIDOS] ([IDPEDIDO], [IDMESA], [FECHA], [ESTADO]) VALUES (2, 4, CAST(N'2023-01-03' AS Date), N'1')
GO
INSERT [dbo].[PEDIDOS] ([IDPEDIDO], [IDMESA], [FECHA], [ESTADO]) VALUES (3, 7, CAST(N'2023-01-05' AS Date), N'1')
GO
INSERT [dbo].[PEDIDOS] ([IDPEDIDO], [IDMESA], [FECHA], [ESTADO]) VALUES (4, 15, CAST(N'2023-01-06' AS Date), N'1')
GO
INSERT [dbo].[PEDIDOS] ([IDPEDIDO], [IDMESA], [FECHA], [ESTADO]) VALUES (5, 16, CAST(N'2023-01-07' AS Date), N'1')
GO
INSERT [dbo].[PEDIDOS] ([IDPEDIDO], [IDMESA], [FECHA], [ESTADO]) VALUES (6, 28, CAST(N'2023-01-08' AS Date), N'1')
GO
INSERT [dbo].[PEDIDOS] ([IDPEDIDO], [IDMESA], [FECHA], [ESTADO]) VALUES (7, 29, CAST(N'2023-01-09' AS Date), N'1')
GO
INSERT [dbo].[PEDIDOS] ([IDPEDIDO], [IDMESA], [FECHA], [ESTADO]) VALUES (8, 1, CAST(N'2023-01-10' AS Date), N'1')
GO
INSERT [dbo].[PEDIDOS] ([IDPEDIDO], [IDMESA], [FECHA], [ESTADO]) VALUES (9, 3, CAST(N'2023-01-11' AS Date), N'1')
GO
INSERT [dbo].[PEDIDOS] ([IDPEDIDO], [IDMESA], [FECHA], [ESTADO]) VALUES (10, 5, CAST(N'2023-01-12' AS Date), N'1')
GO
INSERT [dbo].[PEDIDOS] ([IDPEDIDO], [IDMESA], [FECHA], [ESTADO]) VALUES (11, 9, CAST(N'2023-01-13' AS Date), N'1')
GO
INSERT [dbo].[PEDIDOS] ([IDPEDIDO], [IDMESA], [FECHA], [ESTADO]) VALUES (12, 10, CAST(N'2023-01-14' AS Date), N'1')
GO
INSERT [dbo].[PEDIDOS] ([IDPEDIDO], [IDMESA], [FECHA], [ESTADO]) VALUES (13, 12, CAST(N'2023-01-15' AS Date), N'1')
GO
INSERT [dbo].[PEDIDOS] ([IDPEDIDO], [IDMESA], [FECHA], [ESTADO]) VALUES (14, 11, CAST(N'2023-01-16' AS Date), N'1')
GO
INSERT [dbo].[PEDIDOS] ([IDPEDIDO], [IDMESA], [FECHA], [ESTADO]) VALUES (15, 14, CAST(N'2023-01-17' AS Date), N'1')
GO
INSERT [dbo].[PEDIDOS] ([IDPEDIDO], [IDMESA], [FECHA], [ESTADO]) VALUES (16, 6, CAST(N'2023-01-18' AS Date), N'1')
GO
INSERT [dbo].[PEDIDOS] ([IDPEDIDO], [IDMESA], [FECHA], [ESTADO]) VALUES (17, 30, CAST(N'2023-01-19' AS Date), N'1')
GO
INSERT [dbo].[PEDIDOS] ([IDPEDIDO], [IDMESA], [FECHA], [ESTADO]) VALUES (18, 27, CAST(N'2023-01-20' AS Date), N'1')
GO
INSERT [dbo].[PEDIDOS] ([IDPEDIDO], [IDMESA], [FECHA], [ESTADO]) VALUES (19, 7, CAST(N'2023-01-21' AS Date), N'1')
GO
INSERT [dbo].[PEDIDOS] ([IDPEDIDO], [IDMESA], [FECHA], [ESTADO]) VALUES (20, 26, CAST(N'2023-01-22' AS Date), N'1')
GO
INSERT [dbo].[PEDIDOS] ([IDPEDIDO], [IDMESA], [FECHA], [ESTADO]) VALUES (21, 20, CAST(N'2023-01-23' AS Date), N'1')
GO
INSERT [dbo].[PEDIDOS] ([IDPEDIDO], [IDMESA], [FECHA], [ESTADO]) VALUES (22, 13, CAST(N'2023-01-24' AS Date), N'1')
GO
INSERT [dbo].[PEDIDOS] ([IDPEDIDO], [IDMESA], [FECHA], [ESTADO]) VALUES (23, 21, CAST(N'2023-01-25' AS Date), N'1')
GO
INSERT [dbo].[PEDIDOS] ([IDPEDIDO], [IDMESA], [FECHA], [ESTADO]) VALUES (24, 22, CAST(N'2023-01-26' AS Date), N'1')
GO
INSERT [dbo].[PEDIDOS] ([IDPEDIDO], [IDMESA], [FECHA], [ESTADO]) VALUES (25, 23, CAST(N'2023-01-27' AS Date), N'1')
GO
INSERT [dbo].[PEDIDOS] ([IDPEDIDO], [IDMESA], [FECHA], [ESTADO]) VALUES (26, 8, CAST(N'2023-01-28' AS Date), N'1')
GO
INSERT [dbo].[PEDIDOS] ([IDPEDIDO], [IDMESA], [FECHA], [ESTADO]) VALUES (27, 24, CAST(N'2023-01-29' AS Date), N'1')
GO
INSERT [dbo].[PEDIDOS] ([IDPEDIDO], [IDMESA], [FECHA], [ESTADO]) VALUES (28, 25, CAST(N'2023-01-30' AS Date), N'1')
GO
INSERT [dbo].[PEDIDOS] ([IDPEDIDO], [IDMESA], [FECHA], [ESTADO]) VALUES (29, 17, CAST(N'2023-01-31' AS Date), N'1')
GO
INSERT [dbo].[PEDIDOS] ([IDPEDIDO], [IDMESA], [FECHA], [ESTADO]) VALUES (30, 18, CAST(N'2023-02-01' AS Date), N'1')
GO
INSERT [dbo].[PEDIDOS] ([IDPEDIDO], [IDMESA], [FECHA], [ESTADO]) VALUES (31, 19, CAST(N'2023-02-02' AS Date), N'1')
GO
INSERT [dbo].[PEDIDOS] ([IDPEDIDO], [IDMESA], [FECHA], [ESTADO]) VALUES (32, 1, CAST(N'2023-02-03' AS Date), N'1')
GO
INSERT [dbo].[PEDIDOS] ([IDPEDIDO], [IDMESA], [FECHA], [ESTADO]) VALUES (33, 5, CAST(N'2023-02-04' AS Date), N'1')
GO
INSERT [dbo].[PEDIDOS] ([IDPEDIDO], [IDMESA], [FECHA], [ESTADO]) VALUES (34, 4, CAST(N'2023-02-05' AS Date), N'1')
GO
INSERT [dbo].[PEDIDOS] ([IDPEDIDO], [IDMESA], [FECHA], [ESTADO]) VALUES (35, 28, CAST(N'2023-02-06' AS Date), N'1')
GO
INSERT [dbo].[PEDIDOS] ([IDPEDIDO], [IDMESA], [FECHA], [ESTADO]) VALUES (36, 15, CAST(N'2023-02-07' AS Date), N'1')
GO
INSERT [dbo].[PEDIDOS] ([IDPEDIDO], [IDMESA], [FECHA], [ESTADO]) VALUES (37, 10, CAST(N'2023-02-08' AS Date), N'1')
GO
INSERT [dbo].[PEDIDOS] ([IDPEDIDO], [IDMESA], [FECHA], [ESTADO]) VALUES (38, 16, CAST(N'2023-02-09' AS Date), N'1')
GO
INSERT [dbo].[PEDIDOS] ([IDPEDIDO], [IDMESA], [FECHA], [ESTADO]) VALUES (39, 12, CAST(N'2023-02-10' AS Date), N'1')
GO
INSERT [dbo].[PEDIDOS] ([IDPEDIDO], [IDMESA], [FECHA], [ESTADO]) VALUES (40, 17, CAST(N'2023-02-11' AS Date), N'1')
GO
INSERT [dbo].[PEDIDOS] ([IDPEDIDO], [IDMESA], [FECHA], [ESTADO]) VALUES (41, 2, CAST(N'2023-02-12' AS Date), N'1')
GO
INSERT [dbo].[PEDIDOS] ([IDPEDIDO], [IDMESA], [FECHA], [ESTADO]) VALUES (42, 25, CAST(N'2023-02-13' AS Date), N'1')
GO
INSERT [dbo].[PEDIDOS] ([IDPEDIDO], [IDMESA], [FECHA], [ESTADO]) VALUES (43, 29, CAST(N'2023-02-14' AS Date), N'1')
GO
INSERT [dbo].[PEDIDOS] ([IDPEDIDO], [IDMESA], [FECHA], [ESTADO]) VALUES (44, 9, CAST(N'2023-02-15' AS Date), N'1')
GO
INSERT [dbo].[PEDIDOS] ([IDPEDIDO], [IDMESA], [FECHA], [ESTADO]) VALUES (45, 18, CAST(N'2023-02-16' AS Date), N'1')
GO
INSERT [dbo].[PEDIDOS] ([IDPEDIDO], [IDMESA], [FECHA], [ESTADO]) VALUES (46, 11, CAST(N'2023-02-17' AS Date), N'1')
GO
INSERT [dbo].[PEDIDOS] ([IDPEDIDO], [IDMESA], [FECHA], [ESTADO]) VALUES (47, 6, CAST(N'2023-02-18' AS Date), N'1')
GO
INSERT [dbo].[PEDIDOS] ([IDPEDIDO], [IDMESA], [FECHA], [ESTADO]) VALUES (48, 2, CAST(N'2023-02-19' AS Date), N'1')
GO
INSERT [dbo].[PEDIDOS] ([IDPEDIDO], [IDMESA], [FECHA], [ESTADO]) VALUES (49, 9, CAST(N'2023-02-20' AS Date), N'1')
GO
INSERT [dbo].[PEDIDOS] ([IDPEDIDO], [IDMESA], [FECHA], [ESTADO]) VALUES (50, 4, CAST(N'2023-02-21' AS Date), N'1')
GO
INSERT [dbo].[PEDIDOS] ([IDPEDIDO], [IDMESA], [FECHA], [ESTADO]) VALUES (51, 16, CAST(N'2023-02-22' AS Date), N'1')
GO
INSERT [dbo].[PEDIDOS] ([IDPEDIDO], [IDMESA], [FECHA], [ESTADO]) VALUES (52, 30, CAST(N'2023-02-23' AS Date), N'1')
GO
INSERT [dbo].[PEDIDOS] ([IDPEDIDO], [IDMESA], [FECHA], [ESTADO]) VALUES (53, 28, CAST(N'2023-02-24' AS Date), N'1')
GO
INSERT [dbo].[PEDIDOS] ([IDPEDIDO], [IDMESA], [FECHA], [ESTADO]) VALUES (54, 16, CAST(N'2023-02-25' AS Date), N'1')
GO
INSERT [dbo].[PEDIDOS] ([IDPEDIDO], [IDMESA], [FECHA], [ESTADO]) VALUES (55, 1, CAST(N'2023-02-26' AS Date), N'1')
GO
INSERT [dbo].[PEDIDOS] ([IDPEDIDO], [IDMESA], [FECHA], [ESTADO]) VALUES (56, 10, CAST(N'2023-02-27' AS Date), N'1')
GO
INSERT [dbo].[PEDIDOS] ([IDPEDIDO], [IDMESA], [FECHA], [ESTADO]) VALUES (57, 7, CAST(N'2023-02-28' AS Date), N'1')
GO
INSERT [dbo].[PEDIDOS] ([IDPEDIDO], [IDMESA], [FECHA], [ESTADO]) VALUES (58, 3, CAST(N'2023-03-01' AS Date), N'1')
GO
INSERT [dbo].[PEDIDOS] ([IDPEDIDO], [IDMESA], [FECHA], [ESTADO]) VALUES (59, 19, CAST(N'2023-03-02' AS Date), N'1')
GO
INSERT [dbo].[PEDIDOS] ([IDPEDIDO], [IDMESA], [FECHA], [ESTADO]) VALUES (60, 20, CAST(N'2023-03-03' AS Date), N'1')
GO
INSERT [dbo].[PEDIDOS] ([IDPEDIDO], [IDMESA], [FECHA], [ESTADO]) VALUES (61, 8, CAST(N'2023-03-04' AS Date), N'1')
GO
INSERT [dbo].[PEDIDOS] ([IDPEDIDO], [IDMESA], [FECHA], [ESTADO]) VALUES (62, 12, CAST(N'2023-03-05' AS Date), N'1')
GO
INSERT [dbo].[PEDIDOS] ([IDPEDIDO], [IDMESA], [FECHA], [ESTADO]) VALUES (63, 13, CAST(N'2023-03-06' AS Date), N'1')
GO
INSERT [dbo].[PEDIDOS] ([IDPEDIDO], [IDMESA], [FECHA], [ESTADO]) VALUES (64, 17, CAST(N'2023-03-07' AS Date), N'1')
GO
INSERT [dbo].[PEDIDOS] ([IDPEDIDO], [IDMESA], [FECHA], [ESTADO]) VALUES (65, 6, CAST(N'2023-03-08' AS Date), N'1')
GO
INSERT [dbo].[PEDIDOS] ([IDPEDIDO], [IDMESA], [FECHA], [ESTADO]) VALUES (66, 21, CAST(N'2023-03-09' AS Date), N'1')
GO
INSERT [dbo].[PEDIDOS] ([IDPEDIDO], [IDMESA], [FECHA], [ESTADO]) VALUES (67, 27, CAST(N'2023-03-10' AS Date), N'1')
GO
INSERT [dbo].[PEDIDOS] ([IDPEDIDO], [IDMESA], [FECHA], [ESTADO]) VALUES (68, 9, CAST(N'2023-03-11' AS Date), N'1')
GO
INSERT [dbo].[PEDIDOS] ([IDPEDIDO], [IDMESA], [FECHA], [ESTADO]) VALUES (69, 18, CAST(N'2023-03-12' AS Date), N'1')
GO
INSERT [dbo].[PEDIDOS] ([IDPEDIDO], [IDMESA], [FECHA], [ESTADO]) VALUES (70, 15, CAST(N'2023-03-13' AS Date), N'1')
GO
INSERT [dbo].[PEDIDOS] ([IDPEDIDO], [IDMESA], [FECHA], [ESTADO]) VALUES (71, 4, CAST(N'2023-03-14' AS Date), N'1')
GO
INSERT [dbo].[PEDIDOS] ([IDPEDIDO], [IDMESA], [FECHA], [ESTADO]) VALUES (72, 20, CAST(N'2023-03-15' AS Date), N'1')
GO
INSERT [dbo].[PEDIDOS] ([IDPEDIDO], [IDMESA], [FECHA], [ESTADO]) VALUES (73, 30, CAST(N'2023-03-16' AS Date), N'1')
GO
INSERT [dbo].[PEDIDOS] ([IDPEDIDO], [IDMESA], [FECHA], [ESTADO]) VALUES (74, 13, CAST(N'2023-03-17' AS Date), N'1')
GO
INSERT [dbo].[PEDIDOS] ([IDPEDIDO], [IDMESA], [FECHA], [ESTADO]) VALUES (75, 15, CAST(N'2023-03-18' AS Date), N'1')
GO
INSERT [dbo].[PEDIDOS] ([IDPEDIDO], [IDMESA], [FECHA], [ESTADO]) VALUES (76, 6, CAST(N'2023-03-19' AS Date), N'1')
GO
INSERT [dbo].[PEDIDOS] ([IDPEDIDO], [IDMESA], [FECHA], [ESTADO]) VALUES (77, 19, CAST(N'2023-03-20' AS Date), N'1')
GO
INSERT [dbo].[PEDIDOS] ([IDPEDIDO], [IDMESA], [FECHA], [ESTADO]) VALUES (78, 25, CAST(N'2023-03-21' AS Date), N'1')
GO
INSERT [dbo].[PEDIDOS] ([IDPEDIDO], [IDMESA], [FECHA], [ESTADO]) VALUES (79, 21, CAST(N'2023-03-22' AS Date), N'1')
GO
INSERT [dbo].[PEDIDOS] ([IDPEDIDO], [IDMESA], [FECHA], [ESTADO]) VALUES (80, 1, CAST(N'2023-03-23' AS Date), N'1')
GO
INSERT [dbo].[PEDIDOS] ([IDPEDIDO], [IDMESA], [FECHA], [ESTADO]) VALUES (81, 23, CAST(N'2023-03-24' AS Date), N'1')
GO
INSERT [dbo].[PEDIDOS] ([IDPEDIDO], [IDMESA], [FECHA], [ESTADO]) VALUES (82, 24, CAST(N'2023-03-25' AS Date), N'1')
GO
INSERT [dbo].[PEDIDOS] ([IDPEDIDO], [IDMESA], [FECHA], [ESTADO]) VALUES (83, 28, CAST(N'2023-03-26' AS Date), N'1')
GO
INSERT [dbo].[PEDIDOS] ([IDPEDIDO], [IDMESA], [FECHA], [ESTADO]) VALUES (84, 4, CAST(N'2023-03-27' AS Date), N'1')
GO
INSERT [dbo].[PEDIDOS] ([IDPEDIDO], [IDMESA], [FECHA], [ESTADO]) VALUES (85, 16, CAST(N'2023-03-28' AS Date), N'1')
GO
INSERT [dbo].[PEDIDOS] ([IDPEDIDO], [IDMESA], [FECHA], [ESTADO]) VALUES (86, 27, CAST(N'2023-03-29' AS Date), N'1')
GO
INSERT [dbo].[PEDIDOS] ([IDPEDIDO], [IDMESA], [FECHA], [ESTADO]) VALUES (87, 19, CAST(N'2023-03-30' AS Date), N'1')
GO
INSERT [dbo].[PEDIDOS] ([IDPEDIDO], [IDMESA], [FECHA], [ESTADO]) VALUES (88, 9, CAST(N'2023-03-31' AS Date), N'1')
GO
INSERT [dbo].[PEDIDOS] ([IDPEDIDO], [IDMESA], [FECHA], [ESTADO]) VALUES (89, 10, CAST(N'2023-04-01' AS Date), N'1')
GO
INSERT [dbo].[PEDIDOS] ([IDPEDIDO], [IDMESA], [FECHA], [ESTADO]) VALUES (90, 28, CAST(N'2023-04-02' AS Date), N'1')
GO
INSERT [dbo].[PEDIDOS] ([IDPEDIDO], [IDMESA], [FECHA], [ESTADO]) VALUES (91, 16, CAST(N'2023-04-03' AS Date), N'1')
GO
INSERT [dbo].[PEDIDOS] ([IDPEDIDO], [IDMESA], [FECHA], [ESTADO]) VALUES (92, 12, CAST(N'2023-04-04' AS Date), N'1')
GO
INSERT [dbo].[PEDIDOS] ([IDPEDIDO], [IDMESA], [FECHA], [ESTADO]) VALUES (93, 29, CAST(N'2023-04-05' AS Date), N'1')
GO
INSERT [dbo].[PEDIDOS] ([IDPEDIDO], [IDMESA], [FECHA], [ESTADO]) VALUES (94, 27, CAST(N'2023-04-06' AS Date), N'1')
GO
INSERT [dbo].[PEDIDOS] ([IDPEDIDO], [IDMESA], [FECHA], [ESTADO]) VALUES (95, 6, CAST(N'2023-04-07' AS Date), N'1')
GO
INSERT [dbo].[PEDIDOS] ([IDPEDIDO], [IDMESA], [FECHA], [ESTADO]) VALUES (96, 24, CAST(N'2023-04-08' AS Date), N'1')
GO
INSERT [dbo].[PEDIDOS] ([IDPEDIDO], [IDMESA], [FECHA], [ESTADO]) VALUES (97, 21, CAST(N'2023-04-09' AS Date), N'1')
GO
INSERT [dbo].[PEDIDOS] ([IDPEDIDO], [IDMESA], [FECHA], [ESTADO]) VALUES (98, 7, CAST(N'2023-04-10' AS Date), N'1')
GO
INSERT [dbo].[PEDIDOS] ([IDPEDIDO], [IDMESA], [FECHA], [ESTADO]) VALUES (99, 11, CAST(N'2023-04-11' AS Date), N'1')
GO
INSERT [dbo].[PEDIDOS] ([IDPEDIDO], [IDMESA], [FECHA], [ESTADO]) VALUES (100, 12, CAST(N'2023-04-12' AS Date), N'1')
GO
INSERT [dbo].[PEDIDOS] ([IDPEDIDO], [IDMESA], [FECHA], [ESTADO]) VALUES (101, 30, CAST(N'2023-04-13' AS Date), N'1')
GO
INSERT [dbo].[PEDIDOS] ([IDPEDIDO], [IDMESA], [FECHA], [ESTADO]) VALUES (102, 1, CAST(N'2023-04-14' AS Date), N'1')
GO
INSERT [dbo].[PEDIDOS] ([IDPEDIDO], [IDMESA], [FECHA], [ESTADO]) VALUES (103, 8, CAST(N'2023-04-15' AS Date), N'1')
GO
INSERT [dbo].[PEDIDOS] ([IDPEDIDO], [IDMESA], [FECHA], [ESTADO]) VALUES (104, 15, CAST(N'2023-04-16' AS Date), N'1')
GO
INSERT [dbo].[PEDIDOS] ([IDPEDIDO], [IDMESA], [FECHA], [ESTADO]) VALUES (105, 16, CAST(N'2023-04-17' AS Date), N'1')
GO
INSERT [dbo].[PEDIDOS] ([IDPEDIDO], [IDMESA], [FECHA], [ESTADO]) VALUES (106, 27, CAST(N'2023-04-18' AS Date), N'1')
GO
INSERT [dbo].[PEDIDOS] ([IDPEDIDO], [IDMESA], [FECHA], [ESTADO]) VALUES (107, 29, CAST(N'2023-04-19' AS Date), N'1')
GO
INSERT [dbo].[PEDIDOS] ([IDPEDIDO], [IDMESA], [FECHA], [ESTADO]) VALUES (108, 2, CAST(N'2023-04-20' AS Date), N'1')
GO
INSERT [dbo].[PEDIDOS] ([IDPEDIDO], [IDMESA], [FECHA], [ESTADO]) VALUES (109, 6, CAST(N'2023-04-21' AS Date), N'1')
GO
INSERT [dbo].[PEDIDOS] ([IDPEDIDO], [IDMESA], [FECHA], [ESTADO]) VALUES (110, 11, CAST(N'2023-04-22' AS Date), N'1')
GO
INSERT [dbo].[PEDIDOS] ([IDPEDIDO], [IDMESA], [FECHA], [ESTADO]) VALUES (111, 16, CAST(N'2023-04-23' AS Date), N'1')
GO
INSERT [dbo].[PEDIDOS] ([IDPEDIDO], [IDMESA], [FECHA], [ESTADO]) VALUES (112, 18, CAST(N'2023-04-24' AS Date), N'1')
GO
INSERT [dbo].[PEDIDOS] ([IDPEDIDO], [IDMESA], [FECHA], [ESTADO]) VALUES (113, 23, CAST(N'2023-04-25' AS Date), N'1')
GO
INSERT [dbo].[PEDIDOS] ([IDPEDIDO], [IDMESA], [FECHA], [ESTADO]) VALUES (114, 24, CAST(N'2023-04-26' AS Date), N'1')
GO
INSERT [dbo].[PEDIDOS] ([IDPEDIDO], [IDMESA], [FECHA], [ESTADO]) VALUES (115, 28, CAST(N'2023-04-27' AS Date), N'1')
GO
INSERT [dbo].[PEDIDOS] ([IDPEDIDO], [IDMESA], [FECHA], [ESTADO]) VALUES (116, 27, CAST(N'2023-04-28' AS Date), N'1')
GO
INSERT [dbo].[PEDIDOS] ([IDPEDIDO], [IDMESA], [FECHA], [ESTADO]) VALUES (117, 26, CAST(N'2023-04-29' AS Date), N'1')
GO
INSERT [dbo].[PEDIDOS] ([IDPEDIDO], [IDMESA], [FECHA], [ESTADO]) VALUES (118, 14, CAST(N'2023-04-30' AS Date), N'1')
GO
INSERT [dbo].[PEDIDOS] ([IDPEDIDO], [IDMESA], [FECHA], [ESTADO]) VALUES (119, 22, CAST(N'2023-05-01' AS Date), N'1')
GO
INSERT [dbo].[PEDIDOS] ([IDPEDIDO], [IDMESA], [FECHA], [ESTADO]) VALUES (120, 28, CAST(N'2023-05-02' AS Date), N'1')
GO
SET IDENTITY_INSERT [dbo].[PEDIDOS] OFF
GO
SET IDENTITY_INSERT [dbo].[PERSONA] ON 
GO
INSERT [dbo].[PERSONA] ([IDPERSONA], [IDDISTRITO], [NOMBRES], [APEPATERNO], [APEMATERNO], [EST_CIVIL], [DNI], [DIRECCION], [CELULAR], [FECNAC], [CORREO], [ESTADO]) VALUES (1, 4, N'Sofía Valentina', N'García', N'Rivera', N'CA', N'25678943', N'Calle Los Almendros 123', N'937482615', CAST(N'1992-02-15' AS Date), N'García_Rivera@gmail.com', N'1')
GO
INSERT [dbo].[PERSONA] ([IDPERSONA], [IDDISTRITO], [NOMBRES], [APEPATERNO], [APEMATERNO], [EST_CIVIL], [DNI], [DIRECCION], [CELULAR], [FECNAC], [CORREO], [ESTADO]) VALUES (2, 144, N'Santiago Andrés', N'Rodríguez', N'Rosales', N'SO', N'39671528', N'Av, Los Jazmines 234', N'918576294', CAST(N'1986-07-23' AS Date), N'Rodríguez_Rosales@gmail.com', N'1')
GO
INSERT [dbo].[PERSONA] ([IDPERSONA], [IDDISTRITO], [NOMBRES], [APEPATERNO], [APEMATERNO], [EST_CIVIL], [DNI], [DIRECCION], [CELULAR], [FECNAC], [CORREO], [ESTADO]) VALUES (3, 3, N'Isabella Camila', N'Martínez', N'Soto', N'VI', N'58726491', N'Calle Las Margaritas 789', N'925736184', CAST(N'1998-04-09' AS Date), N'Martínez_Soto@gmail.com', N'1')
GO
INSERT [dbo].[PERSONA] ([IDPERSONA], [IDDISTRITO], [NOMBRES], [APEPATERNO], [APEMATERNO], [EST_CIVIL], [DNI], [DIRECCION], [CELULAR], [FECNAC], [CORREO], [ESTADO]) VALUES (4, 108, N'Matías Alejandro', N'López', N'Salgado', N'CA', N'40218956', N'Calle Los Cerezos 234', N'945712839', CAST(N'1975-11-07' AS Date), N'López_Salgado@gmail.com', N'1')
GO
INSERT [dbo].[PERSONA] ([IDPERSONA], [IDDISTRITO], [NOMBRES], [APEPATERNO], [APEMATERNO], [EST_CIVIL], [DNI], [DIRECCION], [CELULAR], [FECNAC], [CORREO], [ESTADO]) VALUES (5, 42, N'Emilia Fernanda', N'Hernández', N'Rivas', N'DI', N'62937418', N'Calle Las Violetas 567', N'928465731', CAST(N'1989-06-28' AS Date), N'Hernández_Rivas@gmail.com', N'1')
GO
INSERT [dbo].[PERSONA] ([IDPERSONA], [IDDISTRITO], [NOMBRES], [APEPATERNO], [APEMATERNO], [EST_CIVIL], [DNI], [DIRECCION], [CELULAR], [FECNAC], [CORREO], [ESTADO]) VALUES (6, 8, N'Sebastián Leonardo', N'González', N'Calderón', N'CA', N'85196237', N'Jr, Los Pájaros 624', N'932746158', CAST(N'1995-03-14' AS Date), N'González_Calderón@gmail.com', N'1')
GO
INSERT [dbo].[PERSONA] ([IDPERSONA], [IDDISTRITO], [NOMBRES], [APEPATERNO], [APEMATERNO], [EST_CIVIL], [DNI], [DIRECCION], [CELULAR], [FECNAC], [CORREO], [ESTADO]) VALUES (7, 155, N'Mia Antonella', N'Sánchez', N'Andrade', N'SO', N'37481529', N'Calle Las Azucenas 345', N'916583724', CAST(N'1982-09-19' AS Date), N'Sánchez_Andrade@gmail.com', N'1')
GO
INSERT [dbo].[PERSONA] ([IDPERSONA], [IDDISTRITO], [NOMBRES], [APEPATERNO], [APEMATERNO], [EST_CIVIL], [DNI], [DIRECCION], [CELULAR], [FECNAC], [CORREO], [ESTADO]) VALUES (8, 28, N'Benjamín Gabriel', N'Pérez', N'Espinoza', N'SO', N'91582643', N'Calle Los Olivos 678', N'934817526', CAST(N'1979-12-03' AS Date), N'Pérez_Espinoza@gmail.com', N'1')
GO
INSERT [dbo].[PERSONA] ([IDPERSONA], [IDDISTRITO], [NOMBRES], [APEPATERNO], [APEMATERNO], [EST_CIVIL], [DNI], [DIRECCION], [CELULAR], [FECNAC], [CORREO], [ESTADO]) VALUES (9, 10, N'Valentina Isabella', N'Gómez', N'Vargas', N'SO', N'73841956', N'Calle Las Rosas 901', N'943659128', CAST(N'1993-08-11' AS Date), N'Gómez_Vargas@gmail.com', N'1')
GO
INSERT [dbo].[PERSONA] ([IDPERSONA], [IDDISTRITO], [NOMBRES], [APEPATERNO], [APEMATERNO], [EST_CIVIL], [DNI], [DIRECCION], [CELULAR], [FECNAC], [CORREO], [ESTADO]) VALUES (10, 12, N'Mateo Emilio', N'Torres', N'Carrasco', N'SO', N'56274398', N'Calle Los Jazmines 456', N'924651873', CAST(N'1978-05-27' AS Date), N'Torres_Carrasco@gmail.com', N'1')
GO
INSERT [dbo].[PERSONA] ([IDPERSONA], [IDDISTRITO], [NOMBRES], [APEPATERNO], [APEMATERNO], [EST_CIVIL], [DNI], [DIRECCION], [CELULAR], [FECNAC], [CORREO], [ESTADO]) VALUES (11, 20, N'Camila Valeria', N'Flores', N'Miranda', N'SO', N'18753962', N'Calle Las Orquídeas 789', N'912837465', CAST(N'1996-10-02' AS Date), N'Flores_Miranda@gmail.com', N'1')
GO
INSERT [dbo].[PERSONA] ([IDPERSONA], [IDDISTRITO], [NOMBRES], [APEPATERNO], [APEMATERNO], [EST_CIVIL], [DNI], [DIRECCION], [CELULAR], [FECNAC], [CORREO], [ESTADO]) VALUES (12, 37, N'Thiago Alejandro', N'Ramírez', N'Paredes', N'SO', N'64283719', N'Av, Los Robles 890', N'935276814', CAST(N'1984-01-18' AS Date), N'Ramírez_Paredes@gmail.com', N'1')
GO
INSERT [dbo].[PERSONA] ([IDPERSONA], [IDDISTRITO], [NOMBRES], [APEPATERNO], [APEMATERNO], [EST_CIVIL], [DNI], [DIRECCION], [CELULAR], [FECNAC], [CORREO], [ESTADO]) VALUES (13, 91, N'Emma Luciana', N'Morales', N'Cordero', N'VI', N'31957842', N'Calle Las Magnolias 567', N'927538461', CAST(N'1990-09-06' AS Date), N'Morales_Cordero@gmail.com', N'1')
GO
INSERT [dbo].[PERSONA] ([IDPERSONA], [IDDISTRITO], [NOMBRES], [APEPATERNO], [APEMATERNO], [EST_CIVIL], [DNI], [DIRECCION], [CELULAR], [FECNAC], [CORREO], [ESTADO]) VALUES (14, 150, N'Lucas Maximiliano', N'Cruz', N'Escobar', N'SO', N'47691528', N'Calle Los Cedros 890', N'916473582', CAST(N'1976-07-12' AS Date), N'Cruz_Escobar@gmail.com', N'1')
GO
INSERT [dbo].[PERSONA] ([IDPERSONA], [IDDISTRITO], [NOMBRES], [APEPATERNO], [APEMATERNO], [EST_CIVIL], [DNI], [DIRECCION], [CELULAR], [FECNAC], [CORREO], [ESTADO]) VALUES (15, 51, N'Valeria Daniela', N'Castillo', N'Fuentes', N'SO', N'82549631', N'Jr, Los Olivos 456', N'913246578', CAST(N'1988-04-25' AS Date), N'Castillo_Fuentes@gmail.com', N'1')
GO
INSERT [dbo].[PERSONA] ([IDPERSONA], [IDDISTRITO], [NOMBRES], [APEPATERNO], [APEMATERNO], [EST_CIVIL], [DNI], [DIRECCION], [CELULAR], [FECNAC], [CORREO], [ESTADO]) VALUES (16, 77, N'Samuel Adrián', N'Romero', N'Del Valle', N'VI', N'29461387', N'Calle Los Laureles 678', N'945817326', CAST(N'1997-10-31' AS Date), N'Romero_Del Valle@gmail.com', N'1')
GO
INSERT [dbo].[PERSONA] ([IDPERSONA], [IDDISTRITO], [NOMBRES], [APEPATERNO], [APEMATERNO], [EST_CIVIL], [DNI], [DIRECCION], [CELULAR], [FECNAC], [CORREO], [ESTADO]) VALUES (17, 203, N'Victoria Mariana', N'Ortega', N'Novoa', N'CA', N'71825436', N'Jr, Los Sauces 890', N'937256814', CAST(N'1983-03-20' AS Date), N'Ortega_Novoa@gmail.com', N'1')
GO
INSERT [dbo].[PERSONA] ([IDPERSONA], [IDDISTRITO], [NOMBRES], [APEPATERNO], [APEMATERNO], [EST_CIVIL], [DNI], [DIRECCION], [CELULAR], [FECNAC], [CORREO], [ESTADO]) VALUES (18, 179, N'Daniel Ignacio', N'Vargas', N'Castro', N'SO', N'36591284', N'Calle Los Eucaliptos 456', N'912647853', CAST(N'1977-11-09' AS Date), N'Vargas_Castro@gmail.com', N'1')
GO
INSERT [dbo].[PERSONA] ([IDPERSONA], [IDDISTRITO], [NOMBRES], [APEPATERNO], [APEMATERNO], [EST_CIVIL], [DNI], [DIRECCION], [CELULAR], [FECNAC], [CORREO], [ESTADO]) VALUES (19, 191, N'Martina Lorena', N'Ruiz', N'Zamora', N'DI', N'98462735', N'Calle Las Amapolas 789', N'923581647', CAST(N'1991-08-14' AS Date), N'Ruiz_Zamora@gmail.com', N'1')
GO
INSERT [dbo].[PERSONA] ([IDPERSONA], [IDDISTRITO], [NOMBRES], [APEPATERNO], [APEMATERNO], [EST_CIVIL], [DNI], [DIRECCION], [CELULAR], [FECNAC], [CORREO], [ESTADO]) VALUES (20, 2, N'Adrián Alejandro', N'Mendoza', N'Mora', N'SO', N'75362841', N'Calle Los Pájaros 234', N'945312768', CAST(N'1985-02-28' AS Date), N'Mendoza_Mora@gmail.com', N'1')
GO
INSERT [dbo].[PERSONA] ([IDPERSONA], [IDDISTRITO], [NOMBRES], [APEPATERNO], [APEMATERNO], [EST_CIVIL], [DNI], [DIRECCION], [CELULAR], [FECNAC], [CORREO], [ESTADO]) VALUES (21, 197, N'Antonella Sofía', N'Castro', N'Escalante', N'DI', N'41682953', N'Av, Larco 294', N'918723645', CAST(N'1999-06-17' AS Date), N'Castro_Escalante@gmail.com', N'1')
GO
INSERT [dbo].[PERSONA] ([IDPERSONA], [IDDISTRITO], [NOMBRES], [APEPATERNO], [APEMATERNO], [EST_CIVIL], [DNI], [DIRECCION], [CELULAR], [FECNAC], [CORREO], [ESTADO]) VALUES (22, 47, N'Gabriel Sebastián', N'Silva', N'Escobedo', N'VI', N'62953841', N'Calle Los Tulipanes 890', N'923715846', CAST(N'1981-01-05' AS Date), N'Silva_Escobedo@gmail.com', N'1')
GO
INSERT [dbo].[PERSONA] ([IDPERSONA], [IDDISTRITO], [NOMBRES], [APEPATERNO], [APEMATERNO], [EST_CIVIL], [DNI], [DIRECCION], [CELULAR], [FECNAC], [CORREO], [ESTADO]) VALUES (23, 91, N'Luciana Valentina', N'Jiménez', N'Zambrano', N'VI', N'84263519', N'Calle Las Camelias 345', N'912345687', CAST(N'1974-09-23' AS Date), N'Jiménez_Zambrano@gmail.com', N'1')
GO
INSERT [dbo].[PERSONA] ([IDPERSONA], [IDDISTRITO], [NOMBRES], [APEPATERNO], [APEMATERNO], [EST_CIVIL], [DNI], [DIRECCION], [CELULAR], [FECNAC], [CORREO], [ESTADO]) VALUES (24, 142, N'Alejandro Daniel', N'Moreno', N'Ríos', N'SO', N'19548632', N'Jr, Los Páramos 296', N'937254618', CAST(N'1992-04-10' AS Date), N'Moreno_Ríos@gmail.com', N'1')
GO
INSERT [dbo].[PERSONA] ([IDPERSONA], [IDDISTRITO], [NOMBRES], [APEPATERNO], [APEMATERNO], [EST_CIVIL], [DNI], [DIRECCION], [CELULAR], [FECNAC], [CORREO], [ESTADO]) VALUES (25, 85, N'Catalina Isabella', N'Herrera', N'Cáceres', N'VI', N'53729461', N'Calle Las Buganvillas 901', N'928745361', CAST(N'1987-12-07' AS Date), N'Herrera_Cáceres@gmail.com', N'1')
GO
INSERT [dbo].[PERSONA] ([IDPERSONA], [IDDISTRITO], [NOMBRES], [APEPATERNO], [APEMATERNO], [EST_CIVIL], [DNI], [DIRECCION], [CELULAR], [FECNAC], [CORREO], [ESTADO]) VALUES (26, 85, N'Leonardo Mateo', N'Medina', N'Parra', N'SO', N'82637491', N'Calle Los Álamos 456', N'917625834', CAST(N'1993-07-19' AS Date), N'Medina_Parra@gmail.com', N'1')
GO
INSERT [dbo].[PERSONA] ([IDPERSONA], [IDDISTRITO], [NOMBRES], [APEPATERNO], [APEMATERNO], [EST_CIVIL], [DNI], [DIRECCION], [CELULAR], [FECNAC], [CORREO], [ESTADO]) VALUES (27, 6, N'Valentina Emma', N'Ríos', N'Oliva', N'CA', N'43871592', N'Calle Las Gardenias 789', N'924365817', CAST(N'1976-05-04' AS Date), N'Ríos_Oliva@gmail.com', N'1')
GO
INSERT [dbo].[PERSONA] ([IDPERSONA], [IDDISTRITO], [NOMBRES], [APEPATERNO], [APEMATERNO], [EST_CIVIL], [DNI], [DIRECCION], [CELULAR], [FECNAC], [CORREO], [ESTADO]) VALUES (28, 132, N'Diego Alejandro', N'Morales', N'Gálvez', N'SO', N'69238475', N'Calle Los Cactus 234', N'943751628', CAST(N'1989-10-30' AS Date), N'Morales_Gálvez@gmail.com', N'1')
GO
INSERT [dbo].[PERSONA] ([IDPERSONA], [IDDISTRITO], [NOMBRES], [APEPATERNO], [APEMATERNO], [EST_CIVIL], [DNI], [DIRECCION], [CELULAR], [FECNAC], [CORREO], [ESTADO]) VALUES (29, 152, N'Renata Camila', N'Delgado', N'Barrios', N'DI', N'15739286', N'Calle Las Violetas 567', N'913654287', CAST(N'1995-08-08' AS Date), N'Delgado_Barrios@gmail.com', N'1')
GO
INSERT [dbo].[PERSONA] ([IDPERSONA], [IDDISTRITO], [NOMBRES], [APEPATERNO], [APEMATERNO], [EST_CIVIL], [DNI], [DIRECCION], [CELULAR], [FECNAC], [CORREO], [ESTADO]) VALUES (30, 70, N'Manuel Eduardo', N'Aguilar', N'Valverde', N'DI', N'82364517', N'Calle Los Pinos 890', N'927536481', CAST(N'1980-03-16' AS Date), N'Aguilar_Valverde@gmail.com', N'1')
GO
INSERT [dbo].[PERSONA] ([IDPERSONA], [IDDISTRITO], [NOMBRES], [APEPATERNO], [APEMATERNO], [EST_CIVIL], [DNI], [DIRECCION], [CELULAR], [FECNAC], [CORREO], [ESTADO]) VALUES (31, 15, N'Antonella Victoria', N'Núñez', N'Quijada', N'SO', N'27963845', N'Calle Las Margaritas 345', N'942715638', CAST(N'1973-09-22' AS Date), N'Núñez_Quijada@gmail.com', N'1')
GO
INSERT [dbo].[PERSONA] ([IDPERSONA], [IDDISTRITO], [NOMBRES], [APEPATERNO], [APEMATERNO], [EST_CIVIL], [DNI], [DIRECCION], [CELULAR], [FECNAC], [CORREO], [ESTADO]) VALUES (32, 208, N'Maximiliano Lucas', N'Cervantes', N'Cárdenas', N'SO', N'58341796', N'Calle Los Girasoles 678', N'936572841', CAST(N'1997-05-13' AS Date), N'Cervantes_Cárdenas@gmail.com', N'1')
GO
INSERT [dbo].[PERSONA] ([IDPERSONA], [IDDISTRITO], [NOMBRES], [APEPATERNO], [APEMATERNO], [EST_CIVIL], [DNI], [DIRECCION], [CELULAR], [FECNAC], [CORREO], [ESTADO]) VALUES (33, 174, N'Mariana Valeria', N'Pacheco', N'Morales', N'CA', N'93256174', N'Av, La Primavera 163', N'914726385', CAST(N'1982-01-01' AS Date), N'Pacheco_Morales@gmail.com', N'1')
GO
INSERT [dbo].[PERSONA] ([IDPERSONA], [IDDISTRITO], [NOMBRES], [APEPATERNO], [APEMATERNO], [EST_CIVIL], [DNI], [DIRECCION], [CELULAR], [FECNAC], [CORREO], [ESTADO]) VALUES (34, 71, N'Sebastián David', N'Vásquez', N'Alvarado', N'SO', N'41597283', N'Calle Los Olivos 456', N'936247518', CAST(N'1994-06-26' AS Date), N'Vásquez_Alvarado@gmail.com', N'1')
GO
INSERT [dbo].[PERSONA] ([IDPERSONA], [IDDISTRITO], [NOMBRES], [APEPATERNO], [APEMATERNO], [EST_CIVIL], [DNI], [DIRECCION], [CELULAR], [FECNAC], [CORREO], [ESTADO]) VALUES (35, 5, N'Isabella Mia', N'Valenzuela', N'Jara', N'SO', N'68731925', N'Av, San Miguel 293', N'941857263', CAST(N'1979-02-11' AS Date), N'Valenzuela_Jara@gmail.com', N'1')
GO
INSERT [dbo].[PERSONA] ([IDPERSONA], [IDDISTRITO], [NOMBRES], [APEPATERNO], [APEMATERNO], [EST_CIVIL], [DNI], [DIRECCION], [CELULAR], [FECNAC], [CORREO], [ESTADO]) VALUES (36, 42, N'Francisco Javier', N'Figueroa', N'Osorio', N'CA', N'25938417', N'Calle Los Cedros 234', N'919634752', CAST(N'1985-11-03' AS Date), N'Figueroa_Osorio@gmail.com', N'1')
GO
INSERT [dbo].[PERSONA] ([IDPERSONA], [IDDISTRITO], [NOMBRES], [APEPATERNO], [APEMATERNO], [EST_CIVIL], [DNI], [DIRECCION], [CELULAR], [FECNAC], [CORREO], [ESTADO]) VALUES (37, 182, N'Daniela Luciana', N'Navarro', N'Bernal', N'SO', N'76492835', N'Jr, La Espiga 392', N'938147562', CAST(N'1991-08-09' AS Date), N'Navarro_Bernal@gmail.com', N'1')
GO
INSERT [dbo].[PERSONA] ([IDPERSONA], [IDDISTRITO], [NOMBRES], [APEPATERNO], [APEMATERNO], [EST_CIVIL], [DNI], [DIRECCION], [CELULAR], [FECNAC], [CORREO], [ESTADO]) VALUES (38, 116, N'Julián Andrés', N'Montes', N'Araya', N'VI', N'19364782', N'Calle Los Jazmines 890', N'926437581', CAST(N'1977-04-29' AS Date), N'Montes_Araya@gmail.com', N'1')
GO
INSERT [dbo].[PERSONA] ([IDPERSONA], [IDDISTRITO], [NOMBRES], [APEPATERNO], [APEMATERNO], [EST_CIVIL], [DNI], [DIRECCION], [CELULAR], [FECNAC], [CORREO], [ESTADO]) VALUES (39, 32, N'Sofía Antonella', N'Cárdenas', N'Ibarra', N'CA', N'53847129', N'Jr, Los Lirios 890', N'937645281', CAST(N'1983-10-16' AS Date), N'Cárdenas_Ibarra@gmail.com', N'1')
GO
INSERT [dbo].[PERSONA] ([IDPERSONA], [IDDISTRITO], [NOMBRES], [APEPATERNO], [APEMATERNO], [EST_CIVIL], [DNI], [DIRECCION], [CELULAR], [FECNAC], [CORREO], [ESTADO]) VALUES (40, 101, N'Andrés Samuel', N'Rojas', N'Moya', N'SO', N'92736415', N'Calle Los Laureles 678', N'912657384', CAST(N'1998-06-06' AS Date), N'Rojas_Moya@gmail.com', N'1')
GO
INSERT [dbo].[PERSONA] ([IDPERSONA], [IDDISTRITO], [NOMBRES], [APEPATERNO], [APEMATERNO], [EST_CIVIL], [DNI], [DIRECCION], [CELULAR], [FECNAC], [CORREO], [ESTADO]) VALUES (41, 93, N'Lorena Valentina', N'Guzmán', N'Córdova', N'DI', N'41982536', N'Calle Las Palmas 901', N'936845721', CAST(N'1981-12-21' AS Date), N'Guzmán_Córdova@gmail.com', N'1')
GO
INSERT [dbo].[PERSONA] ([IDPERSONA], [IDDISTRITO], [NOMBRES], [APEPATERNO], [APEMATERNO], [EST_CIVIL], [DNI], [DIRECCION], [CELULAR], [FECNAC], [CORREO], [ESTADO]) VALUES (42, 72, N'Alejandro Francisco', N'Ayala', N'Escobar', N'SO', N'73814526', N'Av, Los Robles 890', N'919742653', CAST(N'1975-09-10' AS Date), N'Ayala_Escobar@gmail.com', N'1')
GO
INSERT [dbo].[PERSONA] ([IDPERSONA], [IDDISTRITO], [NOMBRES], [APEPATERNO], [APEMATERNO], [EST_CIVIL], [DNI], [DIRECCION], [CELULAR], [FECNAC], [CORREO], [ESTADO]) VALUES (43, 40, N'Valentina Catalina', N'Acosta', N'Zamudio', N'CA', N'56192734', N'Calle Las Amapolas 789', N'943751269', CAST(N'1992-05-14' AS Date), N'Acosta_Zamudio@gmail.com', N'1')
GO
INSERT [dbo].[PERSONA] ([IDPERSONA], [IDDISTRITO], [NOMBRES], [APEPATERNO], [APEMATERNO], [EST_CIVIL], [DNI], [DIRECCION], [CELULAR], [FECNAC], [CORREO], [ESTADO]) VALUES (44, 80, N'David Emanuel', N'Andrade', N'Barrientos', N'VI', N'28763945', N'Calle Los Pájaros 234', N'946128537', CAST(N'1986-11-27' AS Date), N'Andrade_Barrientos@gmail.com', N'1')
GO
INSERT [dbo].[PERSONA] ([IDPERSONA], [IDDISTRITO], [NOMBRES], [APEPATERNO], [APEMATERNO], [EST_CIVIL], [DNI], [DIRECCION], [CELULAR], [FECNAC], [CORREO], [ESTADO]) VALUES (45, 73, N'Camila Renata', N'Bravo', N'Orellana', N'VI', N'64175932', N'Calle Las Hortensias 567', N'931647582', CAST(N'1990-07-04' AS Date), N'Bravo_Orellana@gmail.com', N'1')
GO
INSERT [dbo].[PERSONA] ([IDPERSONA], [IDDISTRITO], [NOMBRES], [APEPATERNO], [APEMATERNO], [EST_CIVIL], [DNI], [DIRECCION], [CELULAR], [FECNAC], [CORREO], [ESTADO]) VALUES (46, 123, N'Eduardo Manuel', N'Castro', N'Cáceres', N'CA', N'93752641', N'Av, Giro del Valle 214', N'927453186', CAST(N'1974-03-17' AS Date), N'Castro_Cáceres@gmail.com', N'1')
GO
INSERT [dbo].[PERSONA] ([IDPERSONA], [IDDISTRITO], [NOMBRES], [APEPATERNO], [APEMATERNO], [EST_CIVIL], [DNI], [DIRECCION], [CELULAR], [FECNAC], [CORREO], [ESTADO]) VALUES (47, 92, N'Victoria Antonella', N'Chávez', N'Sepúlveda', N'SO', N'42531697', N'Calle Las Camelias 345', N'925318647', CAST(N'1996-11-01' AS Date), N'Chávez_Sepúlveda@gmail.com', N'1')
GO
INSERT [dbo].[PERSONA] ([IDPERSONA], [IDDISTRITO], [NOMBRES], [APEPATERNO], [APEMATERNO], [EST_CIVIL], [DNI], [DIRECCION], [CELULAR], [FECNAC], [CORREO], [ESTADO]) VALUES (48, 78, N'Javier Julián', N'Domínguez', N'Verdugo', N'CA', N'75931826', N'Av, La Cabaña 445', N'943781652', CAST(N'1988-08-26' AS Date), N'Domínguez_Verdugo@gmail.com', N'1')
GO
INSERT [dbo].[PERSONA] ([IDPERSONA], [IDDISTRITO], [NOMBRES], [APEPATERNO], [APEMATERNO], [EST_CIVIL], [DNI], [DIRECCION], [CELULAR], [FECNAC], [CORREO], [ESTADO]) VALUES (49, 6, N'Luciana Daniela', N'Espinoza', N'Pinto', N'CA', N'36197548', N'Calle Las Buganvillas 901', N'915687423', CAST(N'1976-04-12' AS Date), N'Espinoza_Pinto@gmail.com', N'1')
GO
INSERT [dbo].[PERSONA] ([IDPERSONA], [IDDISTRITO], [NOMBRES], [APEPATERNO], [APEMATERNO], [EST_CIVIL], [DNI], [DIRECCION], [CELULAR], [FECNAC], [CORREO], [ESTADO]) VALUES (50, 84, N'Emanuel David', N'Flores', N'Acevedo', N'SO', N'92471536', N'Calle Los Álamos 456', N'917245836', CAST(N'1992-12-08' AS Date), N'Flores_Acevedo@gmail.com', N'1')
GO
INSERT [dbo].[PERSONA] ([IDPERSONA], [IDDISTRITO], [NOMBRES], [APEPATERNO], [APEMATERNO], [EST_CIVIL], [DNI], [DIRECCION], [CELULAR], [FECNAC], [CORREO], [ESTADO]) VALUES (51, 105, N'Antonella Sofía', N'Godínez', N'Sandoval', N'SO', N'48721593', N'Calle Las Gardenias 789', N'948361752', CAST(N'1989-07-20' AS Date), N'Godínez_Sandoval@gmail.com', N'1')
GO
INSERT [dbo].[PERSONA] ([IDPERSONA], [IDDISTRITO], [NOMBRES], [APEPATERNO], [APEMATERNO], [EST_CIVIL], [DNI], [DIRECCION], [CELULAR], [FECNAC], [CORREO], [ESTADO]) VALUES (52, 179, N'Samuel Andrés', N'Herrera', N'Barahona', N'VI', N'69385712', N'Av, Los Ramadas 512', N'938147652', CAST(N'1981-03-05' AS Date), N'Herrera_Barahona@gmail.com', N'1')
GO
INSERT [dbo].[PERSONA] ([IDPERSONA], [IDDISTRITO], [NOMBRES], [APEPATERNO], [APEMATERNO], [EST_CIVIL], [DNI], [DIRECCION], [CELULAR], [FECNAC], [CORREO], [ESTADO]) VALUES (53, 203, N'Renata Camila', N'Ibarra', N'Méndez', N'SO', N'21749365', N'Calle Las Violetas 567', N'943185726', CAST(N'1975-09-28' AS Date), N'Ibarra_Méndez@gmail.com', N'1')
GO
INSERT [dbo].[PERSONA] ([IDPERSONA], [IDDISTRITO], [NOMBRES], [APEPATERNO], [APEMATERNO], [EST_CIVIL], [DNI], [DIRECCION], [CELULAR], [FECNAC], [CORREO], [ESTADO]) VALUES (54, 86, N'Francisco Eduardo', N'Juárez', N'Quiroz', N'CA', N'65918234', N'Calle Los Pinos 890', N'921736548', CAST(N'1998-05-15' AS Date), N'Juárez_Quiroz@gmail.com', N'1')
GO
INSERT [dbo].[PERSONA] ([IDPERSONA], [IDDISTRITO], [NOMBRES], [APEPATERNO], [APEMATERNO], [EST_CIVIL], [DNI], [DIRECCION], [CELULAR], [FECNAC], [CORREO], [ESTADO]) VALUES (55, 219, N'Catalina Valentina', N'León', N'Aravena', N'VI', N'37294681', N'Calle Las Margaritas 823', N'915283764', CAST(N'1983-01-02' AS Date), N'León_Aravena@gmail.com', N'1')
GO
INSERT [dbo].[PERSONA] ([IDPERSONA], [IDDISTRITO], [NOMBRES], [APEPATERNO], [APEMATERNO], [EST_CIVIL], [DNI], [DIRECCION], [CELULAR], [FECNAC], [CORREO], [ESTADO]) VALUES (56, 102, N'Daniel Alejandro', N'Mendoza', N'Lara', N'SO', N'81942537', N'Calle Los Girasoles 638', N'946327815', CAST(N'1977-06-22' AS Date), N'Mendoza_Lara@gmail.com', N'1')
GO
INSERT [dbo].[PERSONA] ([IDPERSONA], [IDDISTRITO], [NOMBRES], [APEPATERNO], [APEMATERNO], [EST_CIVIL], [DNI], [DIRECCION], [CELULAR], [FECNAC], [CORREO], [ESTADO]) VALUES (57, 24, N'Valeria Victoria', N'Nava', N'Osses', N'VI', N'53691728', N'Calle Las Azucenas 901', N'935781642', CAST(N'1995-02-10' AS Date), N'Nava_Osses@gmail.com', N'1')
GO
INSERT [dbo].[PERSONA] ([IDPERSONA], [IDDISTRITO], [NOMBRES], [APEPATERNO], [APEMATERNO], [EST_CIVIL], [DNI], [DIRECCION], [CELULAR], [FECNAC], [CORREO], [ESTADO]) VALUES (58, 201, N'Andrés Javier', N'Ochoa', N'Riquelme', N'SO', N'97283514', N'Jr, Los Tulipanes 391', N'927354618', CAST(N'1984-11-19' AS Date), N'Ochoa_Riquelme@gmail.com', N'1')
GO
INSERT [dbo].[PERSONA] ([IDPERSONA], [IDDISTRITO], [NOMBRES], [APEPATERNO], [APEMATERNO], [EST_CIVIL], [DNI], [DIRECCION], [CELULAR], [FECNAC], [CORREO], [ESTADO]) VALUES (59, 9, N'Mia Luciana', N'Paredes', N'Verdugo', N'CA', N'81593742', N'Av, Los Cactus 492', N'914263587', CAST(N'1990-08-07' AS Date), N'Paredes_Verdugo@gmail.com', N'1')
GO
INSERT [dbo].[PERSONA] ([IDPERSONA], [IDDISTRITO], [NOMBRES], [APEPATERNO], [APEMATERNO], [EST_CIVIL], [DNI], [DIRECCION], [CELULAR], [FECNAC], [CORREO], [ESTADO]) VALUES (60, 186, N'Gabriel Mateo', N'Quiroz', N'Cifuentes', N'VI', N'32749586', N'Calle Los Cedros 234', N'948572361', CAST(N'1979-03-31' AS Date), N'Quiroz_Cifuentes@gmail.com', N'1')
GO
INSERT [dbo].[PERSONA] ([IDPERSONA], [IDDISTRITO], [NOMBRES], [APEPATERNO], [APEMATERNO], [EST_CIVIL], [DNI], [DIRECCION], [CELULAR], [FECNAC], [CORREO], [ESTADO]) VALUES (61, 43, N'Sofía Renata', N'Reyes', N'Contreras', N'SO', N'65471823', N'Calle Las Magnolias 567', N'937485261', CAST(N'1993-09-13' AS Date), N'Reyes_Contreras@gmail.com', N'1')
GO
INSERT [dbo].[PERSONA] ([IDPERSONA], [IDDISTRITO], [NOMBRES], [APEPATERNO], [APEMATERNO], [EST_CIVIL], [DNI], [DIRECCION], [CELULAR], [FECNAC], [CORREO], [ESTADO]) VALUES (62, 104, N'Leonardo Samuel', N'Soto', N'Orellana', N'VI', N'12853967', N'Av, Los Laureles 890', N'945217836', CAST(N'1987-04-24' AS Date), N'Soto_Orellana@gmail.com', N'1')
GO
INSERT [dbo].[PERSONA] ([IDPERSONA], [IDDISTRITO], [NOMBRES], [APEPATERNO], [APEMATERNO], [EST_CIVIL], [DNI], [DIRECCION], [CELULAR], [FECNAC], [CORREO], [ESTADO]) VALUES (63, 22, N'Valentina Antonella', N'Tapia', N'Rivas', N'DI', N'75361948', N'Calle Las Acacias 345', N'926483751', CAST(N'1991-12-06' AS Date), N'Tapia_Rivas@gmail.com', N'1')
GO
INSERT [dbo].[PERSONA] ([IDPERSONA], [IDDISTRITO], [NOMBRES], [APEPATERNO], [APEMATERNO], [EST_CIVIL], [DNI], [DIRECCION], [CELULAR], [FECNAC], [CORREO], [ESTADO]) VALUES (64, 19, N'Maximiliano Gabriel', N'Urrutia', N'Salas', N'VI', N'91628374', N'Calle Los Laureles 678', N'934761528', CAST(N'1978-07-16' AS Date), N'Urrutia_Salas@gmail.com', N'1')
GO
INSERT [dbo].[PERSONA] ([IDPERSONA], [IDDISTRITO], [NOMBRES], [APEPATERNO], [APEMATERNO], [EST_CIVIL], [DNI], [DIRECCION], [CELULAR], [FECNAC], [CORREO], [ESTADO]) VALUES (65, 58, N'Mariana Valeria', N'Vargas', N'Vidal', N'SO', N'43175928', N'Av, El Paraíso 829', N'919825637', CAST(N'1994-02-27' AS Date), N'Vargas_Vidal@gmail.com', N'1')
GO
INSERT [dbo].[PERSONA] ([IDPERSONA], [IDDISTRITO], [NOMBRES], [APEPATERNO], [APEMATERNO], [EST_CIVIL], [DNI], [DIRECCION], [CELULAR], [FECNAC], [CORREO], [ESTADO]) VALUES (66, 212, N'Alejandro Emanuel', N'Xochihua', N'Bustos', N'CA', N'59814732', N'Calle Los Eucaliptos 456', N'936572481', CAST(N'1999-10-14' AS Date), N'Xochihua_Bustos@gmail.com', N'1')
GO
INSERT [dbo].[PERSONA] ([IDPERSONA], [IDDISTRITO], [NOMBRES], [APEPATERNO], [APEMATERNO], [EST_CIVIL], [DNI], [DIRECCION], [CELULAR], [FECNAC], [CORREO], [ESTADO]) VALUES (67, 91, N'Camila Isabella', N'Yáñez', N'Aguirre', N'SO', N'74921635', N'Calle Las Amapolas 789', N'914582637', CAST(N'1982-05-28' AS Date), N'Yáñez_Aguirre@gmail.com', N'1')
GO
INSERT [dbo].[PERSONA] ([IDPERSONA], [IDDISTRITO], [NOMBRES], [APEPATERNO], [APEMATERNO], [EST_CIVIL], [DNI], [DIRECCION], [CELULAR], [FECNAC], [CORREO], [ESTADO]) VALUES (68, 37, N'Eduardo Francisco', N'Zúñiga', N'Olivares', N'CA', N'28153976', N'Av, Los Cactus 426', N'923186754', CAST(N'1976-01-09' AS Date), N'Zúñiga_Olivares@gmail.com', N'1')
GO
INSERT [dbo].[PERSONA] ([IDPERSONA], [IDDISTRITO], [NOMBRES], [APEPATERNO], [APEMATERNO], [EST_CIVIL], [DNI], [DIRECCION], [CELULAR], [FECNAC], [CORREO], [ESTADO]) VALUES (69, 72, N'Lorena Valentina', N'Bravo', N'Pizarro', N'SO', N'67519238', N'Calle Las Hortensias 567', N'948217365', CAST(N'1994-08-25' AS Date), N'Bravo_Pizarro@gmail.com', N'1')
GO
INSERT [dbo].[PERSONA] ([IDPERSONA], [IDDISTRITO], [NOMBRES], [APEPATERNO], [APEMATERNO], [EST_CIVIL], [DNI], [DIRECCION], [CELULAR], [FECNAC], [CORREO], [ESTADO]) VALUES (70, 72, N'David Andrés', N'Mamani', N'Castillón', N'DI', N'82867814', N'Jr, Los Sauces 720', N'942538716', CAST(N'1980-04-11' AS Date), N'Mamani_Castillón@gmail.com', N'1')
GO
SET IDENTITY_INSERT [dbo].[PERSONA] OFF
GO
SET IDENTITY_INSERT [dbo].[PRODUCTO] ON 
GO
INSERT [dbo].[PRODUCTO] ([IDPRODUCTO], [IDCATEGORIA], [NOMPRODUCTO], [DESCRIPCION], [PRECIO], [MARCA], [ESTADO]) VALUES (1, 1, N'Desayuno americano especial', N'(café o leche, tostadas de queso, jugo, huevos con jamón, porción de 2 frutas)', CAST(15.00 AS Decimal(6, 2)), N'XXXXXXXX', N'1')
GO
INSERT [dbo].[PRODUCTO] ([IDPRODUCTO], [IDCATEGORIA], [NOMPRODUCTO], [DESCRIPCION], [PRECIO], [MARCA], [ESTADO]) VALUES (2, 1, N'Patacon Pisao', N'(Huevo frito, patacon pisao, bistec de carne, ensalada, taza de café)', CAST(12.00 AS Decimal(6, 2)), N'XXXXXXXX', N'1')
GO
INSERT [dbo].[PRODUCTO] ([IDPRODUCTO], [IDCATEGORIA], [NOMPRODUCTO], [DESCRIPCION], [PRECIO], [MARCA], [ESTADO]) VALUES (3, 1, N'Desayuno montubio', N'(Patacones, porción de queso, queso ahumado, tocino, taza de café)', CAST(12.00 AS Decimal(6, 2)), N'XXXXXXXX', N'1')
GO
INSERT [dbo].[PRODUCTO] ([IDPRODUCTO], [IDCATEGORIA], [NOMPRODUCTO], [DESCRIPCION], [PRECIO], [MARCA], [ESTADO]) VALUES (4, 1, N'Patacón de la casa', N'(Huevo frito, patacones de queso, bistec de carne, café o jugo)', CAST(12.00 AS Decimal(6, 2)), N'XXXXXXXX', N'1')
GO
INSERT [dbo].[PRODUCTO] ([IDPRODUCTO], [IDCATEGORIA], [NOMPRODUCTO], [DESCRIPCION], [PRECIO], [MARCA], [ESTADO]) VALUES (5, 1, N'Tortilla de camarón', N'(Patacones, tortilla de huevo con camarón, taza de café)', CAST(17.00 AS Decimal(6, 2)), N'XXXXXXXX', N'1')
GO
INSERT [dbo].[PRODUCTO] ([IDPRODUCTO], [IDCATEGORIA], [NOMPRODUCTO], [DESCRIPCION], [PRECIO], [MARCA], [ESTADO]) VALUES (6, 1, N'Omelette de vegetales', N'(Omelette de huevo, espinaca, champiñones, tomates, pan tostado, ensalada fresca)', CAST(15.00 AS Decimal(6, 2)), N'XXXXXXXX', N'1')
GO
INSERT [dbo].[PRODUCTO] ([IDPRODUCTO], [IDCATEGORIA], [NOMPRODUCTO], [DESCRIPCION], [PRECIO], [MARCA], [ESTADO]) VALUES (7, 1, N'Panqueques de avena y plátano', N'(Panqueques de avena, plátano, miel o jarabe de arce, frutas frescas, fresas o arándanos)', CAST(16.00 AS Decimal(6, 2)), N'XXXXXXXX', N'1')
GO
INSERT [dbo].[PRODUCTO] ([IDPRODUCTO], [IDCATEGORIA], [NOMPRODUCTO], [DESCRIPCION], [PRECIO], [MARCA], [ESTADO]) VALUES (8, 1, N'Tostadas de aguacate y huevo', N'(Rebanada de pan tostado, aguácate, huevo, salsa)', CAST(9.50 AS Decimal(6, 2)), N'XXXXXXXX', N'1')
GO
INSERT [dbo].[PRODUCTO] ([IDPRODUCTO], [IDCATEGORIA], [NOMPRODUCTO], [DESCRIPCION], [PRECIO], [MARCA], [ESTADO]) VALUES (9, 1, N'Yogurt con granola y frutas', N'(Yogurt de fresa, granola, plátano, bayas, manzana, miel)', CAST(7.50 AS Decimal(6, 2)), N'XXXXXXXX', N'1')
GO
INSERT [dbo].[PRODUCTO] ([IDPRODUCTO], [IDCATEGORIA], [NOMPRODUCTO], [DESCRIPCION], [PRECIO], [MARCA], [ESTADO]) VALUES (10, 1, N'Batido verde', N'(Espinaca, plátano, piña, jugo de naranja, jengibre)', CAST(5.50 AS Decimal(6, 2)), N'XXXXXXXX', N'1')
GO
INSERT [dbo].[PRODUCTO] ([IDPRODUCTO], [IDCATEGORIA], [NOMPRODUCTO], [DESCRIPCION], [PRECIO], [MARCA], [ESTADO]) VALUES (11, 2, N'Ensalada de pollo a la parrilla ', N'(Ensalada, pechuga de pollo, lechuga, tomate, pepino, zanahoria, vinagreta)', CAST(25.00 AS Decimal(6, 2)), N'XXXXXXXX', N'1')
GO
INSERT [dbo].[PRODUCTO] ([IDPRODUCTO], [IDCATEGORIA], [NOMPRODUCTO], [DESCRIPCION], [PRECIO], [MARCA], [ESTADO]) VALUES (12, 2, N'Pasta primavera', N'(Zanahoria, brócoli, calabacín, champiñones, salsa de tomate casera o salsa cremosa)', CAST(18.00 AS Decimal(6, 2)), N'XXXXXXXX', N'1')
GO
INSERT [dbo].[PRODUCTO] ([IDPRODUCTO], [IDCATEGORIA], [NOMPRODUCTO], [DESCRIPCION], [PRECIO], [MARCA], [ESTADO]) VALUES (13, 2, N'Sándwich de pavo y aguacate', N'(Sándwich de pavo, aguacate, tomate, lechuga, pan integral o pan ciabatta)', CAST(10.00 AS Decimal(6, 2)), N'XXXXXXXX', N'1')
GO
INSERT [dbo].[PRODUCTO] ([IDPRODUCTO], [IDCATEGORIA], [NOMPRODUCTO], [DESCRIPCION], [PRECIO], [MARCA], [ESTADO]) VALUES (14, 2, N'Burrito de pollo', N'(Burrito de pollo, frijoles, arroz, queso, lechuga, salsa, guacamole o chips de tortilla)', CAST(14.00 AS Decimal(6, 2)), N'XXXXXXXX', N'1')
GO
INSERT [dbo].[PRODUCTO] ([IDPRODUCTO], [IDCATEGORIA], [NOMPRODUCTO], [DESCRIPCION], [PRECIO], [MARCA], [ESTADO]) VALUES (15, 2, N'Sopa de lentejas', N'(Sopa de lentejas, zanahoria, apio, cebolla, pan crujiente)', CAST(7.50 AS Decimal(6, 2)), N'XXXXXXXX', N'1')
GO
INSERT [dbo].[PRODUCTO] ([IDPRODUCTO], [IDCATEGORIA], [NOMPRODUCTO], [DESCRIPCION], [PRECIO], [MARCA], [ESTADO]) VALUES (16, 2, N'Tacos de pescado', N'(Tortilla de maíz, filete de pescado, repollo, salsa de limón, arroz o frejoles)', CAST(8.00 AS Decimal(6, 2)), N'XXXXXXXX', N'1')
GO
INSERT [dbo].[PRODUCTO] ([IDPRODUCTO], [IDCATEGORIA], [NOMPRODUCTO], [DESCRIPCION], [PRECIO], [MARCA], [ESTADO]) VALUES (17, 2, N'Pollo al curry con arroz', N'(Pollo, salsa de curry, arroz, verduras)', CAST(20.00 AS Decimal(6, 2)), N'XXXXXXXX', N'1')
GO
INSERT [dbo].[PRODUCTO] ([IDPRODUCTO], [IDCATEGORIA], [NOMPRODUCTO], [DESCRIPCION], [PRECIO], [MARCA], [ESTADO]) VALUES (18, 2, N'Bowl de quinoa y vegetales', N'(Quinoa, pimiento, calabaza, berenjena, aguacate, vinagreta, aceite de oliva)', CAST(15.00 AS Decimal(6, 2)), N'XXXXXXXX', N'1')
GO
INSERT [dbo].[PRODUCTO] ([IDPRODUCTO], [IDCATEGORIA], [NOMPRODUCTO], [DESCRIPCION], [PRECIO], [MARCA], [ESTADO]) VALUES (19, 2, N'Pizza de vegetales', N'(Pizza casera, salsa de tomate, mozzarella, pimientos, cebolla, champiñones, espinaca)', CAST(15.00 AS Decimal(6, 2)), N'XXXXXXXX', N'1')
GO
INSERT [dbo].[PRODUCTO] ([IDPRODUCTO], [IDCATEGORIA], [NOMPRODUCTO], [DESCRIPCION], [PRECIO], [MARCA], [ESTADO]) VALUES (20, 2, N'Pollo a la plancha con puré de papas', N'(Pechuga de pollo, puré de papa, ensalada, lechuga, tomate, pepino, aderezo de selección)', CAST(25.00 AS Decimal(6, 2)), N'XXXXXXXX', N'1')
GO
INSERT [dbo].[PRODUCTO] ([IDPRODUCTO], [IDCATEGORIA], [NOMPRODUCTO], [DESCRIPCION], [PRECIO], [MARCA], [ESTADO]) VALUES (21, 3, N'Salmón al horno con espárragos', N'(Salmón, jugo de limón, espárragos, aceite de oliva)', CAST(20.00 AS Decimal(6, 2)), N'XXXXXXXX', N'1')
GO
INSERT [dbo].[PRODUCTO] ([IDPRODUCTO], [IDCATEGORIA], [NOMPRODUCTO], [DESCRIPCION], [PRECIO], [MARCA], [ESTADO]) VALUES (22, 3, N'Tacos de carne asada', N'(Tortilla de maíz, carne asada, cebolla, cilantro, salsa, guacamole o frijoles)', CAST(18.00 AS Decimal(6, 2)), N'XXXXXXXX', N'1')
GO
INSERT [dbo].[PRODUCTO] ([IDPRODUCTO], [IDCATEGORIA], [NOMPRODUCTO], [DESCRIPCION], [PRECIO], [MARCA], [ESTADO]) VALUES (23, 3, N'Ensalada de pollo a la plancha', N'(Pollo a la plancha, lechuga, tomate, pepino, aguacate, salsa)', CAST(24.00 AS Decimal(6, 2)), N'XXXXXXXX', N'1')
GO
INSERT [dbo].[PRODUCTO] ([IDPRODUCTO], [IDCATEGORIA], [NOMPRODUCTO], [DESCRIPCION], [PRECIO], [MARCA], [ESTADO]) VALUES (24, 3, N'Pechuga de pollo relleno de espinaca y queso', N'(Pechuga de pollo, espinaca, queso, vegetales)', CAST(24.00 AS Decimal(6, 2)), N'XXXXXXXX', N'1')
GO
INSERT [dbo].[PRODUCTO] ([IDPRODUCTO], [IDCATEGORIA], [NOMPRODUCTO], [DESCRIPCION], [PRECIO], [MARCA], [ESTADO]) VALUES (25, 3, N'Pasta con salsa de tomate y vegetales', N'(Pasta de tigro, salsa de tomate, zanahoria, brócoli, champiñones, queso parmesano)', CAST(20.00 AS Decimal(6, 2)), N'XXXXXXXX', N'1')
GO
INSERT [dbo].[PRODUCTO] ([IDPRODUCTO], [IDCATEGORIA], [NOMPRODUCTO], [DESCRIPCION], [PRECIO], [MARCA], [ESTADO]) VALUES (26, 3, N'Stir-fry de tofu y verduras', N'(Tofu, pimiento, zanahoria, cebolla, brócoli, soja, arroz)', CAST(19.00 AS Decimal(6, 2)), N'XXXXXXXX', N'1')
GO
INSERT [dbo].[PRODUCTO] ([IDPRODUCTO], [IDCATEGORIA], [NOMPRODUCTO], [DESCRIPCION], [PRECIO], [MARCA], [ESTADO]) VALUES (27, 3, N'Enchiladas de pollo', N'(Tortilla de maíz, queso, salsa, arroz o frejoles)', CAST(15.00 AS Decimal(6, 2)), N'XXXXXXXX', N'1')
GO
INSERT [dbo].[PRODUCTO] ([IDPRODUCTO], [IDCATEGORIA], [NOMPRODUCTO], [DESCRIPCION], [PRECIO], [MARCA], [ESTADO]) VALUES (28, 3, N'Sopa de calabaza', N'(Calabaza, cebolla, ajo, verduras, pan, semillas de calabaza)', CAST(12.00 AS Decimal(6, 2)), N'XXXXXXXX', N'1')
GO
INSERT [dbo].[PRODUCTO] ([IDPRODUCTO], [IDCATEGORIA], [NOMPRODUCTO], [DESCRIPCION], [PRECIO], [MARCA], [ESTADO]) VALUES (29, 3, N'Pizza de verduras a la parrilla', N'(Pan pita, salsa de tomate, berenjena, pimientos, calabacín, queso)', CAST(16.00 AS Decimal(6, 2)), N'XXXXXXXX', N'1')
GO
INSERT [dbo].[PRODUCTO] ([IDPRODUCTO], [IDCATEGORIA], [NOMPRODUCTO], [DESCRIPCION], [PRECIO], [MARCA], [ESTADO]) VALUES (30, 3, N'Sushi de vegetales', N'(Sushi vegetariano, pepino, aguacate, zanahoria, salsa de soja, wasabi)', CAST(20.00 AS Decimal(6, 2)), N'XXXXXXXX', N'1')
GO
INSERT [dbo].[PRODUCTO] ([IDPRODUCTO], [IDCATEGORIA], [NOMPRODUCTO], [DESCRIPCION], [PRECIO], [MARCA], [ESTADO]) VALUES (31, 4, N'Pisco sour', N'(Pisco, jugo de limón, jarabe de goma, huevo)', CAST(6.50 AS Decimal(6, 2)), N'Barsol', N'1')
GO
INSERT [dbo].[PRODUCTO] ([IDPRODUCTO], [IDCATEGORIA], [NOMPRODUCTO], [DESCRIPCION], [PRECIO], [MARCA], [ESTADO]) VALUES (32, 4, N'Chicha morada', N'(Maíz morado, piña, canela, clavo de olor)', CAST(3.00 AS Decimal(6, 2)), N'Donofrio', N'1')
GO
INSERT [dbo].[PRODUCTO] ([IDPRODUCTO], [IDCATEGORIA], [NOMPRODUCTO], [DESCRIPCION], [PRECIO], [MARCA], [ESTADO]) VALUES (33, 4, N'Inka Cola', N'(Gaseosa Inka Cola)', CAST(4.00 AS Decimal(6, 2)), N'Inka Cola', N'1')
GO
INSERT [dbo].[PRODUCTO] ([IDPRODUCTO], [IDCATEGORIA], [NOMPRODUCTO], [DESCRIPCION], [PRECIO], [MARCA], [ESTADO]) VALUES (34, 4, N'Chicha de jora', N'(Maíz jora)', CAST(3.00 AS Decimal(6, 2)), N'Cusqueña', N'1')
GO
INSERT [dbo].[PRODUCTO] ([IDPRODUCTO], [IDCATEGORIA], [NOMPRODUCTO], [DESCRIPCION], [PRECIO], [MARCA], [ESTADO]) VALUES (35, 4, N'Emoliente', N'(cebada, linaza, malva, cola de caballo)', CAST(4.00 AS Decimal(6, 2)), N'La gruta del Inca', N'1')
GO
INSERT [dbo].[PRODUCTO] ([IDPRODUCTO], [IDCATEGORIA], [NOMPRODUCTO], [DESCRIPCION], [PRECIO], [MARCA], [ESTADO]) VALUES (36, 4, N'Cerveza', N'(Rubia, negra, tigro)', CAST(6.00 AS Decimal(6, 2)), N'Cusqueña', N'1')
GO
INSERT [dbo].[PRODUCTO] ([IDPRODUCTO], [IDCATEGORIA], [NOMPRODUCTO], [DESCRIPCION], [PRECIO], [MARCA], [ESTADO]) VALUES (37, 4, N'Refresco de tuna', N'(Jugo de tuna)', CAST(3.00 AS Decimal(6, 2)), N'Laive', N'1')
GO
INSERT [dbo].[PRODUCTO] ([IDPRODUCTO], [IDCATEGORIA], [NOMPRODUCTO], [DESCRIPCION], [PRECIO], [MARCA], [ESTADO]) VALUES (38, 4, N'Horchata', N'(Arroz remojado, canela, vainilla)', CAST(3.00 AS Decimal(6, 2)), N'Donofrio', N'1')
GO
INSERT [dbo].[PRODUCTO] ([IDPRODUCTO], [IDCATEGORIA], [NOMPRODUCTO], [DESCRIPCION], [PRECIO], [MARCA], [ESTADO]) VALUES (39, 4, N'Chilcano de pisco', N'(Pisco, ginger, amargo de angostura)', CAST(6.50 AS Decimal(6, 2)), N'Santiago Queirolo', N'1')
GO
INSERT [dbo].[PRODUCTO] ([IDPRODUCTO], [IDCATEGORIA], [NOMPRODUCTO], [DESCRIPCION], [PRECIO], [MARCA], [ESTADO]) VALUES (40, 4, N'Coca Tea', N'(Hojas de coca)', CAST(7.00 AS Decimal(6, 2)), N'Delisse', N'1')
GO
INSERT [dbo].[PRODUCTO] ([IDPRODUCTO], [IDCATEGORIA], [NOMPRODUCTO], [DESCRIPCION], [PRECIO], [MARCA], [ESTADO]) VALUES (41, 5, N'Helado', N'(3 bolas) ', CAST(3.00 AS Decimal(6, 2)), N'Artesanal', N'1')
GO
INSERT [dbo].[PRODUCTO] ([IDPRODUCTO], [IDCATEGORIA], [NOMPRODUCTO], [DESCRIPCION], [PRECIO], [MARCA], [ESTADO]) VALUES (42, 5, N'Pastel', N'(Porción de pastel de chocolate, tres leches o helado)', CAST(6.00 AS Decimal(6, 2)), N'McGrill', N'1')
GO
INSERT [dbo].[PRODUCTO] ([IDPRODUCTO], [IDCATEGORIA], [NOMPRODUCTO], [DESCRIPCION], [PRECIO], [MARCA], [ESTADO]) VALUES (43, 5, N'Pies', N'(Porción de pie de manzana, limón o zanahoria)', CAST(5.00 AS Decimal(6, 2)), N'XXXXXXXX', N'1')
GO
INSERT [dbo].[PRODUCTO] ([IDPRODUCTO], [IDCATEGORIA], [NOMPRODUCTO], [DESCRIPCION], [PRECIO], [MARCA], [ESTADO]) VALUES (44, 5, N'Cheesecake', N'(Porción de cheesecake)', CAST(5.50 AS Decimal(6, 2)), N'XXXXXXXX', N'1')
GO
INSERT [dbo].[PRODUCTO] ([IDPRODUCTO], [IDCATEGORIA], [NOMPRODUCTO], [DESCRIPCION], [PRECIO], [MARCA], [ESTADO]) VALUES (45, 5, N'Arroz con leche', N'(Porción de arroz con leche o mazamorra)', CAST(3.50 AS Decimal(6, 2)), N'Juanita', N'1')
GO
INSERT [dbo].[PRODUCTO] ([IDPRODUCTO], [IDCATEGORIA], [NOMPRODUCTO], [DESCRIPCION], [PRECIO], [MARCA], [ESTADO]) VALUES (46, 5, N'Mil hojas', N'(Porción de mil hojas)', CAST(6.00 AS Decimal(6, 2)), N'XXXXXXXX', N'1')
GO
INSERT [dbo].[PRODUCTO] ([IDPRODUCTO], [IDCATEGORIA], [NOMPRODUCTO], [DESCRIPCION], [PRECIO], [MARCA], [ESTADO]) VALUES (47, 5, N'Flan', N'(Porción de flan o gelatina)', CAST(2.00 AS Decimal(6, 2)), N'Juanita', N'1')
GO
INSERT [dbo].[PRODUCTO] ([IDPRODUCTO], [IDCATEGORIA], [NOMPRODUCTO], [DESCRIPCION], [PRECIO], [MARCA], [ESTADO]) VALUES (48, 5, N'Brownie', N'(Porción de brownie de chocolate)', CAST(5.00 AS Decimal(6, 2)), N'XXXXXXXX', N'1')
GO
INSERT [dbo].[PRODUCTO] ([IDPRODUCTO], [IDCATEGORIA], [NOMPRODUCTO], [DESCRIPCION], [PRECIO], [MARCA], [ESTADO]) VALUES (49, 5, N'Tiramisú', N'(Porción de tiramisú)', CAST(4.50 AS Decimal(6, 2)), N'XXXXXXXX', N'1')
GO
INSERT [dbo].[PRODUCTO] ([IDPRODUCTO], [IDCATEGORIA], [NOMPRODUCTO], [DESCRIPCION], [PRECIO], [MARCA], [ESTADO]) VALUES (50, 5, N'Panna cotta', N'(Porción de panna cotta)', CAST(7.50 AS Decimal(6, 2)), N'Juanita', N'1')
GO
INSERT [dbo].[PRODUCTO] ([IDPRODUCTO], [IDCATEGORIA], [NOMPRODUCTO], [DESCRIPCION], [PRECIO], [MARCA], [ESTADO]) VALUES (51, 6, N'Suspiro limeño', N'(Manjar blanco, merengue, canela)', CAST(7.00 AS Decimal(6, 2)), N'XXXXXXXX', N'1')
GO
INSERT [dbo].[PRODUCTO] ([IDPRODUCTO], [IDCATEGORIA], [NOMPRODUCTO], [DESCRIPCION], [PRECIO], [MARCA], [ESTADO]) VALUES (52, 6, N'Mazamorra morada', N'(Maíz morado, piña, membrillo, durazno)', CAST(3.00 AS Decimal(6, 2)), N'XXXXXXXX', N'1')
GO
INSERT [dbo].[PRODUCTO] ([IDPRODUCTO], [IDCATEGORIA], [NOMPRODUCTO], [DESCRIPCION], [PRECIO], [MARCA], [ESTADO]) VALUES (53, 6, N'Picarones', N'(Camote, calabaza)', CAST(3.00 AS Decimal(6, 2)), N'XXXXXXXX', N'1')
GO
INSERT [dbo].[PRODUCTO] ([IDPRODUCTO], [IDCATEGORIA], [NOMPRODUCTO], [DESCRIPCION], [PRECIO], [MARCA], [ESTADO]) VALUES (54, 6, N'Alfajores', N'(Galleta de dos capas, manjar, azúcar glas)', CAST(4.00 AS Decimal(6, 2)), N'XXXXXXXX', N'1')
GO
INSERT [dbo].[PRODUCTO] ([IDPRODUCTO], [IDCATEGORIA], [NOMPRODUCTO], [DESCRIPCION], [PRECIO], [MARCA], [ESTADO]) VALUES (55, 6, N'Tarta de maracuyá', N'(Maracuyá)', CAST(5.00 AS Decimal(6, 2)), N'XXXXXXXX', N'1')
GO
INSERT [dbo].[PRODUCTO] ([IDPRODUCTO], [IDCATEGORIA], [NOMPRODUCTO], [DESCRIPCION], [PRECIO], [MARCA], [ESTADO]) VALUES (56, 6, N'King Kong', N'(King Kong)', CAST(6.00 AS Decimal(6, 2)), N'XXXXXXXX', N'1')
GO
INSERT [dbo].[PRODUCTO] ([IDPRODUCTO], [IDCATEGORIA], [NOMPRODUCTO], [DESCRIPCION], [PRECIO], [MARCA], [ESTADO]) VALUES (57, 6, N'Crema volteada', N'(Flan, huevo, leche, vainilla)', CAST(4.00 AS Decimal(6, 2)), N'XXXXXXXX', N'1')
GO
INSERT [dbo].[PRODUCTO] ([IDPRODUCTO], [IDCATEGORIA], [NOMPRODUCTO], [DESCRIPCION], [PRECIO], [MARCA], [ESTADO]) VALUES (58, 6, N'Tejas', N'(Tejas)', CAST(2.00 AS Decimal(6, 2)), N'XXXXXXXX', N'1')
GO
INSERT [dbo].[PRODUCTO] ([IDPRODUCTO], [IDCATEGORIA], [NOMPRODUCTO], [DESCRIPCION], [PRECIO], [MARCA], [ESTADO]) VALUES (59, 6, N'Torta de tres leches', N'(Leche)', CAST(3.50 AS Decimal(6, 2)), N'XXXXXXXX', N'1')
GO
INSERT [dbo].[PRODUCTO] ([IDPRODUCTO], [IDCATEGORIA], [NOMPRODUCTO], [DESCRIPCION], [PRECIO], [MARCA], [ESTADO]) VALUES (60, 6, N'Arroz con leche ', N'(Leche, arroz, canela, vainilla)', CAST(3.00 AS Decimal(6, 2)), N'XXXXXXXX', N'1')
GO
INSERT [dbo].[PRODUCTO] ([IDPRODUCTO], [IDCATEGORIA], [NOMPRODUCTO], [DESCRIPCION], [PRECIO], [MARCA], [ESTADO]) VALUES (61, 7, N'Pisco   ', N'(Botella 1/2 Lt)', CAST(25.00 AS Decimal(6, 2)), N'Portón', N'1')
GO
INSERT [dbo].[PRODUCTO] ([IDPRODUCTO], [IDCATEGORIA], [NOMPRODUCTO], [DESCRIPCION], [PRECIO], [MARCA], [ESTADO]) VALUES (62, 7, N'Ron cartavio', N'(Botella 1 Lt)', CAST(100.00 AS Decimal(6, 2)), N'Ron cartavio', N'1')
GO
INSERT [dbo].[PRODUCTO] ([IDPRODUCTO], [IDCATEGORIA], [NOMPRODUCTO], [DESCRIPCION], [PRECIO], [MARCA], [ESTADO]) VALUES (63, 7, N'Cerveza cusqueña', N'(Botella 1 Lt)', CAST(8.00 AS Decimal(6, 2)), N'Cusqueña', N'1')
GO
INSERT [dbo].[PRODUCTO] ([IDPRODUCTO], [IDCATEGORIA], [NOMPRODUCTO], [DESCRIPCION], [PRECIO], [MARCA], [ESTADO]) VALUES (64, 7, N'Amargo de angostura', N'(Coctél)', CAST(7.00 AS Decimal(6, 2)), N'Angostura', N'1')
GO
INSERT [dbo].[PRODUCTO] ([IDPRODUCTO], [IDCATEGORIA], [NOMPRODUCTO], [DESCRIPCION], [PRECIO], [MARCA], [ESTADO]) VALUES (65, 7, N'Gin Amazonian', N'(Coctél)', CAST(7.00 AS Decimal(6, 2)), N'Amazonian', N'1')
GO
INSERT [dbo].[PRODUCTO] ([IDPRODUCTO], [IDCATEGORIA], [NOMPRODUCTO], [DESCRIPCION], [PRECIO], [MARCA], [ESTADO]) VALUES (66, 7, N'Licor de guindas', N'(Coctél)', CAST(7.00 AS Decimal(6, 2)), N'La diablada', N'1')
GO
INSERT [dbo].[PRODUCTO] ([IDPRODUCTO], [IDCATEGORIA], [NOMPRODUCTO], [DESCRIPCION], [PRECIO], [MARCA], [ESTADO]) VALUES (67, 7, N'Anís Najar', N'(Coctél)', CAST(8.00 AS Decimal(6, 2)), N'Najar', N'1')
GO
INSERT [dbo].[PRODUCTO] ([IDPRODUCTO], [IDCATEGORIA], [NOMPRODUCTO], [DESCRIPCION], [PRECIO], [MARCA], [ESTADO]) VALUES (68, 7, N'Singani', N'(Coctél)', CAST(6.00 AS Decimal(6, 2)), N'Casa real', N'1')
GO
INSERT [dbo].[PRODUCTO] ([IDPRODUCTO], [IDCATEGORIA], [NOMPRODUCTO], [DESCRIPCION], [PRECIO], [MARCA], [ESTADO]) VALUES (69, 7, N'Vermut tabernero', N'(Coctél)', CAST(8.00 AS Decimal(6, 2)), N'Tabernero', N'1')
GO
INSERT [dbo].[PRODUCTO] ([IDPRODUCTO], [IDCATEGORIA], [NOMPRODUCTO], [DESCRIPCION], [PRECIO], [MARCA], [ESTADO]) VALUES (70, 7, N'Licor de cacao', N'(Coctél)', CAST(8.00 AS Decimal(6, 2)), N'Cacaote', N'1')
GO
SET IDENTITY_INSERT [dbo].[PRODUCTO] OFF
GO
SET IDENTITY_INSERT [dbo].[PROVINCIA] ON 
GO
INSERT [dbo].[PROVINCIA] ([IDPROVINCIA], [IDDEPARTAMENTO], [NOMPROVINCIA], [ESTADO]) VALUES (1, 1, N'Chachapoyas', N'1')
GO
INSERT [dbo].[PROVINCIA] ([IDPROVINCIA], [IDDEPARTAMENTO], [NOMPROVINCIA], [ESTADO]) VALUES (2, 1, N'Bongará', N'1')
GO
INSERT [dbo].[PROVINCIA] ([IDPROVINCIA], [IDDEPARTAMENTO], [NOMPROVINCIA], [ESTADO]) VALUES (3, 1, N'Bagua', N'1')
GO
INSERT [dbo].[PROVINCIA] ([IDPROVINCIA], [IDDEPARTAMENTO], [NOMPROVINCIA], [ESTADO]) VALUES (4, 2, N'Huaraz', N'1')
GO
INSERT [dbo].[PROVINCIA] ([IDPROVINCIA], [IDDEPARTAMENTO], [NOMPROVINCIA], [ESTADO]) VALUES (5, 2, N'Casma', N'1')
GO
INSERT [dbo].[PROVINCIA] ([IDPROVINCIA], [IDDEPARTAMENTO], [NOMPROVINCIA], [ESTADO]) VALUES (6, 2, N'Huarmey', N'1')
GO
INSERT [dbo].[PROVINCIA] ([IDPROVINCIA], [IDDEPARTAMENTO], [NOMPROVINCIA], [ESTADO]) VALUES (7, 3, N'Abancay', N'1')
GO
INSERT [dbo].[PROVINCIA] ([IDPROVINCIA], [IDDEPARTAMENTO], [NOMPROVINCIA], [ESTADO]) VALUES (8, 3, N'Andahuaylas', N'1')
GO
INSERT [dbo].[PROVINCIA] ([IDPROVINCIA], [IDDEPARTAMENTO], [NOMPROVINCIA], [ESTADO]) VALUES (9, 3, N'Aymaraes', N'1')
GO
INSERT [dbo].[PROVINCIA] ([IDPROVINCIA], [IDDEPARTAMENTO], [NOMPROVINCIA], [ESTADO]) VALUES (10, 4, N'Arequipa', N'1')
GO
INSERT [dbo].[PROVINCIA] ([IDPROVINCIA], [IDDEPARTAMENTO], [NOMPROVINCIA], [ESTADO]) VALUES (11, 4, N'Caylloma', N'1')
GO
INSERT [dbo].[PROVINCIA] ([IDPROVINCIA], [IDDEPARTAMENTO], [NOMPROVINCIA], [ESTADO]) VALUES (12, 4, N'Camaná', N'1')
GO
INSERT [dbo].[PROVINCIA] ([IDPROVINCIA], [IDDEPARTAMENTO], [NOMPROVINCIA], [ESTADO]) VALUES (13, 5, N'Huamanga', N'1')
GO
INSERT [dbo].[PROVINCIA] ([IDPROVINCIA], [IDDEPARTAMENTO], [NOMPROVINCIA], [ESTADO]) VALUES (14, 5, N'Huanta', N'1')
GO
INSERT [dbo].[PROVINCIA] ([IDPROVINCIA], [IDDEPARTAMENTO], [NOMPROVINCIA], [ESTADO]) VALUES (15, 5, N'La Mar', N'1')
GO
INSERT [dbo].[PROVINCIA] ([IDPROVINCIA], [IDDEPARTAMENTO], [NOMPROVINCIA], [ESTADO]) VALUES (16, 6, N'Cajamarca', N'1')
GO
INSERT [dbo].[PROVINCIA] ([IDPROVINCIA], [IDDEPARTAMENTO], [NOMPROVINCIA], [ESTADO]) VALUES (17, 6, N'Jaén', N'1')
GO
INSERT [dbo].[PROVINCIA] ([IDPROVINCIA], [IDDEPARTAMENTO], [NOMPROVINCIA], [ESTADO]) VALUES (18, 6, N'San Ignacio', N'1')
GO
INSERT [dbo].[PROVINCIA] ([IDPROVINCIA], [IDDEPARTAMENTO], [NOMPROVINCIA], [ESTADO]) VALUES (19, 7, N'Callao', N'1')
GO
INSERT [dbo].[PROVINCIA] ([IDPROVINCIA], [IDDEPARTAMENTO], [NOMPROVINCIA], [ESTADO]) VALUES (20, 8, N'Cusco', N'1')
GO
INSERT [dbo].[PROVINCIA] ([IDPROVINCIA], [IDDEPARTAMENTO], [NOMPROVINCIA], [ESTADO]) VALUES (21, 8, N'Urubamba', N'1')
GO
INSERT [dbo].[PROVINCIA] ([IDPROVINCIA], [IDDEPARTAMENTO], [NOMPROVINCIA], [ESTADO]) VALUES (22, 8, N'Quispicanchi', N'1')
GO
INSERT [dbo].[PROVINCIA] ([IDPROVINCIA], [IDDEPARTAMENTO], [NOMPROVINCIA], [ESTADO]) VALUES (23, 9, N'Huancavelica', N'1')
GO
INSERT [dbo].[PROVINCIA] ([IDPROVINCIA], [IDDEPARTAMENTO], [NOMPROVINCIA], [ESTADO]) VALUES (24, 9, N'Acobamba', N'1')
GO
INSERT [dbo].[PROVINCIA] ([IDPROVINCIA], [IDDEPARTAMENTO], [NOMPROVINCIA], [ESTADO]) VALUES (25, 9, N'Tayacaja', N'1')
GO
INSERT [dbo].[PROVINCIA] ([IDPROVINCIA], [IDDEPARTAMENTO], [NOMPROVINCIA], [ESTADO]) VALUES (26, 10, N'Huánuco', N'1')
GO
INSERT [dbo].[PROVINCIA] ([IDPROVINCIA], [IDDEPARTAMENTO], [NOMPROVINCIA], [ESTADO]) VALUES (27, 10, N'Ambo', N'1')
GO
INSERT [dbo].[PROVINCIA] ([IDPROVINCIA], [IDDEPARTAMENTO], [NOMPROVINCIA], [ESTADO]) VALUES (28, 10, N'Leoncio Prado', N'1')
GO
INSERT [dbo].[PROVINCIA] ([IDPROVINCIA], [IDDEPARTAMENTO], [NOMPROVINCIA], [ESTADO]) VALUES (29, 11, N'Ica', N'1')
GO
INSERT [dbo].[PROVINCIA] ([IDPROVINCIA], [IDDEPARTAMENTO], [NOMPROVINCIA], [ESTADO]) VALUES (30, 11, N'Pisco', N'1')
GO
INSERT [dbo].[PROVINCIA] ([IDPROVINCIA], [IDDEPARTAMENTO], [NOMPROVINCIA], [ESTADO]) VALUES (31, 11, N'Chincha', N'1')
GO
INSERT [dbo].[PROVINCIA] ([IDPROVINCIA], [IDDEPARTAMENTO], [NOMPROVINCIA], [ESTADO]) VALUES (32, 12, N'Huancayo', N'1')
GO
INSERT [dbo].[PROVINCIA] ([IDPROVINCIA], [IDDEPARTAMENTO], [NOMPROVINCIA], [ESTADO]) VALUES (33, 12, N'Chanchamayo', N'1')
GO
INSERT [dbo].[PROVINCIA] ([IDPROVINCIA], [IDDEPARTAMENTO], [NOMPROVINCIA], [ESTADO]) VALUES (34, 12, N'Satipo', N'1')
GO
INSERT [dbo].[PROVINCIA] ([IDPROVINCIA], [IDDEPARTAMENTO], [NOMPROVINCIA], [ESTADO]) VALUES (35, 13, N'Trujillo', N'1')
GO
INSERT [dbo].[PROVINCIA] ([IDPROVINCIA], [IDDEPARTAMENTO], [NOMPROVINCIA], [ESTADO]) VALUES (36, 13, N'Ascope', N'1')
GO
INSERT [dbo].[PROVINCIA] ([IDPROVINCIA], [IDDEPARTAMENTO], [NOMPROVINCIA], [ESTADO]) VALUES (37, 13, N'Chepén', N'1')
GO
INSERT [dbo].[PROVINCIA] ([IDPROVINCIA], [IDDEPARTAMENTO], [NOMPROVINCIA], [ESTADO]) VALUES (38, 14, N'Chiclayo', N'1')
GO
INSERT [dbo].[PROVINCIA] ([IDPROVINCIA], [IDDEPARTAMENTO], [NOMPROVINCIA], [ESTADO]) VALUES (39, 14, N'Ferreñafe', N'1')
GO
INSERT [dbo].[PROVINCIA] ([IDPROVINCIA], [IDDEPARTAMENTO], [NOMPROVINCIA], [ESTADO]) VALUES (40, 14, N'Lambayeque', N'1')
GO
INSERT [dbo].[PROVINCIA] ([IDPROVINCIA], [IDDEPARTAMENTO], [NOMPROVINCIA], [ESTADO]) VALUES (41, 15, N'Lima', N'1')
GO
INSERT [dbo].[PROVINCIA] ([IDPROVINCIA], [IDDEPARTAMENTO], [NOMPROVINCIA], [ESTADO]) VALUES (42, 15, N'Huaral', N'1')
GO
INSERT [dbo].[PROVINCIA] ([IDPROVINCIA], [IDDEPARTAMENTO], [NOMPROVINCIA], [ESTADO]) VALUES (43, 15, N'Cañete', N'1')
GO
INSERT [dbo].[PROVINCIA] ([IDPROVINCIA], [IDDEPARTAMENTO], [NOMPROVINCIA], [ESTADO]) VALUES (44, 16, N'Iquitos', N'1')
GO
INSERT [dbo].[PROVINCIA] ([IDPROVINCIA], [IDDEPARTAMENTO], [NOMPROVINCIA], [ESTADO]) VALUES (45, 16, N'Maynas', N'1')
GO
INSERT [dbo].[PROVINCIA] ([IDPROVINCIA], [IDDEPARTAMENTO], [NOMPROVINCIA], [ESTADO]) VALUES (46, 16, N'Alto Amazonas', N'1')
GO
INSERT [dbo].[PROVINCIA] ([IDPROVINCIA], [IDDEPARTAMENTO], [NOMPROVINCIA], [ESTADO]) VALUES (47, 17, N'Tambopata', N'1')
GO
INSERT [dbo].[PROVINCIA] ([IDPROVINCIA], [IDDEPARTAMENTO], [NOMPROVINCIA], [ESTADO]) VALUES (48, 17, N'Manu', N'1')
GO
INSERT [dbo].[PROVINCIA] ([IDPROVINCIA], [IDDEPARTAMENTO], [NOMPROVINCIA], [ESTADO]) VALUES (49, 17, N'Tahuamanu', N'1')
GO
INSERT [dbo].[PROVINCIA] ([IDPROVINCIA], [IDDEPARTAMENTO], [NOMPROVINCIA], [ESTADO]) VALUES (50, 18, N'Mariscal Nieto', N'1')
GO
INSERT [dbo].[PROVINCIA] ([IDPROVINCIA], [IDDEPARTAMENTO], [NOMPROVINCIA], [ESTADO]) VALUES (51, 18, N'Ilo', N'1')
GO
INSERT [dbo].[PROVINCIA] ([IDPROVINCIA], [IDDEPARTAMENTO], [NOMPROVINCIA], [ESTADO]) VALUES (52, 18, N'General Sánchez Cerro', N'1')
GO
INSERT [dbo].[PROVINCIA] ([IDPROVINCIA], [IDDEPARTAMENTO], [NOMPROVINCIA], [ESTADO]) VALUES (53, 19, N'Pasco', N'1')
GO
INSERT [dbo].[PROVINCIA] ([IDPROVINCIA], [IDDEPARTAMENTO], [NOMPROVINCIA], [ESTADO]) VALUES (54, 19, N'Oxapampa', N'1')
GO
INSERT [dbo].[PROVINCIA] ([IDPROVINCIA], [IDDEPARTAMENTO], [NOMPROVINCIA], [ESTADO]) VALUES (55, 19, N'Daniel Alcides Carrión', N'1')
GO
INSERT [dbo].[PROVINCIA] ([IDPROVINCIA], [IDDEPARTAMENTO], [NOMPROVINCIA], [ESTADO]) VALUES (56, 20, N'Piura', N'1')
GO
INSERT [dbo].[PROVINCIA] ([IDPROVINCIA], [IDDEPARTAMENTO], [NOMPROVINCIA], [ESTADO]) VALUES (57, 20, N'Sullana', N'1')
GO
INSERT [dbo].[PROVINCIA] ([IDPROVINCIA], [IDDEPARTAMENTO], [NOMPROVINCIA], [ESTADO]) VALUES (58, 20, N'Talara', N'1')
GO
INSERT [dbo].[PROVINCIA] ([IDPROVINCIA], [IDDEPARTAMENTO], [NOMPROVINCIA], [ESTADO]) VALUES (59, 21, N'Puno', N'1')
GO
INSERT [dbo].[PROVINCIA] ([IDPROVINCIA], [IDDEPARTAMENTO], [NOMPROVINCIA], [ESTADO]) VALUES (60, 21, N'El Collao', N'1')
GO
INSERT [dbo].[PROVINCIA] ([IDPROVINCIA], [IDDEPARTAMENTO], [NOMPROVINCIA], [ESTADO]) VALUES (61, 21, N'San Román', N'1')
GO
INSERT [dbo].[PROVINCIA] ([IDPROVINCIA], [IDDEPARTAMENTO], [NOMPROVINCIA], [ESTADO]) VALUES (62, 22, N'Moyobamba', N'1')
GO
INSERT [dbo].[PROVINCIA] ([IDPROVINCIA], [IDDEPARTAMENTO], [NOMPROVINCIA], [ESTADO]) VALUES (63, 22, N'Tocache', N'1')
GO
INSERT [dbo].[PROVINCIA] ([IDPROVINCIA], [IDDEPARTAMENTO], [NOMPROVINCIA], [ESTADO]) VALUES (64, 22, N'Bellavista', N'1')
GO
INSERT [dbo].[PROVINCIA] ([IDPROVINCIA], [IDDEPARTAMENTO], [NOMPROVINCIA], [ESTADO]) VALUES (65, 23, N'Tacna', N'1')
GO
INSERT [dbo].[PROVINCIA] ([IDPROVINCIA], [IDDEPARTAMENTO], [NOMPROVINCIA], [ESTADO]) VALUES (66, 23, N'Tarata', N'1')
GO
INSERT [dbo].[PROVINCIA] ([IDPROVINCIA], [IDDEPARTAMENTO], [NOMPROVINCIA], [ESTADO]) VALUES (67, 23, N'Jorge Basadre', N'1')
GO
INSERT [dbo].[PROVINCIA] ([IDPROVINCIA], [IDDEPARTAMENTO], [NOMPROVINCIA], [ESTADO]) VALUES (68, 24, N'Tumbes', N'1')
GO
INSERT [dbo].[PROVINCIA] ([IDPROVINCIA], [IDDEPARTAMENTO], [NOMPROVINCIA], [ESTADO]) VALUES (69, 24, N'Zarumilla', N'1')
GO
INSERT [dbo].[PROVINCIA] ([IDPROVINCIA], [IDDEPARTAMENTO], [NOMPROVINCIA], [ESTADO]) VALUES (70, 24, N'Contralmirante Villar', N'1')
GO
INSERT [dbo].[PROVINCIA] ([IDPROVINCIA], [IDDEPARTAMENTO], [NOMPROVINCIA], [ESTADO]) VALUES (71, 25, N'Pucallpa', N'1')
GO
INSERT [dbo].[PROVINCIA] ([IDPROVINCIA], [IDDEPARTAMENTO], [NOMPROVINCIA], [ESTADO]) VALUES (72, 25, N'Coronel Portillo', N'1')
GO
INSERT [dbo].[PROVINCIA] ([IDPROVINCIA], [IDDEPARTAMENTO], [NOMPROVINCIA], [ESTADO]) VALUES (73, 25, N'Atalaya', N'1')
GO
SET IDENTITY_INSERT [dbo].[PROVINCIA] OFF
GO
SET IDENTITY_INSERT [dbo].[TIPO_USUARIO] ON 
GO
INSERT [dbo].[TIPO_USUARIO] ([IDTIPO_USUARIO], [NOMUSUARIO], [ESTADO]) VALUES (1, N'Administrador', N'1')
GO
INSERT [dbo].[TIPO_USUARIO] ([IDTIPO_USUARIO], [NOMUSUARIO], [ESTADO]) VALUES (2, N'Gerente', N'1')
GO
INSERT [dbo].[TIPO_USUARIO] ([IDTIPO_USUARIO], [NOMUSUARIO], [ESTADO]) VALUES (3, N'Cajero', N'1')
GO
INSERT [dbo].[TIPO_USUARIO] ([IDTIPO_USUARIO], [NOMUSUARIO], [ESTADO]) VALUES (4, N'Operario', N'1')
GO
INSERT [dbo].[TIPO_USUARIO] ([IDTIPO_USUARIO], [NOMUSUARIO], [ESTADO]) VALUES (5, N'Mozo', N'1')
GO
SET IDENTITY_INSERT [dbo].[TIPO_USUARIO] OFF
GO
SET IDENTITY_INSERT [dbo].[USUARIO] ON 
GO
INSERT [dbo].[USUARIO] ([IDUSUARIO], [IDEMPLEADO], [IDTIPO_USUARIO], [LOGEO], [CLAVE], [ESTADO]) VALUES (1, 1, 1, N'Ramírez_Paredes@gmail,com', N'52142', N'1')
GO
INSERT [dbo].[USUARIO] ([IDUSUARIO], [IDEMPLEADO], [IDTIPO_USUARIO], [LOGEO], [CLAVE], [ESTADO]) VALUES (2, 2, 2, N'Bravo_Orellana@gmail,com', N'43223', N'1')
GO
INSERT [dbo].[USUARIO] ([IDUSUARIO], [IDEMPLEADO], [IDTIPO_USUARIO], [LOGEO], [CLAVE], [ESTADO]) VALUES (3, 3, 4, N'Martínez_Soto@gmail,com', N'24325', N'1')
GO
INSERT [dbo].[USUARIO] ([IDUSUARIO], [IDEMPLEADO], [IDTIPO_USUARIO], [LOGEO], [CLAVE], [ESTADO]) VALUES (4, 4, 3, N'Yáñez_Aguirre@gmail,com', N'58467', N'1')
GO
INSERT [dbo].[USUARIO] ([IDUSUARIO], [IDEMPLEADO], [IDTIPO_USUARIO], [LOGEO], [CLAVE], [ESTADO]) VALUES (5, 5, 3, N'Jiménez_Zambrano@gmail,com', N'86651', N'1')
GO
INSERT [dbo].[USUARIO] ([IDUSUARIO], [IDEMPLEADO], [IDTIPO_USUARIO], [LOGEO], [CLAVE], [ESTADO]) VALUES (6, 6, 5, N'Godínez_Sandoval@gmail,com', N'56751', N'1')
GO
INSERT [dbo].[USUARIO] ([IDUSUARIO], [IDEMPLEADO], [IDTIPO_USUARIO], [LOGEO], [CLAVE], [ESTADO]) VALUES (7, 7, 5, N'Torres_Carrasco@gmail,com', N'14634', N'1')
GO
INSERT [dbo].[USUARIO] ([IDUSUARIO], [IDEMPLEADO], [IDTIPO_USUARIO], [LOGEO], [CLAVE], [ESTADO]) VALUES (8, 8, 5, N'Pacheco_Morales@gmail,com', N'65858', N'1')
GO
INSERT [dbo].[USUARIO] ([IDUSUARIO], [IDEMPLEADO], [IDTIPO_USUARIO], [LOGEO], [CLAVE], [ESTADO]) VALUES (9, 9, 5, N'Quiroz_Cifuentes@gmail,com', N'84547', N'1')
GO
INSERT [dbo].[USUARIO] ([IDUSUARIO], [IDEMPLEADO], [IDTIPO_USUARIO], [LOGEO], [CLAVE], [ESTADO]) VALUES (10, 10, 5, N'Ruiz_Zamora@gmail,com', N'24543', N'1')
GO
INSERT [dbo].[USUARIO] ([IDUSUARIO], [IDEMPLEADO], [IDTIPO_USUARIO], [LOGEO], [CLAVE], [ESTADO]) VALUES (11, 11, 5, N'Hernández_Rivas@gmail,com', N'37373', N'1')
GO
INSERT [dbo].[USUARIO] ([IDUSUARIO], [IDEMPLEADO], [IDTIPO_USUARIO], [LOGEO], [CLAVE], [ESTADO]) VALUES (12, 12, 5, N'Montes_Araya@gmail,com', N'57893', N'1')
GO
INSERT [dbo].[USUARIO] ([IDUSUARIO], [IDEMPLEADO], [IDTIPO_USUARIO], [LOGEO], [CLAVE], [ESTADO]) VALUES (13, 13, 5, N'Ochoa_Riquelme@gmail,com', N'56753', N'1')
GO
INSERT [dbo].[USUARIO] ([IDUSUARIO], [IDEMPLEADO], [IDTIPO_USUARIO], [LOGEO], [CLAVE], [ESTADO]) VALUES (14, 14, 5, N'Sánchez_Andrade@gmail,com', N'45865', N'1')
GO
INSERT [dbo].[USUARIO] ([IDUSUARIO], [IDEMPLEADO], [IDTIPO_USUARIO], [LOGEO], [CLAVE], [ESTADO]) VALUES (15, 15, 5, N'Urrutia_Salas@gmail,com', N'95868', N'1')
GO
INSERT [dbo].[USUARIO] ([IDUSUARIO], [IDEMPLEADO], [IDTIPO_USUARIO], [LOGEO], [CLAVE], [ESTADO]) VALUES (16, 16, 5, N'Delgado_Barrios@gmail,com', N'15685', N'1')
GO
INSERT [dbo].[USUARIO] ([IDUSUARIO], [IDEMPLEADO], [IDTIPO_USUARIO], [LOGEO], [CLAVE], [ESTADO]) VALUES (17, 17, 5, N'Cruz_Escobar@gmail,com', N'21415', N'1')
GO
INSERT [dbo].[USUARIO] ([IDUSUARIO], [IDEMPLEADO], [IDTIPO_USUARIO], [LOGEO], [CLAVE], [ESTADO]) VALUES (18, 18, 5, N'Guzmán_Córdova@gmail,com', N'29799', N'1')
GO
INSERT [dbo].[USUARIO] ([IDUSUARIO], [IDEMPLEADO], [IDTIPO_USUARIO], [LOGEO], [CLAVE], [ESTADO]) VALUES (19, 19, 5, N'Flores_Acevedo@gmail,com', N'69313', N'1')
GO
INSERT [dbo].[USUARIO] ([IDUSUARIO], [IDEMPLEADO], [IDTIPO_USUARIO], [LOGEO], [CLAVE], [ESTADO]) VALUES (20, 20, 5, N'Ortega_Novoa@gmail,com', N'34783', N'1')
GO
SET IDENTITY_INSERT [dbo].[USUARIO] OFF
GO
SET IDENTITY_INSERT [dbo].[VENTAS] ON 
GO
INSERT [dbo].[VENTAS] ([IDVENTAS], [IDCLIENTE], [IDMETODO_PAGO], [IDPEDIDO], [IDUSUARIO], [FECHAVENTA], [DOCUMENTO], [MONTOTOTAL], [DESCUENTO], [SUBTOTOTAL], [IGV], [TOTALPAGAR], [ESTADO]) VALUES (1, 1, 2, 1, 3, CAST(N'2023-01-01' AS Date), N'B', CAST(27.00 AS Decimal(6, 2)), NULL, CAST(27.00 AS Decimal(6, 2)), CAST(4.86 AS Decimal(6, 2)), CAST(31.86 AS Decimal(10, 2)), N'1')
GO
INSERT [dbo].[VENTAS] ([IDVENTAS], [IDCLIENTE], [IDMETODO_PAGO], [IDPEDIDO], [IDUSUARIO], [FECHAVENTA], [DOCUMENTO], [MONTOTOTAL], [DESCUENTO], [SUBTOTOTAL], [IGV], [TOTALPAGAR], [ESTADO]) VALUES (2, 2, 3, 2, 3, CAST(N'2023-01-03' AS Date), N'B', CAST(8.00 AS Decimal(6, 2)), NULL, CAST(8.00 AS Decimal(6, 2)), CAST(1.44 AS Decimal(6, 2)), CAST(9.44 AS Decimal(10, 2)), N'1')
GO
INSERT [dbo].[VENTAS] ([IDVENTAS], [IDCLIENTE], [IDMETODO_PAGO], [IDPEDIDO], [IDUSUARIO], [FECHAVENTA], [DOCUMENTO], [MONTOTOTAL], [DESCUENTO], [SUBTOTOTAL], [IGV], [TOTALPAGAR], [ESTADO]) VALUES (3, 3, 6, 3, 3, CAST(N'2023-01-05' AS Date), N'B', CAST(17.00 AS Decimal(6, 2)), NULL, CAST(17.00 AS Decimal(6, 2)), CAST(3.06 AS Decimal(6, 2)), CAST(20.06 AS Decimal(10, 2)), N'1')
GO
INSERT [dbo].[VENTAS] ([IDVENTAS], [IDCLIENTE], [IDMETODO_PAGO], [IDPEDIDO], [IDUSUARIO], [FECHAVENTA], [DOCUMENTO], [MONTOTOTAL], [DESCUENTO], [SUBTOTOTAL], [IGV], [TOTALPAGAR], [ESTADO]) VALUES (4, 4, 1, 4, 4, CAST(N'2023-01-06' AS Date), N'B', CAST(17.00 AS Decimal(6, 2)), NULL, CAST(17.00 AS Decimal(6, 2)), CAST(3.06 AS Decimal(6, 2)), CAST(20.06 AS Decimal(10, 2)), N'1')
GO
INSERT [dbo].[VENTAS] ([IDVENTAS], [IDCLIENTE], [IDMETODO_PAGO], [IDPEDIDO], [IDUSUARIO], [FECHAVENTA], [DOCUMENTO], [MONTOTOTAL], [DESCUENTO], [SUBTOTOTAL], [IGV], [TOTALPAGAR], [ESTADO]) VALUES (5, 5, 4, 5, 3, CAST(N'2023-01-07' AS Date), N'B', CAST(4.00 AS Decimal(6, 2)), NULL, CAST(4.00 AS Decimal(6, 2)), CAST(0.72 AS Decimal(6, 2)), CAST(4.72 AS Decimal(10, 2)), N'1')
GO
INSERT [dbo].[VENTAS] ([IDVENTAS], [IDCLIENTE], [IDMETODO_PAGO], [IDPEDIDO], [IDUSUARIO], [FECHAVENTA], [DOCUMENTO], [MONTOTOTAL], [DESCUENTO], [SUBTOTOTAL], [IGV], [TOTALPAGAR], [ESTADO]) VALUES (6, 6, 3, 6, 3, CAST(N'2023-01-08' AS Date), N'B', CAST(60.00 AS Decimal(6, 2)), NULL, CAST(60.00 AS Decimal(6, 2)), CAST(10.80 AS Decimal(6, 2)), CAST(70.80 AS Decimal(10, 2)), N'1')
GO
INSERT [dbo].[VENTAS] ([IDVENTAS], [IDCLIENTE], [IDMETODO_PAGO], [IDPEDIDO], [IDUSUARIO], [FECHAVENTA], [DOCUMENTO], [MONTOTOTAL], [DESCUENTO], [SUBTOTOTAL], [IGV], [TOTALPAGAR], [ESTADO]) VALUES (7, 7, 2, 7, 4, CAST(N'2023-01-09' AS Date), N'B', CAST(68.00 AS Decimal(6, 2)), NULL, CAST(68.00 AS Decimal(6, 2)), CAST(12.24 AS Decimal(6, 2)), CAST(80.24 AS Decimal(10, 2)), N'1')
GO
INSERT [dbo].[VENTAS] ([IDVENTAS], [IDCLIENTE], [IDMETODO_PAGO], [IDPEDIDO], [IDUSUARIO], [FECHAVENTA], [DOCUMENTO], [MONTOTOTAL], [DESCUENTO], [SUBTOTOTAL], [IGV], [TOTALPAGAR], [ESTADO]) VALUES (8, 8, 1, 8, 3, CAST(N'2023-01-10' AS Date), N'B', CAST(6.50 AS Decimal(6, 2)), NULL, CAST(6.50 AS Decimal(6, 2)), CAST(1.17 AS Decimal(6, 2)), CAST(7.67 AS Decimal(10, 2)), N'1')
GO
INSERT [dbo].[VENTAS] ([IDVENTAS], [IDCLIENTE], [IDMETODO_PAGO], [IDPEDIDO], [IDUSUARIO], [FECHAVENTA], [DOCUMENTO], [MONTOTOTAL], [DESCUENTO], [SUBTOTOTAL], [IGV], [TOTALPAGAR], [ESTADO]) VALUES (9, 9, 5, 9, 3, CAST(N'2023-01-11' AS Date), N'B', CAST(130.00 AS Decimal(6, 2)), NULL, CAST(130.00 AS Decimal(6, 2)), CAST(23.40 AS Decimal(6, 2)), CAST(153.40 AS Decimal(10, 2)), N'1')
GO
INSERT [dbo].[VENTAS] ([IDVENTAS], [IDCLIENTE], [IDMETODO_PAGO], [IDPEDIDO], [IDUSUARIO], [FECHAVENTA], [DOCUMENTO], [MONTOTOTAL], [DESCUENTO], [SUBTOTOTAL], [IGV], [TOTALPAGAR], [ESTADO]) VALUES (10, 10, 6, 10, 3, CAST(N'2023-01-12' AS Date), N'B', CAST(394.00 AS Decimal(6, 2)), NULL, CAST(394.00 AS Decimal(6, 2)), CAST(70.92 AS Decimal(6, 2)), CAST(464.92 AS Decimal(10, 2)), N'1')
GO
INSERT [dbo].[VENTAS] ([IDVENTAS], [IDCLIENTE], [IDMETODO_PAGO], [IDPEDIDO], [IDUSUARIO], [FECHAVENTA], [DOCUMENTO], [MONTOTOTAL], [DESCUENTO], [SUBTOTOTAL], [IGV], [TOTALPAGAR], [ESTADO]) VALUES (11, 11, 3, 11, 3, CAST(N'2023-01-13' AS Date), N'B', CAST(96.00 AS Decimal(6, 2)), NULL, CAST(96.00 AS Decimal(6, 2)), CAST(17.28 AS Decimal(6, 2)), CAST(113.28 AS Decimal(10, 2)), N'1')
GO
INSERT [dbo].[VENTAS] ([IDVENTAS], [IDCLIENTE], [IDMETODO_PAGO], [IDPEDIDO], [IDUSUARIO], [FECHAVENTA], [DOCUMENTO], [MONTOTOTAL], [DESCUENTO], [SUBTOTOTAL], [IGV], [TOTALPAGAR], [ESTADO]) VALUES (12, 12, 1, 12, 4, CAST(N'2023-01-14' AS Date), N'B', CAST(117.00 AS Decimal(6, 2)), NULL, CAST(117.00 AS Decimal(6, 2)), CAST(21.06 AS Decimal(6, 2)), CAST(138.06 AS Decimal(10, 2)), N'1')
GO
INSERT [dbo].[VENTAS] ([IDVENTAS], [IDCLIENTE], [IDMETODO_PAGO], [IDPEDIDO], [IDUSUARIO], [FECHAVENTA], [DOCUMENTO], [MONTOTOTAL], [DESCUENTO], [SUBTOTOTAL], [IGV], [TOTALPAGAR], [ESTADO]) VALUES (13, 13, 2, 13, 3, CAST(N'2023-01-15' AS Date), N'B', CAST(130.00 AS Decimal(6, 2)), NULL, CAST(130.00 AS Decimal(6, 2)), CAST(23.40 AS Decimal(6, 2)), CAST(153.40 AS Decimal(10, 2)), N'1')
GO
INSERT [dbo].[VENTAS] ([IDVENTAS], [IDCLIENTE], [IDMETODO_PAGO], [IDPEDIDO], [IDUSUARIO], [FECHAVENTA], [DOCUMENTO], [MONTOTOTAL], [DESCUENTO], [SUBTOTOTAL], [IGV], [TOTALPAGAR], [ESTADO]) VALUES (14, 14, 4, 14, 2, CAST(N'2023-01-16' AS Date), N'B', CAST(57.00 AS Decimal(6, 2)), NULL, CAST(57.00 AS Decimal(6, 2)), CAST(10.26 AS Decimal(6, 2)), CAST(67.26 AS Decimal(10, 2)), N'1')
GO
INSERT [dbo].[VENTAS] ([IDVENTAS], [IDCLIENTE], [IDMETODO_PAGO], [IDPEDIDO], [IDUSUARIO], [FECHAVENTA], [DOCUMENTO], [MONTOTOTAL], [DESCUENTO], [SUBTOTOTAL], [IGV], [TOTALPAGAR], [ESTADO]) VALUES (15, 15, 5, 15, 3, CAST(N'2023-01-17' AS Date), N'B', CAST(4.00 AS Decimal(6, 2)), NULL, CAST(4.00 AS Decimal(6, 2)), CAST(0.72 AS Decimal(6, 2)), CAST(4.72 AS Decimal(10, 2)), N'1')
GO
INSERT [dbo].[VENTAS] ([IDVENTAS], [IDCLIENTE], [IDMETODO_PAGO], [IDPEDIDO], [IDUSUARIO], [FECHAVENTA], [DOCUMENTO], [MONTOTOTAL], [DESCUENTO], [SUBTOTOTAL], [IGV], [TOTALPAGAR], [ESTADO]) VALUES (16, 16, 3, 16, 1, CAST(N'2023-01-18' AS Date), N'B', CAST(30.00 AS Decimal(6, 2)), NULL, CAST(30.00 AS Decimal(6, 2)), CAST(5.40 AS Decimal(6, 2)), CAST(35.40 AS Decimal(10, 2)), N'1')
GO
INSERT [dbo].[VENTAS] ([IDVENTAS], [IDCLIENTE], [IDMETODO_PAGO], [IDPEDIDO], [IDUSUARIO], [FECHAVENTA], [DOCUMENTO], [MONTOTOTAL], [DESCUENTO], [SUBTOTOTAL], [IGV], [TOTALPAGAR], [ESTADO]) VALUES (17, 17, 1, 17, 3, CAST(N'2023-01-19' AS Date), N'B', CAST(68.00 AS Decimal(6, 2)), NULL, CAST(68.00 AS Decimal(6, 2)), CAST(12.24 AS Decimal(6, 2)), CAST(80.24 AS Decimal(10, 2)), N'1')
GO
INSERT [dbo].[VENTAS] ([IDVENTAS], [IDCLIENTE], [IDMETODO_PAGO], [IDPEDIDO], [IDUSUARIO], [FECHAVENTA], [DOCUMENTO], [MONTOTOTAL], [DESCUENTO], [SUBTOTOTAL], [IGV], [TOTALPAGAR], [ESTADO]) VALUES (18, 18, 6, 18, 3, CAST(N'2023-01-20' AS Date), N'B', CAST(69.00 AS Decimal(6, 2)), NULL, CAST(69.00 AS Decimal(6, 2)), CAST(12.42 AS Decimal(6, 2)), CAST(81.42 AS Decimal(10, 2)), N'1')
GO
INSERT [dbo].[VENTAS] ([IDVENTAS], [IDCLIENTE], [IDMETODO_PAGO], [IDPEDIDO], [IDUSUARIO], [FECHAVENTA], [DOCUMENTO], [MONTOTOTAL], [DESCUENTO], [SUBTOTOTAL], [IGV], [TOTALPAGAR], [ESTADO]) VALUES (19, 19, 5, 19, 1, CAST(N'2023-01-21' AS Date), N'B', CAST(6.00 AS Decimal(6, 2)), NULL, CAST(6.00 AS Decimal(6, 2)), CAST(1.08 AS Decimal(6, 2)), CAST(7.08 AS Decimal(10, 2)), N'1')
GO
INSERT [dbo].[VENTAS] ([IDVENTAS], [IDCLIENTE], [IDMETODO_PAGO], [IDPEDIDO], [IDUSUARIO], [FECHAVENTA], [DOCUMENTO], [MONTOTOTAL], [DESCUENTO], [SUBTOTOTAL], [IGV], [TOTALPAGAR], [ESTADO]) VALUES (20, 20, 4, 20, 3, CAST(N'2023-01-22' AS Date), N'B', CAST(74.00 AS Decimal(6, 2)), NULL, CAST(74.00 AS Decimal(6, 2)), CAST(13.32 AS Decimal(6, 2)), CAST(87.32 AS Decimal(10, 2)), N'1')
GO
INSERT [dbo].[VENTAS] ([IDVENTAS], [IDCLIENTE], [IDMETODO_PAGO], [IDPEDIDO], [IDUSUARIO], [FECHAVENTA], [DOCUMENTO], [MONTOTOTAL], [DESCUENTO], [SUBTOTOTAL], [IGV], [TOTALPAGAR], [ESTADO]) VALUES (21, 21, 3, 21, 2, CAST(N'2023-01-23' AS Date), N'B', CAST(32.00 AS Decimal(6, 2)), NULL, CAST(32.00 AS Decimal(6, 2)), CAST(5.76 AS Decimal(6, 2)), CAST(37.76 AS Decimal(10, 2)), N'1')
GO
INSERT [dbo].[VENTAS] ([IDVENTAS], [IDCLIENTE], [IDMETODO_PAGO], [IDPEDIDO], [IDUSUARIO], [FECHAVENTA], [DOCUMENTO], [MONTOTOTAL], [DESCUENTO], [SUBTOTOTAL], [IGV], [TOTALPAGAR], [ESTADO]) VALUES (22, 22, 2, 22, 3, CAST(N'2023-01-24' AS Date), N'B', CAST(18.00 AS Decimal(6, 2)), NULL, CAST(18.00 AS Decimal(6, 2)), CAST(3.24 AS Decimal(6, 2)), CAST(21.24 AS Decimal(10, 2)), N'1')
GO
INSERT [dbo].[VENTAS] ([IDVENTAS], [IDCLIENTE], [IDMETODO_PAGO], [IDPEDIDO], [IDUSUARIO], [FECHAVENTA], [DOCUMENTO], [MONTOTOTAL], [DESCUENTO], [SUBTOTOTAL], [IGV], [TOTALPAGAR], [ESTADO]) VALUES (23, 23, 1, 23, 3, CAST(N'2023-01-25' AS Date), N'B', CAST(46.00 AS Decimal(6, 2)), NULL, CAST(46.00 AS Decimal(6, 2)), CAST(8.28 AS Decimal(6, 2)), CAST(54.28 AS Decimal(10, 2)), N'1')
GO
INSERT [dbo].[VENTAS] ([IDVENTAS], [IDCLIENTE], [IDMETODO_PAGO], [IDPEDIDO], [IDUSUARIO], [FECHAVENTA], [DOCUMENTO], [MONTOTOTAL], [DESCUENTO], [SUBTOTOTAL], [IGV], [TOTALPAGAR], [ESTADO]) VALUES (24, 24, 6, 24, 4, CAST(N'2023-01-26' AS Date), N'B', CAST(6.00 AS Decimal(6, 2)), NULL, CAST(6.00 AS Decimal(6, 2)), CAST(1.08 AS Decimal(6, 2)), CAST(7.08 AS Decimal(10, 2)), N'1')
GO
INSERT [dbo].[VENTAS] ([IDVENTAS], [IDCLIENTE], [IDMETODO_PAGO], [IDPEDIDO], [IDUSUARIO], [FECHAVENTA], [DOCUMENTO], [MONTOTOTAL], [DESCUENTO], [SUBTOTOTAL], [IGV], [TOTALPAGAR], [ESTADO]) VALUES (25, 25, 5, 25, 3, CAST(N'2023-01-27' AS Date), N'B', CAST(24.00 AS Decimal(6, 2)), NULL, CAST(24.00 AS Decimal(6, 2)), CAST(4.32 AS Decimal(6, 2)), CAST(28.32 AS Decimal(10, 2)), N'1')
GO
INSERT [dbo].[VENTAS] ([IDVENTAS], [IDCLIENTE], [IDMETODO_PAGO], [IDPEDIDO], [IDUSUARIO], [FECHAVENTA], [DOCUMENTO], [MONTOTOTAL], [DESCUENTO], [SUBTOTOTAL], [IGV], [TOTALPAGAR], [ESTADO]) VALUES (26, 26, 3, 26, 3, CAST(N'2023-01-28' AS Date), N'B', CAST(11.00 AS Decimal(6, 2)), NULL, CAST(11.00 AS Decimal(6, 2)), CAST(1.98 AS Decimal(6, 2)), CAST(12.98 AS Decimal(10, 2)), N'1')
GO
INSERT [dbo].[VENTAS] ([IDVENTAS], [IDCLIENTE], [IDMETODO_PAGO], [IDPEDIDO], [IDUSUARIO], [FECHAVENTA], [DOCUMENTO], [MONTOTOTAL], [DESCUENTO], [SUBTOTOTAL], [IGV], [TOTALPAGAR], [ESTADO]) VALUES (27, 27, 1, 27, 3, CAST(N'2023-01-29' AS Date), N'B', CAST(54.00 AS Decimal(6, 2)), NULL, CAST(54.00 AS Decimal(6, 2)), CAST(9.72 AS Decimal(6, 2)), CAST(63.72 AS Decimal(10, 2)), N'1')
GO
INSERT [dbo].[VENTAS] ([IDVENTAS], [IDCLIENTE], [IDMETODO_PAGO], [IDPEDIDO], [IDUSUARIO], [FECHAVENTA], [DOCUMENTO], [MONTOTOTAL], [DESCUENTO], [SUBTOTOTAL], [IGV], [TOTALPAGAR], [ESTADO]) VALUES (28, 28, 2, 28, 3, CAST(N'2023-01-30' AS Date), N'B', CAST(34.00 AS Decimal(6, 2)), NULL, CAST(34.00 AS Decimal(6, 2)), CAST(6.12 AS Decimal(6, 2)), CAST(40.12 AS Decimal(10, 2)), N'1')
GO
INSERT [dbo].[VENTAS] ([IDVENTAS], [IDCLIENTE], [IDMETODO_PAGO], [IDPEDIDO], [IDUSUARIO], [FECHAVENTA], [DOCUMENTO], [MONTOTOTAL], [DESCUENTO], [SUBTOTOTAL], [IGV], [TOTALPAGAR], [ESTADO]) VALUES (29, 29, 5, 29, 3, CAST(N'2023-01-31' AS Date), N'B', CAST(27.50 AS Decimal(6, 2)), NULL, CAST(27.50 AS Decimal(6, 2)), CAST(4.95 AS Decimal(6, 2)), CAST(32.45 AS Decimal(10, 2)), N'1')
GO
INSERT [dbo].[VENTAS] ([IDVENTAS], [IDCLIENTE], [IDMETODO_PAGO], [IDPEDIDO], [IDUSUARIO], [FECHAVENTA], [DOCUMENTO], [MONTOTOTAL], [DESCUENTO], [SUBTOTOTAL], [IGV], [TOTALPAGAR], [ESTADO]) VALUES (30, 30, 4, 30, 3, CAST(N'2023-02-01' AS Date), N'B', CAST(12.00 AS Decimal(6, 2)), NULL, CAST(12.00 AS Decimal(6, 2)), CAST(2.16 AS Decimal(6, 2)), CAST(14.16 AS Decimal(10, 2)), N'1')
GO
INSERT [dbo].[VENTAS] ([IDVENTAS], [IDCLIENTE], [IDMETODO_PAGO], [IDPEDIDO], [IDUSUARIO], [FECHAVENTA], [DOCUMENTO], [MONTOTOTAL], [DESCUENTO], [SUBTOTOTAL], [IGV], [TOTALPAGAR], [ESTADO]) VALUES (31, 31, 3, 31, 4, CAST(N'2023-02-02' AS Date), N'B', CAST(15.00 AS Decimal(6, 2)), NULL, CAST(15.00 AS Decimal(6, 2)), CAST(2.70 AS Decimal(6, 2)), CAST(17.70 AS Decimal(10, 2)), N'1')
GO
INSERT [dbo].[VENTAS] ([IDVENTAS], [IDCLIENTE], [IDMETODO_PAGO], [IDPEDIDO], [IDUSUARIO], [FECHAVENTA], [DOCUMENTO], [MONTOTOTAL], [DESCUENTO], [SUBTOTOTAL], [IGV], [TOTALPAGAR], [ESTADO]) VALUES (32, 32, 2, 32, 3, CAST(N'2023-02-03' AS Date), N'B', CAST(20.00 AS Decimal(6, 2)), NULL, CAST(20.00 AS Decimal(6, 2)), CAST(3.60 AS Decimal(6, 2)), CAST(23.60 AS Decimal(10, 2)), N'1')
GO
INSERT [dbo].[VENTAS] ([IDVENTAS], [IDCLIENTE], [IDMETODO_PAGO], [IDPEDIDO], [IDUSUARIO], [FECHAVENTA], [DOCUMENTO], [MONTOTOTAL], [DESCUENTO], [SUBTOTOTAL], [IGV], [TOTALPAGAR], [ESTADO]) VALUES (33, 33, 1, 33, 3, CAST(N'2023-02-04' AS Date), N'B', CAST(6.00 AS Decimal(6, 2)), NULL, CAST(6.00 AS Decimal(6, 2)), CAST(1.08 AS Decimal(6, 2)), CAST(7.08 AS Decimal(10, 2)), N'1')
GO
INSERT [dbo].[VENTAS] ([IDVENTAS], [IDCLIENTE], [IDMETODO_PAGO], [IDPEDIDO], [IDUSUARIO], [FECHAVENTA], [DOCUMENTO], [MONTOTOTAL], [DESCUENTO], [SUBTOTOTAL], [IGV], [TOTALPAGAR], [ESTADO]) VALUES (34, 34, 4, 34, 3, CAST(N'2023-02-05' AS Date), N'B', CAST(24.00 AS Decimal(6, 2)), NULL, CAST(24.00 AS Decimal(6, 2)), CAST(4.32 AS Decimal(6, 2)), CAST(28.32 AS Decimal(10, 2)), N'1')
GO
INSERT [dbo].[VENTAS] ([IDVENTAS], [IDCLIENTE], [IDMETODO_PAGO], [IDPEDIDO], [IDUSUARIO], [FECHAVENTA], [DOCUMENTO], [MONTOTOTAL], [DESCUENTO], [SUBTOTOTAL], [IGV], [TOTALPAGAR], [ESTADO]) VALUES (35, 35, 5, 35, 3, CAST(N'2023-02-06' AS Date), N'B', CAST(16.00 AS Decimal(6, 2)), NULL, CAST(16.00 AS Decimal(6, 2)), CAST(2.88 AS Decimal(6, 2)), CAST(18.88 AS Decimal(10, 2)), N'1')
GO
INSERT [dbo].[VENTAS] ([IDVENTAS], [IDCLIENTE], [IDMETODO_PAGO], [IDPEDIDO], [IDUSUARIO], [FECHAVENTA], [DOCUMENTO], [MONTOTOTAL], [DESCUENTO], [SUBTOTOTAL], [IGV], [TOTALPAGAR], [ESTADO]) VALUES (36, 36, 3, 36, 3, CAST(N'2023-02-07' AS Date), N'B', CAST(109.50 AS Decimal(6, 2)), NULL, CAST(109.50 AS Decimal(6, 2)), CAST(19.71 AS Decimal(6, 2)), CAST(129.21 AS Decimal(10, 2)), N'1')
GO
INSERT [dbo].[VENTAS] ([IDVENTAS], [IDCLIENTE], [IDMETODO_PAGO], [IDPEDIDO], [IDUSUARIO], [FECHAVENTA], [DOCUMENTO], [MONTOTOTAL], [DESCUENTO], [SUBTOTOTAL], [IGV], [TOTALPAGAR], [ESTADO]) VALUES (37, 37, 1, 37, 4, CAST(N'2023-02-08' AS Date), N'B', CAST(48.00 AS Decimal(6, 2)), NULL, CAST(48.00 AS Decimal(6, 2)), CAST(8.64 AS Decimal(6, 2)), CAST(56.64 AS Decimal(10, 2)), N'1')
GO
INSERT [dbo].[VENTAS] ([IDVENTAS], [IDCLIENTE], [IDMETODO_PAGO], [IDPEDIDO], [IDUSUARIO], [FECHAVENTA], [DOCUMENTO], [MONTOTOTAL], [DESCUENTO], [SUBTOTOTAL], [IGV], [TOTALPAGAR], [ESTADO]) VALUES (38, 38, 2, 38, 3, CAST(N'2023-02-09' AS Date), N'B', CAST(300.00 AS Decimal(6, 2)), NULL, CAST(300.00 AS Decimal(6, 2)), CAST(54.00 AS Decimal(6, 2)), CAST(354.00 AS Decimal(10, 2)), N'1')
GO
INSERT [dbo].[VENTAS] ([IDVENTAS], [IDCLIENTE], [IDMETODO_PAGO], [IDPEDIDO], [IDUSUARIO], [FECHAVENTA], [DOCUMENTO], [MONTOTOTAL], [DESCUENTO], [SUBTOTOTAL], [IGV], [TOTALPAGAR], [ESTADO]) VALUES (39, 39, 4, 39, 3, CAST(N'2023-02-10' AS Date), N'B', CAST(72.00 AS Decimal(6, 2)), NULL, CAST(72.00 AS Decimal(6, 2)), CAST(12.96 AS Decimal(6, 2)), CAST(84.96 AS Decimal(10, 2)), N'1')
GO
INSERT [dbo].[VENTAS] ([IDVENTAS], [IDCLIENTE], [IDMETODO_PAGO], [IDPEDIDO], [IDUSUARIO], [FECHAVENTA], [DOCUMENTO], [MONTOTOTAL], [DESCUENTO], [SUBTOTOTAL], [IGV], [TOTALPAGAR], [ESTADO]) VALUES (40, 40, 5, 40, 3, CAST(N'2023-02-11' AS Date), N'B', CAST(21.00 AS Decimal(6, 2)), NULL, CAST(21.00 AS Decimal(6, 2)), CAST(3.78 AS Decimal(6, 2)), CAST(24.78 AS Decimal(10, 2)), N'1')
GO
INSERT [dbo].[VENTAS] ([IDVENTAS], [IDCLIENTE], [IDMETODO_PAGO], [IDPEDIDO], [IDUSUARIO], [FECHAVENTA], [DOCUMENTO], [MONTOTOTAL], [DESCUENTO], [SUBTOTOTAL], [IGV], [TOTALPAGAR], [ESTADO]) VALUES (41, 41, 3, 41, 3, CAST(N'2023-02-12' AS Date), N'B', CAST(26.00 AS Decimal(6, 2)), NULL, CAST(26.00 AS Decimal(6, 2)), CAST(4.68 AS Decimal(6, 2)), CAST(30.68 AS Decimal(10, 2)), N'1')
GO
INSERT [dbo].[VENTAS] ([IDVENTAS], [IDCLIENTE], [IDMETODO_PAGO], [IDPEDIDO], [IDUSUARIO], [FECHAVENTA], [DOCUMENTO], [MONTOTOTAL], [DESCUENTO], [SUBTOTOTAL], [IGV], [TOTALPAGAR], [ESTADO]) VALUES (42, 42, 2, 42, 3, CAST(N'2023-02-13' AS Date), N'B', CAST(40.00 AS Decimal(6, 2)), NULL, CAST(40.00 AS Decimal(6, 2)), CAST(7.20 AS Decimal(6, 2)), CAST(47.20 AS Decimal(10, 2)), N'1')
GO
INSERT [dbo].[VENTAS] ([IDVENTAS], [IDCLIENTE], [IDMETODO_PAGO], [IDPEDIDO], [IDUSUARIO], [FECHAVENTA], [DOCUMENTO], [MONTOTOTAL], [DESCUENTO], [SUBTOTOTAL], [IGV], [TOTALPAGAR], [ESTADO]) VALUES (43, 43, 1, 43, 1, CAST(N'2023-02-14' AS Date), N'B', CAST(105.00 AS Decimal(6, 2)), NULL, CAST(105.00 AS Decimal(6, 2)), CAST(18.90 AS Decimal(6, 2)), CAST(123.90 AS Decimal(10, 2)), N'1')
GO
INSERT [dbo].[VENTAS] ([IDVENTAS], [IDCLIENTE], [IDMETODO_PAGO], [IDPEDIDO], [IDUSUARIO], [FECHAVENTA], [DOCUMENTO], [MONTOTOTAL], [DESCUENTO], [SUBTOTOTAL], [IGV], [TOTALPAGAR], [ESTADO]) VALUES (44, 44, 4, 44, 3, CAST(N'2023-02-15' AS Date), N'B', CAST(322.00 AS Decimal(6, 2)), NULL, CAST(322.00 AS Decimal(6, 2)), CAST(57.96 AS Decimal(6, 2)), CAST(379.96 AS Decimal(10, 2)), N'1')
GO
INSERT [dbo].[VENTAS] ([IDVENTAS], [IDCLIENTE], [IDMETODO_PAGO], [IDPEDIDO], [IDUSUARIO], [FECHAVENTA], [DOCUMENTO], [MONTOTOTAL], [DESCUENTO], [SUBTOTOTAL], [IGV], [TOTALPAGAR], [ESTADO]) VALUES (45, 45, 5, 45, 3, CAST(N'2023-02-16' AS Date), N'B', CAST(48.00 AS Decimal(6, 2)), NULL, CAST(48.00 AS Decimal(6, 2)), CAST(8.64 AS Decimal(6, 2)), CAST(56.64 AS Decimal(10, 2)), N'1')
GO
INSERT [dbo].[VENTAS] ([IDVENTAS], [IDCLIENTE], [IDMETODO_PAGO], [IDPEDIDO], [IDUSUARIO], [FECHAVENTA], [DOCUMENTO], [MONTOTOTAL], [DESCUENTO], [SUBTOTOTAL], [IGV], [TOTALPAGAR], [ESTADO]) VALUES (46, 46, 3, 46, 3, CAST(N'2023-02-17' AS Date), N'B', CAST(44.00 AS Decimal(6, 2)), NULL, CAST(44.00 AS Decimal(6, 2)), CAST(7.92 AS Decimal(6, 2)), CAST(51.92 AS Decimal(10, 2)), N'1')
GO
INSERT [dbo].[VENTAS] ([IDVENTAS], [IDCLIENTE], [IDMETODO_PAGO], [IDPEDIDO], [IDUSUARIO], [FECHAVENTA], [DOCUMENTO], [MONTOTOTAL], [DESCUENTO], [SUBTOTOTAL], [IGV], [TOTALPAGAR], [ESTADO]) VALUES (47, 47, 1, 47, 3, CAST(N'2023-02-18' AS Date), N'B', CAST(51.00 AS Decimal(6, 2)), NULL, CAST(51.00 AS Decimal(6, 2)), CAST(9.18 AS Decimal(6, 2)), CAST(60.18 AS Decimal(10, 2)), N'1')
GO
INSERT [dbo].[VENTAS] ([IDVENTAS], [IDCLIENTE], [IDMETODO_PAGO], [IDPEDIDO], [IDUSUARIO], [FECHAVENTA], [DOCUMENTO], [MONTOTOTAL], [DESCUENTO], [SUBTOTOTAL], [IGV], [TOTALPAGAR], [ESTADO]) VALUES (48, 48, 2, 48, 3, CAST(N'2023-02-19' AS Date), N'B', CAST(48.00 AS Decimal(6, 2)), NULL, CAST(48.00 AS Decimal(6, 2)), CAST(8.64 AS Decimal(6, 2)), CAST(56.64 AS Decimal(10, 2)), N'1')
GO
INSERT [dbo].[VENTAS] ([IDVENTAS], [IDCLIENTE], [IDMETODO_PAGO], [IDPEDIDO], [IDUSUARIO], [FECHAVENTA], [DOCUMENTO], [MONTOTOTAL], [DESCUENTO], [SUBTOTOTAL], [IGV], [TOTALPAGAR], [ESTADO]) VALUES (49, 49, 5, 49, 3, CAST(N'2023-02-20' AS Date), N'B', CAST(15.00 AS Decimal(6, 2)), NULL, CAST(15.00 AS Decimal(6, 2)), CAST(2.70 AS Decimal(6, 2)), CAST(17.70 AS Decimal(10, 2)), N'1')
GO
INSERT [dbo].[VENTAS] ([IDVENTAS], [IDCLIENTE], [IDMETODO_PAGO], [IDPEDIDO], [IDUSUARIO], [FECHAVENTA], [DOCUMENTO], [MONTOTOTAL], [DESCUENTO], [SUBTOTOTAL], [IGV], [TOTALPAGAR], [ESTADO]) VALUES (50, 50, 4, 50, 3, CAST(N'2023-02-21' AS Date), N'B', CAST(9.00 AS Decimal(6, 2)), NULL, CAST(9.00 AS Decimal(6, 2)), CAST(1.62 AS Decimal(6, 2)), CAST(10.62 AS Decimal(10, 2)), N'1')
GO
INSERT [dbo].[VENTAS] ([IDVENTAS], [IDCLIENTE], [IDMETODO_PAGO], [IDPEDIDO], [IDUSUARIO], [FECHAVENTA], [DOCUMENTO], [MONTOTOTAL], [DESCUENTO], [SUBTOTOTAL], [IGV], [TOTALPAGAR], [ESTADO]) VALUES (51, 51, 3, 51, 1, CAST(N'2023-02-22' AS Date), N'B', CAST(10.00 AS Decimal(6, 2)), NULL, CAST(10.00 AS Decimal(6, 2)), CAST(1.80 AS Decimal(6, 2)), CAST(11.80 AS Decimal(10, 2)), N'1')
GO
INSERT [dbo].[VENTAS] ([IDVENTAS], [IDCLIENTE], [IDMETODO_PAGO], [IDPEDIDO], [IDUSUARIO], [FECHAVENTA], [DOCUMENTO], [MONTOTOTAL], [DESCUENTO], [SUBTOTOTAL], [IGV], [TOTALPAGAR], [ESTADO]) VALUES (52, 52, 6, 52, 3, CAST(N'2023-02-23' AS Date), N'B', CAST(15.00 AS Decimal(6, 2)), NULL, CAST(15.00 AS Decimal(6, 2)), CAST(2.70 AS Decimal(6, 2)), CAST(17.70 AS Decimal(10, 2)), N'1')
GO
INSERT [dbo].[VENTAS] ([IDVENTAS], [IDCLIENTE], [IDMETODO_PAGO], [IDPEDIDO], [IDUSUARIO], [FECHAVENTA], [DOCUMENTO], [MONTOTOTAL], [DESCUENTO], [SUBTOTOTAL], [IGV], [TOTALPAGAR], [ESTADO]) VALUES (53, 53, 1, 53, 3, CAST(N'2023-02-24' AS Date), N'B', CAST(6.00 AS Decimal(6, 2)), NULL, CAST(6.00 AS Decimal(6, 2)), CAST(1.08 AS Decimal(6, 2)), CAST(7.08 AS Decimal(10, 2)), N'1')
GO
INSERT [dbo].[VENTAS] ([IDVENTAS], [IDCLIENTE], [IDMETODO_PAGO], [IDPEDIDO], [IDUSUARIO], [FECHAVENTA], [DOCUMENTO], [MONTOTOTAL], [DESCUENTO], [SUBTOTOTAL], [IGV], [TOTALPAGAR], [ESTADO]) VALUES (54, 54, 4, 54, 2, CAST(N'2023-02-25' AS Date), N'B', CAST(36.00 AS Decimal(6, 2)), NULL, CAST(36.00 AS Decimal(6, 2)), CAST(6.48 AS Decimal(6, 2)), CAST(42.48 AS Decimal(10, 2)), N'1')
GO
INSERT [dbo].[VENTAS] ([IDVENTAS], [IDCLIENTE], [IDMETODO_PAGO], [IDPEDIDO], [IDUSUARIO], [FECHAVENTA], [DOCUMENTO], [MONTOTOTAL], [DESCUENTO], [SUBTOTOTAL], [IGV], [TOTALPAGAR], [ESTADO]) VALUES (55, 55, 5, 55, 3, CAST(N'2023-02-26' AS Date), N'B', CAST(30.00 AS Decimal(6, 2)), NULL, CAST(30.00 AS Decimal(6, 2)), CAST(5.40 AS Decimal(6, 2)), CAST(35.40 AS Decimal(10, 2)), N'1')
GO
INSERT [dbo].[VENTAS] ([IDVENTAS], [IDCLIENTE], [IDMETODO_PAGO], [IDPEDIDO], [IDUSUARIO], [FECHAVENTA], [DOCUMENTO], [MONTOTOTAL], [DESCUENTO], [SUBTOTOTAL], [IGV], [TOTALPAGAR], [ESTADO]) VALUES (56, 56, 3, 56, 3, CAST(N'2023-02-27' AS Date), N'B', CAST(54.00 AS Decimal(6, 2)), NULL, CAST(54.00 AS Decimal(6, 2)), CAST(9.72 AS Decimal(6, 2)), CAST(63.72 AS Decimal(10, 2)), N'1')
GO
INSERT [dbo].[VENTAS] ([IDVENTAS], [IDCLIENTE], [IDMETODO_PAGO], [IDPEDIDO], [IDUSUARIO], [FECHAVENTA], [DOCUMENTO], [MONTOTOTAL], [DESCUENTO], [SUBTOTOTAL], [IGV], [TOTALPAGAR], [ESTADO]) VALUES (57, 57, 1, 57, 3, CAST(N'2023-02-28' AS Date), N'B', CAST(64.00 AS Decimal(6, 2)), NULL, CAST(64.00 AS Decimal(6, 2)), CAST(11.52 AS Decimal(6, 2)), CAST(75.52 AS Decimal(10, 2)), N'1')
GO
INSERT [dbo].[VENTAS] ([IDVENTAS], [IDCLIENTE], [IDMETODO_PAGO], [IDPEDIDO], [IDUSUARIO], [FECHAVENTA], [DOCUMENTO], [MONTOTOTAL], [DESCUENTO], [SUBTOTOTAL], [IGV], [TOTALPAGAR], [ESTADO]) VALUES (58, 58, 2, 58, 2, CAST(N'2023-03-01' AS Date), N'B', CAST(4.00 AS Decimal(6, 2)), NULL, CAST(4.00 AS Decimal(6, 2)), CAST(0.72 AS Decimal(6, 2)), CAST(4.72 AS Decimal(10, 2)), N'1')
GO
INSERT [dbo].[VENTAS] ([IDVENTAS], [IDCLIENTE], [IDMETODO_PAGO], [IDPEDIDO], [IDUSUARIO], [FECHAVENTA], [DOCUMENTO], [MONTOTOTAL], [DESCUENTO], [SUBTOTOTAL], [IGV], [TOTALPAGAR], [ESTADO]) VALUES (59, 59, 5, 59, 3, CAST(N'2023-03-02' AS Date), N'B', CAST(6.00 AS Decimal(6, 2)), NULL, CAST(6.00 AS Decimal(6, 2)), CAST(1.08 AS Decimal(6, 2)), CAST(7.08 AS Decimal(10, 2)), N'1')
GO
INSERT [dbo].[VENTAS] ([IDVENTAS], [IDCLIENTE], [IDMETODO_PAGO], [IDPEDIDO], [IDUSUARIO], [FECHAVENTA], [DOCUMENTO], [MONTOTOTAL], [DESCUENTO], [SUBTOTOTAL], [IGV], [TOTALPAGAR], [ESTADO]) VALUES (60, 60, 4, 60, 3, CAST(N'2023-03-03' AS Date), N'B', CAST(96.00 AS Decimal(6, 2)), NULL, CAST(96.00 AS Decimal(6, 2)), CAST(17.28 AS Decimal(6, 2)), CAST(113.28 AS Decimal(10, 2)), N'1')
GO
INSERT [dbo].[VENTAS] ([IDVENTAS], [IDCLIENTE], [IDMETODO_PAGO], [IDPEDIDO], [IDUSUARIO], [FECHAVENTA], [DOCUMENTO], [MONTOTOTAL], [DESCUENTO], [SUBTOTOTAL], [IGV], [TOTALPAGAR], [ESTADO]) VALUES (61, 61, 3, 61, 3, CAST(N'2023-03-04' AS Date), N'B', CAST(75.00 AS Decimal(6, 2)), NULL, CAST(75.00 AS Decimal(6, 2)), CAST(13.50 AS Decimal(6, 2)), CAST(88.50 AS Decimal(10, 2)), N'1')
GO
INSERT [dbo].[VENTAS] ([IDVENTAS], [IDCLIENTE], [IDMETODO_PAGO], [IDPEDIDO], [IDUSUARIO], [FECHAVENTA], [DOCUMENTO], [MONTOTOTAL], [DESCUENTO], [SUBTOTOTAL], [IGV], [TOTALPAGAR], [ESTADO]) VALUES (62, 62, 2, 62, 3, CAST(N'2023-03-05' AS Date), N'B', CAST(27.50 AS Decimal(6, 2)), NULL, CAST(27.50 AS Decimal(6, 2)), CAST(4.95 AS Decimal(6, 2)), CAST(32.45 AS Decimal(10, 2)), N'1')
GO
INSERT [dbo].[VENTAS] ([IDVENTAS], [IDCLIENTE], [IDMETODO_PAGO], [IDPEDIDO], [IDUSUARIO], [FECHAVENTA], [DOCUMENTO], [MONTOTOTAL], [DESCUENTO], [SUBTOTOTAL], [IGV], [TOTALPAGAR], [ESTADO]) VALUES (63, 63, 1, 63, 3, CAST(N'2023-03-06' AS Date), N'B', CAST(15.00 AS Decimal(6, 2)), NULL, CAST(15.00 AS Decimal(6, 2)), CAST(2.70 AS Decimal(6, 2)), CAST(17.70 AS Decimal(10, 2)), N'1')
GO
INSERT [dbo].[VENTAS] ([IDVENTAS], [IDCLIENTE], [IDMETODO_PAGO], [IDPEDIDO], [IDUSUARIO], [FECHAVENTA], [DOCUMENTO], [MONTOTOTAL], [DESCUENTO], [SUBTOTOTAL], [IGV], [TOTALPAGAR], [ESTADO]) VALUES (64, 64, 4, 64, 3, CAST(N'2023-03-07' AS Date), N'B', CAST(68.00 AS Decimal(6, 2)), NULL, CAST(68.00 AS Decimal(6, 2)), CAST(12.24 AS Decimal(6, 2)), CAST(80.24 AS Decimal(10, 2)), N'1')
GO
INSERT [dbo].[VENTAS] ([IDVENTAS], [IDCLIENTE], [IDMETODO_PAGO], [IDPEDIDO], [IDUSUARIO], [FECHAVENTA], [DOCUMENTO], [MONTOTOTAL], [DESCUENTO], [SUBTOTOTAL], [IGV], [TOTALPAGAR], [ESTADO]) VALUES (65, 65, 5, 65, 3, CAST(N'2023-03-08' AS Date), N'B', CAST(48.00 AS Decimal(6, 2)), NULL, CAST(48.00 AS Decimal(6, 2)), CAST(8.64 AS Decimal(6, 2)), CAST(56.64 AS Decimal(10, 2)), N'1')
GO
INSERT [dbo].[VENTAS] ([IDVENTAS], [IDCLIENTE], [IDMETODO_PAGO], [IDPEDIDO], [IDUSUARIO], [FECHAVENTA], [DOCUMENTO], [MONTOTOTAL], [DESCUENTO], [SUBTOTOTAL], [IGV], [TOTALPAGAR], [ESTADO]) VALUES (66, 66, 3, 66, 3, CAST(N'2023-03-09' AS Date), N'B', CAST(36.00 AS Decimal(6, 2)), NULL, CAST(36.00 AS Decimal(6, 2)), CAST(6.48 AS Decimal(6, 2)), CAST(42.48 AS Decimal(10, 2)), N'1')
GO
INSERT [dbo].[VENTAS] ([IDVENTAS], [IDCLIENTE], [IDMETODO_PAGO], [IDPEDIDO], [IDUSUARIO], [FECHAVENTA], [DOCUMENTO], [MONTOTOTAL], [DESCUENTO], [SUBTOTOTAL], [IGV], [TOTALPAGAR], [ESTADO]) VALUES (67, 67, 6, 67, 3, CAST(N'2023-03-10' AS Date), N'B', CAST(14.00 AS Decimal(6, 2)), NULL, CAST(14.00 AS Decimal(6, 2)), CAST(2.52 AS Decimal(6, 2)), CAST(16.52 AS Decimal(10, 2)), N'1')
GO
INSERT [dbo].[VENTAS] ([IDVENTAS], [IDCLIENTE], [IDMETODO_PAGO], [IDPEDIDO], [IDUSUARIO], [FECHAVENTA], [DOCUMENTO], [MONTOTOTAL], [DESCUENTO], [SUBTOTOTAL], [IGV], [TOTALPAGAR], [ESTADO]) VALUES (68, 68, 2, 68, 1, CAST(N'2023-03-11' AS Date), N'B', CAST(37.00 AS Decimal(6, 2)), NULL, CAST(37.00 AS Decimal(6, 2)), CAST(6.66 AS Decimal(6, 2)), CAST(43.66 AS Decimal(10, 2)), N'1')
GO
INSERT [dbo].[VENTAS] ([IDVENTAS], [IDCLIENTE], [IDMETODO_PAGO], [IDPEDIDO], [IDUSUARIO], [FECHAVENTA], [DOCUMENTO], [MONTOTOTAL], [DESCUENTO], [SUBTOTOTAL], [IGV], [TOTALPAGAR], [ESTADO]) VALUES (69, 69, 4, 69, 3, CAST(N'2023-03-12' AS Date), N'B', CAST(12.00 AS Decimal(6, 2)), NULL, CAST(12.00 AS Decimal(6, 2)), CAST(2.16 AS Decimal(6, 2)), CAST(14.16 AS Decimal(10, 2)), N'1')
GO
INSERT [dbo].[VENTAS] ([IDVENTAS], [IDCLIENTE], [IDMETODO_PAGO], [IDPEDIDO], [IDUSUARIO], [FECHAVENTA], [DOCUMENTO], [MONTOTOTAL], [DESCUENTO], [SUBTOTOTAL], [IGV], [TOTALPAGAR], [ESTADO]) VALUES (70, 70, 5, 70, 3, CAST(N'2023-03-13' AS Date), N'B', CAST(20.00 AS Decimal(6, 2)), NULL, CAST(20.00 AS Decimal(6, 2)), CAST(3.60 AS Decimal(6, 2)), CAST(23.60 AS Decimal(10, 2)), N'1')
GO
INSERT [dbo].[VENTAS] ([IDVENTAS], [IDCLIENTE], [IDMETODO_PAGO], [IDPEDIDO], [IDUSUARIO], [FECHAVENTA], [DOCUMENTO], [MONTOTOTAL], [DESCUENTO], [SUBTOTOTAL], [IGV], [TOTALPAGAR], [ESTADO]) VALUES (71, 71, 3, 71, 3, CAST(N'2023-03-14' AS Date), N'F', CAST(84.00 AS Decimal(6, 2)), NULL, CAST(84.00 AS Decimal(6, 2)), CAST(15.12 AS Decimal(6, 2)), CAST(99.12 AS Decimal(10, 2)), N'1')
GO
INSERT [dbo].[VENTAS] ([IDVENTAS], [IDCLIENTE], [IDMETODO_PAGO], [IDPEDIDO], [IDUSUARIO], [FECHAVENTA], [DOCUMENTO], [MONTOTOTAL], [DESCUENTO], [SUBTOTOTAL], [IGV], [TOTALPAGAR], [ESTADO]) VALUES (72, 72, 2, 72, 3, CAST(N'2023-03-15' AS Date), N'F', CAST(100.00 AS Decimal(6, 2)), NULL, CAST(100.00 AS Decimal(6, 2)), CAST(18.00 AS Decimal(6, 2)), CAST(118.00 AS Decimal(10, 2)), N'1')
GO
INSERT [dbo].[VENTAS] ([IDVENTAS], [IDCLIENTE], [IDMETODO_PAGO], [IDPEDIDO], [IDUSUARIO], [FECHAVENTA], [DOCUMENTO], [MONTOTOTAL], [DESCUENTO], [SUBTOTOTAL], [IGV], [TOTALPAGAR], [ESTADO]) VALUES (73, 73, 1, 73, 3, CAST(N'2023-03-16' AS Date), N'F', CAST(20.00 AS Decimal(6, 2)), NULL, CAST(20.00 AS Decimal(6, 2)), CAST(3.60 AS Decimal(6, 2)), CAST(23.60 AS Decimal(10, 2)), N'1')
GO
INSERT [dbo].[VENTAS] ([IDVENTAS], [IDCLIENTE], [IDMETODO_PAGO], [IDPEDIDO], [IDUSUARIO], [FECHAVENTA], [DOCUMENTO], [MONTOTOTAL], [DESCUENTO], [SUBTOTOTAL], [IGV], [TOTALPAGAR], [ESTADO]) VALUES (74, 74, 4, 74, 3, CAST(N'2023-03-17' AS Date), N'F', CAST(50.00 AS Decimal(6, 2)), NULL, CAST(50.00 AS Decimal(6, 2)), CAST(9.00 AS Decimal(6, 2)), CAST(59.00 AS Decimal(10, 2)), N'1')
GO
INSERT [dbo].[VENTAS] ([IDVENTAS], [IDCLIENTE], [IDMETODO_PAGO], [IDPEDIDO], [IDUSUARIO], [FECHAVENTA], [DOCUMENTO], [MONTOTOTAL], [DESCUENTO], [SUBTOTOTAL], [IGV], [TOTALPAGAR], [ESTADO]) VALUES (75, 75, 5, 75, 3, CAST(N'2023-03-18' AS Date), N'F', CAST(96.00 AS Decimal(6, 2)), NULL, CAST(96.00 AS Decimal(6, 2)), CAST(17.28 AS Decimal(6, 2)), CAST(113.28 AS Decimal(10, 2)), N'1')
GO
INSERT [dbo].[VENTAS] ([IDVENTAS], [IDCLIENTE], [IDMETODO_PAGO], [IDPEDIDO], [IDUSUARIO], [FECHAVENTA], [DOCUMENTO], [MONTOTOTAL], [DESCUENTO], [SUBTOTOTAL], [IGV], [TOTALPAGAR], [ESTADO]) VALUES (76, 76, 3, 76, 3, CAST(N'2023-03-19' AS Date), N'F', CAST(48.00 AS Decimal(6, 2)), NULL, CAST(48.00 AS Decimal(6, 2)), CAST(8.64 AS Decimal(6, 2)), CAST(56.64 AS Decimal(10, 2)), N'1')
GO
INSERT [dbo].[VENTAS] ([IDVENTAS], [IDCLIENTE], [IDMETODO_PAGO], [IDPEDIDO], [IDUSUARIO], [FECHAVENTA], [DOCUMENTO], [MONTOTOTAL], [DESCUENTO], [SUBTOTOTAL], [IGV], [TOTALPAGAR], [ESTADO]) VALUES (77, 77, 1, 77, 3, CAST(N'2023-03-20' AS Date), N'F', CAST(60.00 AS Decimal(6, 2)), NULL, CAST(60.00 AS Decimal(6, 2)), CAST(10.80 AS Decimal(6, 2)), CAST(70.80 AS Decimal(10, 2)), N'1')
GO
INSERT [dbo].[VENTAS] ([IDVENTAS], [IDCLIENTE], [IDMETODO_PAGO], [IDPEDIDO], [IDUSUARIO], [FECHAVENTA], [DOCUMENTO], [MONTOTOTAL], [DESCUENTO], [SUBTOTOTAL], [IGV], [TOTALPAGAR], [ESTADO]) VALUES (78, 78, 2, 78, 3, CAST(N'2023-03-21' AS Date), N'F', CAST(16.00 AS Decimal(6, 2)), NULL, CAST(16.00 AS Decimal(6, 2)), CAST(2.88 AS Decimal(6, 2)), CAST(18.88 AS Decimal(10, 2)), N'1')
GO
INSERT [dbo].[VENTAS] ([IDVENTAS], [IDCLIENTE], [IDMETODO_PAGO], [IDPEDIDO], [IDUSUARIO], [FECHAVENTA], [DOCUMENTO], [MONTOTOTAL], [DESCUENTO], [SUBTOTOTAL], [IGV], [TOTALPAGAR], [ESTADO]) VALUES (79, 79, 5, 79, 3, CAST(N'2023-03-22' AS Date), N'F', CAST(80.00 AS Decimal(6, 2)), NULL, CAST(80.00 AS Decimal(6, 2)), CAST(14.40 AS Decimal(6, 2)), CAST(94.40 AS Decimal(10, 2)), N'1')
GO
INSERT [dbo].[VENTAS] ([IDVENTAS], [IDCLIENTE], [IDMETODO_PAGO], [IDPEDIDO], [IDUSUARIO], [FECHAVENTA], [DOCUMENTO], [MONTOTOTAL], [DESCUENTO], [SUBTOTOTAL], [IGV], [TOTALPAGAR], [ESTADO]) VALUES (80, 80, 4, 80, 2, CAST(N'2023-03-23' AS Date), N'F', CAST(72.00 AS Decimal(6, 2)), NULL, CAST(72.00 AS Decimal(6, 2)), CAST(12.96 AS Decimal(6, 2)), CAST(84.96 AS Decimal(10, 2)), N'1')
GO
INSERT [dbo].[VENTAS] ([IDVENTAS], [IDCLIENTE], [IDMETODO_PAGO], [IDPEDIDO], [IDUSUARIO], [FECHAVENTA], [DOCUMENTO], [MONTOTOTAL], [DESCUENTO], [SUBTOTOTAL], [IGV], [TOTALPAGAR], [ESTADO]) VALUES (81, 81, 3, 81, 3, CAST(N'2023-03-24' AS Date), N'F', CAST(64.00 AS Decimal(6, 2)), NULL, CAST(64.00 AS Decimal(6, 2)), CAST(11.52 AS Decimal(6, 2)), CAST(75.52 AS Decimal(10, 2)), N'1')
GO
INSERT [dbo].[VENTAS] ([IDVENTAS], [IDCLIENTE], [IDMETODO_PAGO], [IDPEDIDO], [IDUSUARIO], [FECHAVENTA], [DOCUMENTO], [MONTOTOTAL], [DESCUENTO], [SUBTOTOTAL], [IGV], [TOTALPAGAR], [ESTADO]) VALUES (82, 82, 2, 82, 3, CAST(N'2023-03-25' AS Date), N'F', CAST(57.00 AS Decimal(6, 2)), NULL, CAST(57.00 AS Decimal(6, 2)), CAST(10.26 AS Decimal(6, 2)), CAST(67.26 AS Decimal(10, 2)), N'1')
GO
INSERT [dbo].[VENTAS] ([IDVENTAS], [IDCLIENTE], [IDMETODO_PAGO], [IDPEDIDO], [IDUSUARIO], [FECHAVENTA], [DOCUMENTO], [MONTOTOTAL], [DESCUENTO], [SUBTOTOTAL], [IGV], [TOTALPAGAR], [ESTADO]) VALUES (83, 83, 1, 83, 3, CAST(N'2023-03-26' AS Date), N'F', CAST(416.00 AS Decimal(6, 2)), NULL, CAST(416.00 AS Decimal(6, 2)), CAST(74.88 AS Decimal(6, 2)), CAST(490.88 AS Decimal(10, 2)), N'1')
GO
INSERT [dbo].[VENTAS] ([IDVENTAS], [IDCLIENTE], [IDMETODO_PAGO], [IDPEDIDO], [IDUSUARIO], [FECHAVENTA], [DOCUMENTO], [MONTOTOTAL], [DESCUENTO], [SUBTOTOTAL], [IGV], [TOTALPAGAR], [ESTADO]) VALUES (84, 84, 4, 84, 3, CAST(N'2023-03-27' AS Date), N'F', CAST(12.00 AS Decimal(6, 2)), NULL, CAST(12.00 AS Decimal(6, 2)), CAST(2.16 AS Decimal(6, 2)), CAST(14.16 AS Decimal(10, 2)), N'1')
GO
INSERT [dbo].[VENTAS] ([IDVENTAS], [IDCLIENTE], [IDMETODO_PAGO], [IDPEDIDO], [IDUSUARIO], [FECHAVENTA], [DOCUMENTO], [MONTOTOTAL], [DESCUENTO], [SUBTOTOTAL], [IGV], [TOTALPAGAR], [ESTADO]) VALUES (85, 85, 5, 85, 3, CAST(N'2023-03-28' AS Date), N'F', CAST(29.00 AS Decimal(6, 2)), NULL, CAST(29.00 AS Decimal(6, 2)), CAST(5.22 AS Decimal(6, 2)), CAST(34.22 AS Decimal(10, 2)), N'1')
GO
INSERT [dbo].[VENTAS] ([IDVENTAS], [IDCLIENTE], [IDMETODO_PAGO], [IDPEDIDO], [IDUSUARIO], [FECHAVENTA], [DOCUMENTO], [MONTOTOTAL], [DESCUENTO], [SUBTOTOTAL], [IGV], [TOTALPAGAR], [ESTADO]) VALUES (86, 86, 3, 86, 3, CAST(N'2023-03-29' AS Date), N'F', CAST(136.00 AS Decimal(6, 2)), NULL, CAST(136.00 AS Decimal(6, 2)), CAST(24.48 AS Decimal(6, 2)), CAST(160.48 AS Decimal(10, 2)), N'1')
GO
INSERT [dbo].[VENTAS] ([IDVENTAS], [IDCLIENTE], [IDMETODO_PAGO], [IDPEDIDO], [IDUSUARIO], [FECHAVENTA], [DOCUMENTO], [MONTOTOTAL], [DESCUENTO], [SUBTOTOTAL], [IGV], [TOTALPAGAR], [ESTADO]) VALUES (87, 87, 1, 87, 3, CAST(N'2023-03-30' AS Date), N'F', CAST(32.50 AS Decimal(6, 2)), NULL, CAST(32.50 AS Decimal(6, 2)), CAST(5.85 AS Decimal(6, 2)), CAST(38.35 AS Decimal(10, 2)), N'1')
GO
INSERT [dbo].[VENTAS] ([IDVENTAS], [IDCLIENTE], [IDMETODO_PAGO], [IDPEDIDO], [IDUSUARIO], [FECHAVENTA], [DOCUMENTO], [MONTOTOTAL], [DESCUENTO], [SUBTOTOTAL], [IGV], [TOTALPAGAR], [ESTADO]) VALUES (88, 88, 2, 88, 3, CAST(N'2023-03-31' AS Date), N'F', CAST(366.00 AS Decimal(6, 2)), NULL, CAST(366.00 AS Decimal(6, 2)), CAST(65.88 AS Decimal(6, 2)), CAST(431.88 AS Decimal(10, 2)), N'1')
GO
INSERT [dbo].[VENTAS] ([IDVENTAS], [IDCLIENTE], [IDMETODO_PAGO], [IDPEDIDO], [IDUSUARIO], [FECHAVENTA], [DOCUMENTO], [MONTOTOTAL], [DESCUENTO], [SUBTOTOTAL], [IGV], [TOTALPAGAR], [ESTADO]) VALUES (89, 89, 4, 89, 3, CAST(N'2023-04-01' AS Date), N'F', CAST(60.00 AS Decimal(6, 2)), NULL, CAST(60.00 AS Decimal(6, 2)), CAST(10.80 AS Decimal(6, 2)), CAST(70.80 AS Decimal(10, 2)), N'1')
GO
INSERT [dbo].[VENTAS] ([IDVENTAS], [IDCLIENTE], [IDMETODO_PAGO], [IDPEDIDO], [IDUSUARIO], [FECHAVENTA], [DOCUMENTO], [MONTOTOTAL], [DESCUENTO], [SUBTOTOTAL], [IGV], [TOTALPAGAR], [ESTADO]) VALUES (90, 90, 5, 90, 3, CAST(N'2023-04-02' AS Date), N'F', CAST(86.00 AS Decimal(6, 2)), NULL, CAST(86.00 AS Decimal(6, 2)), CAST(15.48 AS Decimal(6, 2)), CAST(101.48 AS Decimal(10, 2)), N'1')
GO
INSERT [dbo].[VENTAS] ([IDVENTAS], [IDCLIENTE], [IDMETODO_PAGO], [IDPEDIDO], [IDUSUARIO], [FECHAVENTA], [DOCUMENTO], [MONTOTOTAL], [DESCUENTO], [SUBTOTOTAL], [IGV], [TOTALPAGAR], [ESTADO]) VALUES (91, 91, 3, 91, 2, CAST(N'2023-04-03' AS Date), N'F', CAST(8.00 AS Decimal(6, 2)), NULL, CAST(8.00 AS Decimal(6, 2)), CAST(1.44 AS Decimal(6, 2)), CAST(9.44 AS Decimal(10, 2)), N'1')
GO
INSERT [dbo].[VENTAS] ([IDVENTAS], [IDCLIENTE], [IDMETODO_PAGO], [IDPEDIDO], [IDUSUARIO], [FECHAVENTA], [DOCUMENTO], [MONTOTOTAL], [DESCUENTO], [SUBTOTOTAL], [IGV], [TOTALPAGAR], [ESTADO]) VALUES (92, 92, 2, 92, 3, CAST(N'2023-04-04' AS Date), N'F', CAST(105.00 AS Decimal(6, 2)), NULL, CAST(105.00 AS Decimal(6, 2)), CAST(18.90 AS Decimal(6, 2)), CAST(123.90 AS Decimal(10, 2)), N'1')
GO
INSERT [dbo].[VENTAS] ([IDVENTAS], [IDCLIENTE], [IDMETODO_PAGO], [IDPEDIDO], [IDUSUARIO], [FECHAVENTA], [DOCUMENTO], [MONTOTOTAL], [DESCUENTO], [SUBTOTOTAL], [IGV], [TOTALPAGAR], [ESTADO]) VALUES (93, 93, 1, 93, 3, CAST(N'2023-04-05' AS Date), N'F', CAST(50.00 AS Decimal(6, 2)), NULL, CAST(50.00 AS Decimal(6, 2)), CAST(9.00 AS Decimal(6, 2)), CAST(59.00 AS Decimal(10, 2)), N'1')
GO
INSERT [dbo].[VENTAS] ([IDVENTAS], [IDCLIENTE], [IDMETODO_PAGO], [IDPEDIDO], [IDUSUARIO], [FECHAVENTA], [DOCUMENTO], [MONTOTOTAL], [DESCUENTO], [SUBTOTOTAL], [IGV], [TOTALPAGAR], [ESTADO]) VALUES (94, 94, 4, 94, 3, CAST(N'2023-04-06' AS Date), N'F', CAST(125.00 AS Decimal(6, 2)), NULL, CAST(125.00 AS Decimal(6, 2)), CAST(22.50 AS Decimal(6, 2)), CAST(147.50 AS Decimal(10, 2)), N'1')
GO
INSERT [dbo].[VENTAS] ([IDVENTAS], [IDCLIENTE], [IDMETODO_PAGO], [IDPEDIDO], [IDUSUARIO], [FECHAVENTA], [DOCUMENTO], [MONTOTOTAL], [DESCUENTO], [SUBTOTOTAL], [IGV], [TOTALPAGAR], [ESTADO]) VALUES (95, 95, 5, 95, 3, CAST(N'2023-04-07' AS Date), N'F', CAST(28.00 AS Decimal(6, 2)), NULL, CAST(28.00 AS Decimal(6, 2)), CAST(5.04 AS Decimal(6, 2)), CAST(33.04 AS Decimal(10, 2)), N'1')
GO
INSERT [dbo].[VENTAS] ([IDVENTAS], [IDCLIENTE], [IDMETODO_PAGO], [IDPEDIDO], [IDUSUARIO], [FECHAVENTA], [DOCUMENTO], [MONTOTOTAL], [DESCUENTO], [SUBTOTOTAL], [IGV], [TOTALPAGAR], [ESTADO]) VALUES (96, 96, 3, 96, 3, CAST(N'2023-04-08' AS Date), N'F', CAST(15.00 AS Decimal(6, 2)), NULL, CAST(15.00 AS Decimal(6, 2)), CAST(2.70 AS Decimal(6, 2)), CAST(17.70 AS Decimal(10, 2)), N'1')
GO
INSERT [dbo].[VENTAS] ([IDVENTAS], [IDCLIENTE], [IDMETODO_PAGO], [IDPEDIDO], [IDUSUARIO], [FECHAVENTA], [DOCUMENTO], [MONTOTOTAL], [DESCUENTO], [SUBTOTOTAL], [IGV], [TOTALPAGAR], [ESTADO]) VALUES (97, 97, 1, 97, 3, CAST(N'2023-04-09' AS Date), N'F', CAST(95.00 AS Decimal(6, 2)), NULL, CAST(95.00 AS Decimal(6, 2)), CAST(17.10 AS Decimal(6, 2)), CAST(112.10 AS Decimal(10, 2)), N'1')
GO
INSERT [dbo].[VENTAS] ([IDVENTAS], [IDCLIENTE], [IDMETODO_PAGO], [IDPEDIDO], [IDUSUARIO], [FECHAVENTA], [DOCUMENTO], [MONTOTOTAL], [DESCUENTO], [SUBTOTOTAL], [IGV], [TOTALPAGAR], [ESTADO]) VALUES (98, 98, 2, 98, 3, CAST(N'2023-04-10' AS Date), N'F', CAST(60.00 AS Decimal(6, 2)), NULL, CAST(60.00 AS Decimal(6, 2)), CAST(10.80 AS Decimal(6, 2)), CAST(70.80 AS Decimal(10, 2)), N'1')
GO
INSERT [dbo].[VENTAS] ([IDVENTAS], [IDCLIENTE], [IDMETODO_PAGO], [IDPEDIDO], [IDUSUARIO], [FECHAVENTA], [DOCUMENTO], [MONTOTOTAL], [DESCUENTO], [SUBTOTOTAL], [IGV], [TOTALPAGAR], [ESTADO]) VALUES (99, 99, 5, 99, 3, CAST(N'2023-04-11' AS Date), N'F', CAST(14.00 AS Decimal(6, 2)), NULL, CAST(14.00 AS Decimal(6, 2)), CAST(2.52 AS Decimal(6, 2)), CAST(16.52 AS Decimal(10, 2)), N'1')
GO
INSERT [dbo].[VENTAS] ([IDVENTAS], [IDCLIENTE], [IDMETODO_PAGO], [IDPEDIDO], [IDUSUARIO], [FECHAVENTA], [DOCUMENTO], [MONTOTOTAL], [DESCUENTO], [SUBTOTOTAL], [IGV], [TOTALPAGAR], [ESTADO]) VALUES (100, 100, 4, 100, 3, CAST(N'2023-04-12' AS Date), N'F', CAST(7.00 AS Decimal(6, 2)), NULL, CAST(7.00 AS Decimal(6, 2)), CAST(1.26 AS Decimal(6, 2)), CAST(8.26 AS Decimal(10, 2)), N'1')
GO
INSERT [dbo].[VENTAS] ([IDVENTAS], [IDCLIENTE], [IDMETODO_PAGO], [IDPEDIDO], [IDUSUARIO], [FECHAVENTA], [DOCUMENTO], [MONTOTOTAL], [DESCUENTO], [SUBTOTOTAL], [IGV], [TOTALPAGAR], [ESTADO]) VALUES (101, 101, 3, 101, 3, CAST(N'2023-04-13' AS Date), N'F', CAST(6.00 AS Decimal(6, 2)), NULL, CAST(6.00 AS Decimal(6, 2)), CAST(1.08 AS Decimal(6, 2)), CAST(7.08 AS Decimal(10, 2)), N'1')
GO
INSERT [dbo].[VENTAS] ([IDVENTAS], [IDCLIENTE], [IDMETODO_PAGO], [IDPEDIDO], [IDUSUARIO], [FECHAVENTA], [DOCUMENTO], [MONTOTOTAL], [DESCUENTO], [SUBTOTOTAL], [IGV], [TOTALPAGAR], [ESTADO]) VALUES (102, 102, 2, 102, 3, CAST(N'2023-04-14' AS Date), N'F', CAST(20.00 AS Decimal(6, 2)), NULL, CAST(20.00 AS Decimal(6, 2)), CAST(3.60 AS Decimal(6, 2)), CAST(23.60 AS Decimal(10, 2)), N'1')
GO
INSERT [dbo].[VENTAS] ([IDVENTAS], [IDCLIENTE], [IDMETODO_PAGO], [IDPEDIDO], [IDUSUARIO], [FECHAVENTA], [DOCUMENTO], [MONTOTOTAL], [DESCUENTO], [SUBTOTOTAL], [IGV], [TOTALPAGAR], [ESTADO]) VALUES (103, 103, 6, 103, 1, CAST(N'2023-04-15' AS Date), N'F', CAST(205.50 AS Decimal(6, 2)), NULL, CAST(205.50 AS Decimal(6, 2)), CAST(36.99 AS Decimal(6, 2)), CAST(242.49 AS Decimal(10, 2)), N'1')
GO
INSERT [dbo].[VENTAS] ([IDVENTAS], [IDCLIENTE], [IDMETODO_PAGO], [IDPEDIDO], [IDUSUARIO], [FECHAVENTA], [DOCUMENTO], [MONTOTOTAL], [DESCUENTO], [SUBTOTOTAL], [IGV], [TOTALPAGAR], [ESTADO]) VALUES (104, 104, 4, 104, 3, CAST(N'2023-04-16' AS Date), N'F', CAST(21.00 AS Decimal(6, 2)), NULL, CAST(21.00 AS Decimal(6, 2)), CAST(3.78 AS Decimal(6, 2)), CAST(24.78 AS Decimal(10, 2)), N'1')
GO
INSERT [dbo].[VENTAS] ([IDVENTAS], [IDCLIENTE], [IDMETODO_PAGO], [IDPEDIDO], [IDUSUARIO], [FECHAVENTA], [DOCUMENTO], [MONTOTOTAL], [DESCUENTO], [SUBTOTOTAL], [IGV], [TOTALPAGAR], [ESTADO]) VALUES (105, 105, 5, 105, 3, CAST(N'2023-04-17' AS Date), N'F', CAST(12.00 AS Decimal(6, 2)), NULL, CAST(12.00 AS Decimal(6, 2)), CAST(2.16 AS Decimal(6, 2)), CAST(14.16 AS Decimal(10, 2)), N'1')
GO
INSERT [dbo].[VENTAS] ([IDVENTAS], [IDCLIENTE], [IDMETODO_PAGO], [IDPEDIDO], [IDUSUARIO], [FECHAVENTA], [DOCUMENTO], [MONTOTOTAL], [DESCUENTO], [SUBTOTOTAL], [IGV], [TOTALPAGAR], [ESTADO]) VALUES (106, 106, 3, 106, 3, CAST(N'2023-04-18' AS Date), N'F', CAST(98.00 AS Decimal(6, 2)), NULL, CAST(98.00 AS Decimal(6, 2)), CAST(17.64 AS Decimal(6, 2)), CAST(115.64 AS Decimal(10, 2)), N'1')
GO
INSERT [dbo].[VENTAS] ([IDVENTAS], [IDCLIENTE], [IDMETODO_PAGO], [IDPEDIDO], [IDUSUARIO], [FECHAVENTA], [DOCUMENTO], [MONTOTOTAL], [DESCUENTO], [SUBTOTOTAL], [IGV], [TOTALPAGAR], [ESTADO]) VALUES (107, 107, 1, 107, 3, CAST(N'2023-04-19' AS Date), N'F', CAST(5.00 AS Decimal(6, 2)), NULL, CAST(5.00 AS Decimal(6, 2)), CAST(0.90 AS Decimal(6, 2)), CAST(5.90 AS Decimal(10, 2)), N'1')
GO
INSERT [dbo].[VENTAS] ([IDVENTAS], [IDCLIENTE], [IDMETODO_PAGO], [IDPEDIDO], [IDUSUARIO], [FECHAVENTA], [DOCUMENTO], [MONTOTOTAL], [DESCUENTO], [SUBTOTOTAL], [IGV], [TOTALPAGAR], [ESTADO]) VALUES (108, 108, 2, 108, 3, CAST(N'2023-04-20' AS Date), N'F', CAST(6.00 AS Decimal(6, 2)), NULL, CAST(6.00 AS Decimal(6, 2)), CAST(1.08 AS Decimal(6, 2)), CAST(7.08 AS Decimal(10, 2)), N'1')
GO
INSERT [dbo].[VENTAS] ([IDVENTAS], [IDCLIENTE], [IDMETODO_PAGO], [IDPEDIDO], [IDUSUARIO], [FECHAVENTA], [DOCUMENTO], [MONTOTOTAL], [DESCUENTO], [SUBTOTOTAL], [IGV], [TOTALPAGAR], [ESTADO]) VALUES (109, 109, 4, 109, 3, CAST(N'2023-04-21' AS Date), N'F', CAST(30.00 AS Decimal(6, 2)), NULL, CAST(30.00 AS Decimal(6, 2)), CAST(5.40 AS Decimal(6, 2)), CAST(35.40 AS Decimal(10, 2)), N'1')
GO
INSERT [dbo].[VENTAS] ([IDVENTAS], [IDCLIENTE], [IDMETODO_PAGO], [IDPEDIDO], [IDUSUARIO], [FECHAVENTA], [DOCUMENTO], [MONTOTOTAL], [DESCUENTO], [SUBTOTOTAL], [IGV], [TOTALPAGAR], [ESTADO]) VALUES (110, 110, 5, 110, 3, CAST(N'2023-04-22' AS Date), N'F', CAST(202.00 AS Decimal(6, 2)), NULL, CAST(202.00 AS Decimal(6, 2)), CAST(36.36 AS Decimal(6, 2)), CAST(238.36 AS Decimal(10, 2)), N'1')
GO
INSERT [dbo].[VENTAS] ([IDVENTAS], [IDCLIENTE], [IDMETODO_PAGO], [IDPEDIDO], [IDUSUARIO], [FECHAVENTA], [DOCUMENTO], [MONTOTOTAL], [DESCUENTO], [SUBTOTOTAL], [IGV], [TOTALPAGAR], [ESTADO]) VALUES (111, 111, 3, 111, 3, CAST(N'2023-04-23' AS Date), N'F', CAST(15.00 AS Decimal(6, 2)), NULL, CAST(15.00 AS Decimal(6, 2)), CAST(2.70 AS Decimal(6, 2)), CAST(17.70 AS Decimal(10, 2)), N'1')
GO
INSERT [dbo].[VENTAS] ([IDVENTAS], [IDCLIENTE], [IDMETODO_PAGO], [IDPEDIDO], [IDUSUARIO], [FECHAVENTA], [DOCUMENTO], [MONTOTOTAL], [DESCUENTO], [SUBTOTOTAL], [IGV], [TOTALPAGAR], [ESTADO]) VALUES (112, 112, 6, 112, 3, CAST(N'2023-04-24' AS Date), N'F', CAST(365.50 AS Decimal(6, 2)), NULL, CAST(365.50 AS Decimal(6, 2)), CAST(65.79 AS Decimal(6, 2)), CAST(431.29 AS Decimal(10, 2)), N'1')
GO
INSERT [dbo].[VENTAS] ([IDVENTAS], [IDCLIENTE], [IDMETODO_PAGO], [IDPEDIDO], [IDUSUARIO], [FECHAVENTA], [DOCUMENTO], [MONTOTOTAL], [DESCUENTO], [SUBTOTOTAL], [IGV], [TOTALPAGAR], [ESTADO]) VALUES (113, 113, 1, 113, 3, CAST(N'2023-04-25' AS Date), N'F', CAST(30.00 AS Decimal(6, 2)), NULL, CAST(30.00 AS Decimal(6, 2)), CAST(5.40 AS Decimal(6, 2)), CAST(35.40 AS Decimal(10, 2)), N'1')
GO
INSERT [dbo].[VENTAS] ([IDVENTAS], [IDCLIENTE], [IDMETODO_PAGO], [IDPEDIDO], [IDUSUARIO], [FECHAVENTA], [DOCUMENTO], [MONTOTOTAL], [DESCUENTO], [SUBTOTOTAL], [IGV], [TOTALPAGAR], [ESTADO]) VALUES (114, 114, 4, 114, 3, CAST(N'2023-04-26' AS Date), N'F', CAST(82.00 AS Decimal(6, 2)), NULL, CAST(82.00 AS Decimal(6, 2)), CAST(14.76 AS Decimal(6, 2)), CAST(96.76 AS Decimal(10, 2)), N'1')
GO
INSERT [dbo].[VENTAS] ([IDVENTAS], [IDCLIENTE], [IDMETODO_PAGO], [IDPEDIDO], [IDUSUARIO], [FECHAVENTA], [DOCUMENTO], [MONTOTOTAL], [DESCUENTO], [SUBTOTOTAL], [IGV], [TOTALPAGAR], [ESTADO]) VALUES (115, 115, 5, 115, 3, CAST(N'2023-04-27' AS Date), N'F', CAST(75.00 AS Decimal(6, 2)), NULL, CAST(75.00 AS Decimal(6, 2)), CAST(13.50 AS Decimal(6, 2)), CAST(88.50 AS Decimal(10, 2)), N'1')
GO
INSERT [dbo].[VENTAS] ([IDVENTAS], [IDCLIENTE], [IDMETODO_PAGO], [IDPEDIDO], [IDUSUARIO], [FECHAVENTA], [DOCUMENTO], [MONTOTOTAL], [DESCUENTO], [SUBTOTOTAL], [IGV], [TOTALPAGAR], [ESTADO]) VALUES (116, 116, 3, 116, 3, CAST(N'2023-04-28' AS Date), N'F', CAST(34.00 AS Decimal(6, 2)), NULL, CAST(34.00 AS Decimal(6, 2)), CAST(6.12 AS Decimal(6, 2)), CAST(40.12 AS Decimal(10, 2)), N'1')
GO
INSERT [dbo].[VENTAS] ([IDVENTAS], [IDCLIENTE], [IDMETODO_PAGO], [IDPEDIDO], [IDUSUARIO], [FECHAVENTA], [DOCUMENTO], [MONTOTOTAL], [DESCUENTO], [SUBTOTOTAL], [IGV], [TOTALPAGAR], [ESTADO]) VALUES (117, 117, 1, 117, 3, CAST(N'2023-04-29' AS Date), N'F', CAST(243.00 AS Decimal(6, 2)), NULL, CAST(243.00 AS Decimal(6, 2)), CAST(43.74 AS Decimal(6, 2)), CAST(286.74 AS Decimal(10, 2)), N'1')
GO
INSERT [dbo].[VENTAS] ([IDVENTAS], [IDCLIENTE], [IDMETODO_PAGO], [IDPEDIDO], [IDUSUARIO], [FECHAVENTA], [DOCUMENTO], [MONTOTOTAL], [DESCUENTO], [SUBTOTOTAL], [IGV], [TOTALPAGAR], [ESTADO]) VALUES (118, 118, 2, 118, 1, CAST(N'2023-04-30' AS Date), N'F', CAST(200.00 AS Decimal(6, 2)), NULL, CAST(200.00 AS Decimal(6, 2)), CAST(36.00 AS Decimal(6, 2)), CAST(236.00 AS Decimal(10, 2)), N'1')
GO
INSERT [dbo].[VENTAS] ([IDVENTAS], [IDCLIENTE], [IDMETODO_PAGO], [IDPEDIDO], [IDUSUARIO], [FECHAVENTA], [DOCUMENTO], [MONTOTOTAL], [DESCUENTO], [SUBTOTOTAL], [IGV], [TOTALPAGAR], [ESTADO]) VALUES (119, 119, 5, 119, 3, CAST(N'2023-05-01' AS Date), N'F', CAST(63.00 AS Decimal(6, 2)), NULL, CAST(63.00 AS Decimal(6, 2)), CAST(11.34 AS Decimal(6, 2)), CAST(74.34 AS Decimal(10, 2)), N'1')
GO
INSERT [dbo].[VENTAS] ([IDVENTAS], [IDCLIENTE], [IDMETODO_PAGO], [IDPEDIDO], [IDUSUARIO], [FECHAVENTA], [DOCUMENTO], [MONTOTOTAL], [DESCUENTO], [SUBTOTOTAL], [IGV], [TOTALPAGAR], [ESTADO]) VALUES (120, 120, 4, 120, 3, CAST(N'2023-05-02' AS Date), N'F', CAST(104.00 AS Decimal(6, 2)), NULL, CAST(104.00 AS Decimal(6, 2)), CAST(18.72 AS Decimal(6, 2)), CAST(122.72 AS Decimal(10, 2)), N'1')
GO
SET IDENTITY_INSERT [dbo].[VENTAS] OFF
GO
ALTER TABLE [dbo].[BOLETA]  WITH CHECK ADD FOREIGN KEY([IDVENTAS])
REFERENCES [dbo].[VENTAS] ([IDVENTAS])
GO
ALTER TABLE [dbo].[CLIENTE]  WITH CHECK ADD FOREIGN KEY([IDEMPRESA])
REFERENCES [dbo].[EMPRESA] ([IDEMPRESA])
GO
ALTER TABLE [dbo].[CLIENTE]  WITH CHECK ADD  CONSTRAINT [FK__CLIENTE__IDPERSO__1DE57479] FOREIGN KEY([IDPERSONA])
REFERENCES [dbo].[PERSONA] ([IDPERSONA])
GO
ALTER TABLE [dbo].[CLIENTE] CHECK CONSTRAINT [FK__CLIENTE__IDPERSO__1DE57479]
GO
ALTER TABLE [dbo].[DETALLE_PEDIDO]  WITH CHECK ADD FOREIGN KEY([IDPEDIDO])
REFERENCES [dbo].[PEDIDOS] ([IDPEDIDO])
GO
ALTER TABLE [dbo].[DETALLE_PEDIDO]  WITH CHECK ADD FOREIGN KEY([IDAREA])
REFERENCES [dbo].[AREA] ([IDAREA])
GO
ALTER TABLE [dbo].[DETALLE_PEDIDO]  WITH CHECK ADD FOREIGN KEY([IDPRODUCTO])
REFERENCES [dbo].[PRODUCTO] ([IDPRODUCTO])
GO
ALTER TABLE [dbo].[DETALLE_PEDIDO]  WITH CHECK ADD FOREIGN KEY([IDUSUARIO])
REFERENCES [dbo].[USUARIO] ([IDUSUARIO])
GO
ALTER TABLE [dbo].[DEUDA_GENERADA]  WITH CHECK ADD FOREIGN KEY([IDVENTAS])
REFERENCES [dbo].[VENTAS] ([IDVENTAS])
GO
ALTER TABLE [dbo].[DISTRITO]  WITH CHECK ADD FOREIGN KEY([IDPROVINCIA])
REFERENCES [dbo].[PROVINCIA] ([IDPROVINCIA])
GO
ALTER TABLE [dbo].[EGRESO]  WITH CHECK ADD FOREIGN KEY([IDVENTAS])
REFERENCES [dbo].[VENTAS] ([IDVENTAS])
GO
ALTER TABLE [dbo].[EMPLEADO]  WITH CHECK ADD  CONSTRAINT [FK__EMPLEADO__ESTADO__300424B4] FOREIGN KEY([IDPERSONA])
REFERENCES [dbo].[PERSONA] ([IDPERSONA])
GO
ALTER TABLE [dbo].[EMPLEADO] CHECK CONSTRAINT [FK__EMPLEADO__ESTADO__300424B4]
GO
ALTER TABLE [dbo].[EMPLEADO]  WITH CHECK ADD FOREIGN KEY([IDCARGO])
REFERENCES [dbo].[CARGO] ([IDCARGO])
GO
ALTER TABLE [dbo].[EMPLEADO]  WITH CHECK ADD FOREIGN KEY([IDCONTRATO])
REFERENCES [dbo].[CONTRATO] ([IDCONTRATO])
GO
ALTER TABLE [dbo].[FACTURA]  WITH CHECK ADD FOREIGN KEY([IDVENTAS])
REFERENCES [dbo].[VENTAS] ([IDVENTAS])
GO
ALTER TABLE [dbo].[INGRESO]  WITH CHECK ADD FOREIGN KEY([IDDEUDA_GENERADA])
REFERENCES [dbo].[DEUDA_GENERADA] ([IDDEUDA_GENERADA])
GO
ALTER TABLE [dbo].[INGRESO]  WITH CHECK ADD FOREIGN KEY([IDBANCO])
REFERENCES [dbo].[BANCO] ([IDBANCO])
GO
ALTER TABLE [dbo].[PEDIDOS]  WITH CHECK ADD FOREIGN KEY([IDMESA])
REFERENCES [dbo].[MESAS] ([IDMESA])
GO
ALTER TABLE [dbo].[PERSONA]  WITH CHECK ADD  CONSTRAINT [FK__PERSONA__ESTADO__1920BF5C] FOREIGN KEY([IDDISTRITO])
REFERENCES [dbo].[DISTRITO] ([IDDISTRITO])
GO
ALTER TABLE [dbo].[PERSONA] CHECK CONSTRAINT [FK__PERSONA__ESTADO__1920BF5C]
GO
ALTER TABLE [dbo].[PRODUCTO]  WITH CHECK ADD FOREIGN KEY([IDCATEGORIA])
REFERENCES [dbo].[CATEGORIA] ([IDCATEGORIA])
GO
ALTER TABLE [dbo].[PROVINCIA]  WITH CHECK ADD FOREIGN KEY([IDDEPARTAMENTO])
REFERENCES [dbo].[DEPARTAMENTO] ([IDDepartamento])
GO
ALTER TABLE [dbo].[PROVINCIA]  WITH CHECK ADD FOREIGN KEY([IDDEPARTAMENTO])
REFERENCES [dbo].[DEPARTAMENTO] ([IDDepartamento])
GO
ALTER TABLE [dbo].[USUARIO]  WITH CHECK ADD FOREIGN KEY([IDEMPLEADO])
REFERENCES [dbo].[EMPLEADO] ([IDEMPLEADO])
GO
ALTER TABLE [dbo].[USUARIO]  WITH CHECK ADD FOREIGN KEY([IDTIPO_USUARIO])
REFERENCES [dbo].[TIPO_USUARIO] ([IDTIPO_USUARIO])
GO
ALTER TABLE [dbo].[VENTAS]  WITH CHECK ADD FOREIGN KEY([IDCLIENTE])
REFERENCES [dbo].[CLIENTE] ([IDCLIENTE])
GO
ALTER TABLE [dbo].[VENTAS]  WITH CHECK ADD FOREIGN KEY([IDMETODO_PAGO])
REFERENCES [dbo].[METODO_PAGO] ([IDMETODO_PAGO])
GO
ALTER TABLE [dbo].[VENTAS]  WITH CHECK ADD FOREIGN KEY([IDPEDIDO])
REFERENCES [dbo].[PEDIDOS] ([IDPEDIDO])
GO
ALTER TABLE [dbo].[VENTAS]  WITH CHECK ADD FOREIGN KEY([IDUSUARIO])
REFERENCES [dbo].[USUARIO] ([IDUSUARIO])
GO
